soil_type,temperature,humidity,rainfall,ph,crop
Black,21.3,63.3,81.5,6.98,Mustard
Loamy,31.3,45.8,71.4,7.44,Cotton
Desert,24.5,56.6,51.6,7.04,Millets
Alluvial,20.9,58.3,54.0,6.49,Wheat
Alluvial,22.5,63.6,86.7,6.58,Tomato
Black,25.7,49.5,67.6,6.52,Chickpea
Red,26.1,55.4,79.7,6.01,Cotton
Black,14.9,49.0,55.9,7.42,Mustard
Laterite,27.2,91.6,203.3,6.48,Rice
Laterite,26.5,90.8,293.7,6.62,Rice
Alluvial,22.9,67.9,107.2,6.73,Onion
Red,29.3,73.0,81.5,6.18,Maize
Black,25.8,78.7,179.9,6.9,Soybean
Alluvial,24.2,51.2,58.3,6.64,Chickpea
Red,27.5,45.2,55.6,6.12,Groundnut
Alluvial,18.6,69.7,59.8,7.41,Onion
Loamy,25.2,39.8,67.1,7.54,Mustard
Alluvial,33.2,70.8,213.3,6.2,Banana
Loamy,24.8,57.8,64.3,7.53,Chickpea
Laterite,24.1,91.6,135.8,6.71,Banana
Red,24.3,85.7,98.3,7.21,Soybean
Black,30.3,60.4,68.5,6.01,Onion
Alluvial,28.9,68.8,74.0,6.88,Groundnut
Laterite,25.9,73.0,265.2,6.29,Banana
Alluvial,31.7,50.8,95.8,6.51,Groundnut
Loamy,25.8,73.1,64.8,6.46,Maize
Loamy,22.5,72.2,62.5,6.63,Maize
Black,25.4,44.7,116.7,6.6,Cotton
Alluvial,22.8,50.9,95.2,7.22,Wheat
Loamy,19.5,51.0,72.5,7.66,Chickpea
Alluvial,21.2,82.3,99.8,5.07,Potato
Clay,30.0,50.7,91.5,7.86,Millets
Red,26.3,78.4,111.2,6.28,Maize
Alluvial,28.4,74.3,239.3,5.9,Rice
Red,28.9,63.5,118.1,6.64,Groundnut
Black,34.5,46.1,63.6,6.75,Cotton
Alluvial,18.8,69.3,72.6,7.5,Wheat
Loamy,22.7,55.4,137.6,6.28,Maize
Loamy,24.1,65.0,64.7,6.23,Wheat
Alluvial,21.6,62.4,57.3,6.4,Maize
Loamy,30.4,44.9,92.7,7.12,Cotton
Sandy,29.1,46.0,98.7,6.5,Groundnut
Loamy,29.9,78.9,86.3,6.9,Soybean
Alluvial,30.3,75.4,122.4,6.79,Tomato
Laterite,26.5,62.7,84.4,6.73,Millets
Laterite,23.6,92.7,189.5,5.55,Rice
Red,24.4,61.7,118.0,6.03,Maize
Black,29.0,65.9,102.9,7.95,Cotton
Loamy,21.1,60.0,79.7,5.28,Potato
Loamy,27.7,70.4,83.9,6.7,Tomato
Alluvial,29.9,60.2,112.3,6.24,Onion
Laterite,28.0,91.5,247.0,6.62,Banana
Alluvial,15.0,56.8,47.4,7.26,Mustard
Alluvial,14.0,60.0,74.8,5.98,Mustard
Clay,28.3,89.9,242.9,6.07,Rice
Loamy,26.5,46.5,118.2,7.98,Cotton
Laterite,24.6,71.0,270.3,6.08,Rice
Alluvial,31.1,77.3,212.1,6.78,Rice
Laterite,27.8,55.6,121.7,6.09,Groundnut
Laterite,33.7,61.6,54.4,6.81,Groundnut
Red,30.7,61.9,159.0,6.34,Maize
Loamy,24.2,41.3,70.5,6.2,Mustard
Sandy,24.8,47.2,96.9,6.7,Groundnut
Alluvial,21.9,65.7,47.4,7.04,Chickpea
Loamy,24.9,89.9,121.3,6.43,Banana
Red,27.5,51.2,109.2,6.52,Cotton
Sandy,17.0,65.6,72.8,5.96,Potato
Sandy,24.3,63.7,78.9,5.33,Potato
Alluvial,24.3,58.8,58.2,5.99,Maize
Loamy,26.9,76.5,129.6,5.98,Banana
Alluvial,23.9,74.8,167.2,6.53,Rice
Laterite,25.4,58.0,60.0,6.61,Mustard
Clay,23.1,66.0,150.6,7.08,Soybean
Laterite,30.7,44.3,33.2,6.98,Millets
Black,29.5,67.6,50.1,6.47,Onion
Loamy,29.8,80.2,125.6,6.61,Tomato
Alluvial,18.2,43.3,71.7,6.64,Mustard
Red,28.6,68.6,70.1,6.25,Tomato
Clay,18.4,53.1,63.7,6.41,Wheat
Loamy,29.3,80.3,210.9,6.32,Banana
Loamy,25.9,68.8,155.3,7.06,Maize
Black,24.3,64.8,67.3,6.92,Chickpea
Sandy,21.1,69.3,78.1,6.45,Onion
Alluvial,24.9,81.5,163.4,7.12,Sugarcane
Laterite,26.5,36.5,79.2,6.76,Millets
Alluvial,18.6,79.9,73.8,5.82,Potato
Black,28.4,51.4,95.0,6.53,Onion
Red,31.9,64.8,114.4,6.06,Groundnut
Alluvial,25.5,50.1,48.6,6.94,Onion
Alluvial,22.1,73.9,74.1,6.22,Tomato
Laterite,24.6,70.5,98.8,7.36,Soybean
Alluvial,25.4,64.1,71.3,6.43,Mustard
Alluvial,31.9,70.6,97.2,5.82,Maize
Loamy,24.2,59.5,45.3,6.02,Mustard
Loamy,31.3,75.1,214.6,7.07,Sugarcane
Alluvial,25.0,77.8,299.3,6.83,Rice
Red,22.1,50.2,83.4,6.56,Onion
Loamy,32.9,69.8,224.3,6.45,Banana
Black,23.6,68.9,104.8,7.27,Soybean
Red,26.7,54.8,82.8,6.81,Tomato
Red,33.6,45.6,79.2,5.97,Groundnut
Alluvial,20.8,45.6,36.7,7.24,Chickpea
Black,22.9,57.1,56.4,7.28,Onion
Loamy,25.4,66.7,60.1,7.18,Onion
Black,20.3,52.7,94.4,7.03,Onion
Loamy,17.7,50.8,98.9,6.66,Wheat
Black,27.1,84.1,140.5,7.04,Sugarcane
Red,23.1,76.8,87.3,6.0,Soybean
Loamy,31.7,77.2,238.7,6.55,Sugarcane
Alluvial,27.7,74.7,216.0,7.2,Banana
Red,29.9,51.7,97.2,7.96,Cotton
Alluvial,15.4,65.7,61.1,6.3,Wheat
Alluvial,18.9,75.0,128.7,6.53,Potato
Red,31.4,45.7,71.4,6.03,Cotton
Red,25.5,58.4,101.8,6.07,Groundnut
Laterite,28.9,77.8,227.0,6.26,Banana
Loamy,24.0,55.8,70.1,7.06,Mustard
Red,27.3,77.7,127.0,6.19,Tomato
Red,16.2,50.0,38.3,7.07,Mustard
Black,24.4,45.3,79.3,6.11,Mustard
Red,29.7,47.5,41.2,6.6,Millets
Loamy,33.7,92.7,132.9,7.04,Banana
Red,24.4,40.7,34.6,7.72,Millets
Alluvial,28.1,67.9,147.9,6.4,Maize
Loamy,21.5,71.0,97.6,6.65,Onion
Black,19.3,52.8,38.7,6.1,Mustard
Alluvial,32.9,84.9,191.6,6.34,Sugarcane
Red,24.6,64.3,99.1,6.27,Soybean
Loamy,23.7,53.3,49.2,6.75,Wheat
Alluvial,19.1,69.6,86.4,6.3,Wheat
Loamy,28.1,61.6,75.6,7.18,Onion
Loamy,22.6,79.1,60.6,6.6,Maize
Black,13.8,43.6,81.7,6.35,Mustard
Black,22.6,51.9,36.3,7.16,Mustard
Alluvial,28.7,62.4,96.7,6.85,Tomato
Black,29.1,68.9,49.2,6.59,Onion
Loamy,28.5,60.2,77.8,6.07,Cotton
Loamy,17.1,77.6,103.7,6.29,Potato
Alluvial,21.4,72.6,46.2,7.45,Onion
Loamy,14.7,50.2,88.1,7.52,Wheat
Black,24.4,79.4,131.0,6.01,Soybean
Alluvial,31.3,73.6,195.6,7.17,Banana
Alluvial,23.1,47.3,85.6,6.73,Chickpea
Alluvial,18.4,64.0,77.7,6.01,Onion
Loamy,29.7,74.4,169.2,7.07,Banana
Sandy,17.8,80.2,113.4,6.06,Potato
Black,31.0,73.9,149.9,6.7,Sugarcane
Loamy,30.1,77.7,107.0,7.2,Maize
Clay,16.9,56.9,37.4,7.25,Mustard
Red,20.0,55.3,85.8,6.08,Onion
Red,35.3,58.0,108.3,7.72,Cotton
Alluvial,26.2,75.4,222.3,6.41,Banana
Loamy,23.9,70.4,86.7,6.69,Wheat
Red,31.6,54.3,106.7,7.47,Cotton
Loamy,22.6,46.2,62.9,5.99,Chickpea
Alluvial,17.5,49.7,70.0,7.8,Chickpea
Black,27.7,47.3,101.7,7.62,Cotton
Black,15.2,65.6,66.9,6.92,Mustard
Alluvial,20.4,66.1,69.8,7.14,Onion
Loamy,26.9,72.3,245.1,6.77,Sugarcane
Alluvial,22.7,62.0,77.9,6.49,Wheat
Sandy,21.1,59.3,124.8,5.79,Potato
Black,21.8,54.0,69.6,6.69,Wheat
Red,32.9,65.6,60.9,5.68,Millets
Loamy,22.5,50.7,42.5,6.18,Mustard
Loamy,21.9,79.3,87.6,5.78,Potato
Loamy,21.7,56.5,92.1,6.68,Onion
Desert,24.2,61.6,102.6,6.49,Tomato
Loamy,23.1,80.1,88.4,5.96,Potato
Loamy,19.6,56.6,67.8,6.11,Wheat
Red,31.3,56.5,114.8,7.94,Cotton
Red,26.0,58.3,75.8,6.48,Groundnut
Alluvial,30.0,72.9,221.6,6.27,Sugarcane
Loamy,28.6,84.6,84.2,6.53,Soybean
Loamy,23.3,58.8,49.9,7.47,Onion
Black,24.6,50.7,62.4,6.28,Chickpea
Loamy,19.2,75.5,133.3,5.43,Potato
Black,31.7,46.2,68.0,6.83,Cotton
Loamy,17.7,51.6,74.1,7.16,Onion
Black,24.2,70.5,96.6,7.22,Wheat
Loamy,26.7,60.8,110.6,5.91,Maize
Black,15.2,67.6,56.7,6.83,Wheat
Sandy,33.4,64.0,63.5,6.76,Millets
Laterite,30.2,89.1,304.4,5.66,Rice
Red,30.0,53.3,101.4,8.02,Cotton
Sandy,23.6,66.6,62.3,6.64,Groundnut
Red,32.1,45.5,65.0,6.2,Millets
Alluvial,20.2,85.4,84.1,5.01,Potato
Alluvial,20.2,69.9,61.5,6.32,Potato
Alluvial,28.8,61.4,93.2,5.89,Maize
Loamy,23.7,78.6,102.4,5.28,Potato
Red,24.2,52.4,34.8,7.32,Millets
Black,25.8,78.1,91.3,6.39,Soybean
Black,20.7,45.9,46.8,7.04,Chickpea
Red,29.7,60.9,83.5,7.55,Cotton
Red,25.6,62.7,112.0,6.68,Cotton
Red,27.1,55.3,124.7,6.35,Tomato
Laterite,30.4,56.0,59.8,6.53,Millets
Loamy,20.5,45.2,60.9,6.08,Chickpea
Alluvial,23.4,82.7,84.8,6.03,Potato
Clay,27.5,77.7,118.5,7.15,Soybean
Black,31.6,70.4,231.8,7.22,Sugarcane
Alluvial,21.6,52.2,83.3,7.34,Chickpea
Sandy,24.9,50.5,70.1,6.31,Groundnut
Red,34.2,52.4,64.0,8.06,Millets
Alluvial,34.0,79.2,117.6,6.81,Banana
Red,28.9,67.1,155.2,6.96,Maize
Loamy,19.2,53.9,58.1,6.59,Onion
Black,19.3,61.5,45.7,6.6,Wheat
Red,22.4,75.8,132.7,6.93,Tomato
Loamy,29.4,61.9,87.0,6.74,Cotton
Laterite,26.8,57.5,72.1,7.0,Groundnut
Alluvial,27.8,62.5,81.8,6.85,Onion
Black,30.1,66.4,86.9,6.83,Onion
Sandy,21.8,77.9,120.1,6.15,Potato
Black,31.5,79.3,139.3,7.48,Sugarcane
Red,26.0,59.9,87.9,7.51,Cotton
Loamy,26.4,59.0,95.8,6.38,Tomato
Sandy,24.3,74.3,92.4,6.43,Potato
Loamy,24.8,70.5,88.0,6.27,Maize
Loamy,23.3,60.6,57.0,6.89,Tomato
Loamy,25.9,51.8,97.4,7.48,Cotton
Black,23.0,64.8,73.7,6.54,Wheat
Loamy,30.1,79.8,154.0,6.34,Banana
Loamy,26.6,78.7,167.5,7.06,Sugarcane
Red,25.3,73.5,154.8,6.95,Maize
Sandy,33.7,35.9,72.1,7.52,Millets
Desert,25.1,47.9,66.2,6.11,Millets
Loamy,32.0,66.6,61.1,5.88,Maize
Loamy,16.5,39.5,79.3,6.99,Chickpea
Laterite,26.7,91.4,183.0,5.63,Rice
Alluvial,27.7,58.8,116.1,6.14,Maize
Red,34.6,63.5,64.6,6.72,Cotton
Alluvial,29.6,75.8,207.9,6.48,Sugarcane
Loamy,26.1,65.5,108.9,7.31,Cotton
Alluvial,24.1,44.3,54.9,7.43,Chickpea
Desert,22.8,78.8,91.4,6.62,Tomato
Black,31.0,89.0,189.6,6.09,Sugarcane
Red,28.7,68.7,83.2,6.72,Tomato
Black,25.4,53.0,59.9,7.0,Chickpea
Loamy,25.5,85.1,120.9,6.17,Soybean
Laterite,24.0,61.7,82.0,7.13,Millets
Loamy,23.4,60.5,110.7,6.8,Tomato
Red,29.3,62.6,77.0,6.65,Soybean
Sandy,34.0,47.2,90.2,6.68,Millets
Loamy,21.4,70.5,51.7,6.1,Wheat
Clay,30.0,75.9,289.3,5.78,Rice
Loamy,14.9,63.1,130.9,6.22,Potato
Sandy,21.2,70.6,116.1,6.78,Tomato
Sandy,15.9,80.8,87.3,5.15,Potato
Loamy,24.4,68.7,119.3,5.81,Potato
Red,34.6,48.3,111.9,5.97,Cotton
Black,17.7,69.2,93.8,6.99,Onion
Red,29.2,61.8,64.1,6.52,Groundnut
Alluvial,26.6,59.2,84.5,6.99,Onion
Loamy,21.6,69.1,51.6,7.18,Onion
Alluvial,33.5,77.5,234.6,7.1,Banana
Laterite,33.9,37.7,46.0,6.03,Millets
Clay,30.2,86.2,226.4,6.71,Rice
Sandy,33.4,60.3,99.2,7.51,Cotton
Loamy,30.8,71.7,170.5,6.33,Sugarcane
Black,16.5,57.3,98.9,6.76,Wheat
Laterite,35.4,76.2,210.1,5.65,Rice
Loamy,27.4,59.6,130.4,6.82,Soybean
Alluvial,35.2,83.5,212.8,5.97,Rice
Loamy,20.3,63.4,85.6,6.98,Wheat
Alluvial,27.2,87.2,242.0,6.72,Sugarcane
Sandy,25.0,48.1,90.1,6.7,Millets
Sandy,16.3,78.4,62.9,5.08,Potato
Loamy,19.8,70.3,53.9,6.43,Wheat
Loamy,24.1,58.2,74.7,6.73,Wheat
Sandy,27.3,55.9,82.7,6.76,Groundnut
Loamy,23.9,75.2,195.6,7.36,Sugarcane
Black,25.2,51.9,77.0,6.87,Chickpea
Loamy,25.4,41.0,63.5,6.39,Mustard
Alluvial,31.6,69.2,103.8,6.8,Maize
Loamy,32.1,59.0,106.6,6.34,Cotton
Alluvial,25.5,58.7,59.1,6.36,Maize
Red,33.2,56.5,69.0,6.92,Groundnut
Alluvial,21.5,72.6,88.4,6.38,Tomato
Loamy,24.2,68.6,155.7,6.56,Maize
Laterite,26.9,59.3,77.3,7.75,Millets
Red,22.2,66.9,99.2,6.7,Tomato
Red,31.4,62.8,97.6,7.44,Cotton
Red,29.8,58.7,64.3,6.31,Tomato
Clay,32.5,81.1,265.5,6.1,Rice
Black,20.6,49.0,46.8,7.46,Mustard
Red,26.8,53.4,75.1,6.12,Groundnut
Loamy,30.2,81.2,254.8,6.58,Banana
Alluvial,32.0,90.3,188.4,6.5,Sugarcane
Desert,32.3,47.8,89.5,7.52,Millets
Alluvial,23.0,71.7,102.4,6.67,Tomato
Red,28.3,50.8,108.2,6.16,Groundnut
Alluvial,27.3,80.1,212.8,5.53,Rice
Black,22.5,55.2,41.3,6.31,Chickpea
Loamy,31.8,72.1,115.1,6.42,Maize
Loamy,23.3,53.2,62.0,6.89,Wheat
Alluvial,21.6,74.7,72.7,6.66,Onion
Red,20.9,74.6,68.9,6.9,Tomato
Loamy,23.2,49.4,76.6,7.25,Onion
Alluvial,26.6,89.8,173.1,6.24,Sugarcane
Sandy,27.4,48.8,74.2,7.29,Millets
Loamy,31.7,77.8,253.5,6.08,Banana
Loamy,24.4,84.6,120.6,6.34,Soybean
Laterite,31.8,65.8,90.6,7.2,Millets
Red,25.4,56.7,111.5,6.99,Groundnut
Laterite,33.2,88.9,144.5,7.03,Banana
Sandy,36.0,34.7,64.0,7.56,Millets
Red,31.7,62.1,83.6,6.81,Maize
Sandy,21.6,74.6,141.8,5.11,Potato
Alluvial,15.2,60.9,89.3,5.31,Potato
Black,16.6,51.2,95.5,7.17,Wheat
Alluvial,22.6,80.5,114.5,6.52,Potato
Sandy,32.1,52.6,112.1,6.08,Groundnut
Loamy,22.3,52.6,39.3,5.96,Mustard
Loamy,19.3,67.8,80.9,7.05,Wheat
Black,17.4,52.7,71.1,7.5,Chickpea
Alluvial,17.6,61.4,99.1,5.1,Potato
Alluvial,16.6,68.4,91.0,6.51,Wheat
Laterite,33.4,50.2,106.6,6.58,Groundnut
Black,18.0,48.4,33.6,7.27,Chickpea
Alluvial,27.1,71.6,252.2,6.23,Sugarcane
Black,30.0,78.0,134.9,7.25,Soybean
Sandy,32.4,76.6,235.6,6.78,Sugarcane
Red,28.5,54.9,85.8,5.9,Maize
Alluvial,25.3,46.8,79.2,6.48,Mustard
Loamy,27.9,71.3,254.1,6.16,Banana
Loamy,32.4,77.1,124.8,7.31,Soybean
Loamy,24.0,83.7,171.0,7.26,Soybean
Alluvial,18.4,73.6,117.6,5.76,Potato
Sandy,31.5,55.9,37.1,7.29,Millets
Laterite,32.1,71.7,151.2,6.68,Banana
Red,31.8,64.7,54.6,6.17,Millets
Alluvial,23.0,67.3,80.2,6.54,Potato
Alluvial,29.0,80.7,160.9,7.12,Maize
Black,21.1,57.8,36.7,6.6,Chickpea
Sandy,29.2,67.9,109.0,6.22,Groundnut
Loamy,24.5,62.7,151.4,6.21,Soybean
Alluvial,27.1,65.1,115.7,6.4,Maize
Loamy,23.9,66.2,146.2,6.75,Maize
Black,36.3,62.1,89.3,7.04,Cotton
Black,23.5,42.2,72.5,6.29,Chickpea
Sandy,28.2,72.3,91.8,6.72,Maize
Laterite,21.0,61.4,29.2,7.17,Mustard
Red,29.6,55.5,121.9,7.44,Cotton
Laterite,14.7,62.3,48.8,5.98,Mustard
Alluvial,27.9,68.1,105.1,6.18,Tomato
Laterite,26.9,75.6,219.3,6.3,Banana
Red,27.3,55.2,64.6,6.79,Maize
Alluvial,21.7,46.7,78.4,7.42,Mustard
Loamy,24.5,57.1,81.2,7.44,Onion
Black,15.1,47.8,34.7,6.16,Mustard
Loamy,17.3,40.0,50.6,6.75,Mustard
Sandy,32.6,51.6,82.5,6.92,Millets
Loamy,29.5,62.1,73.4,6.4,Tomato
Red,35.1,53.4,98.3,6.53,Cotton
Loamy,26.7,73.3,104.7,7.49,Soybean
Loamy,17.1,39.8,43.2,7.74,Chickpea
Alluvial,24.9,72.8,120.2,6.07,Maize
Red,32.2,50.1,100.9,6.72,Groundnut
Black,18.1,68.4,91.5,6.74,Wheat
Red,23.9,72.8,154.3,6.03,Maize
Loamy,25.8,67.6,151.6,7.26,Soybean
Loamy,20.2,49.8,81.0,7.24,Mustard
Loamy,29.2,68.5,125.2,6.74,Tomato
Black,32.8,50.5,106.7,6.55,Cotton
Loamy,27.2,73.4,167.1,6.39,Sugarcane
Loamy,28.9,86.2,125.7,6.6,Banana
Clay,24.0,91.9,160.7,5.52,Rice
Alluvial,24.3,56.2,73.1,6.38,Maize
Red,19.7,75.0,66.2,6.28,Tomato
Loamy,34.0,67.9,81.4,6.46,Cotton
Alluvial,31.5,86.6,258.9,5.96,Banana
Laterite,33.3,86.7,219.9,5.67,Rice
Loamy,22.4,40.3,58.3,6.82,Mustard
Loamy,24.5,83.4,167.7,6.63,Soybean
Alluvial,15.9,50.0,66.4,7.34,Mustard
Alluvial,32.4,76.6,239.5,6.39,Sugarcane
Alluvial,22.1,51.3,96.3,7.11,Wheat
Red,25.8,72.6,132.4,6.53,Soybean
Alluvial,23.0,62.1,110.5,5.86,Potato
Alluvial,21.7,68.0,80.2,6.93,Wheat
Alluvial,16.1,53.8,34.2,6.4,Mustard
Sandy,31.8,57.0,85.9,5.69,Millets
Alluvial,24.9,64.6,121.2,6.08,Maize
Alluvial,24.1,64.5,79.1,6.44,Wheat
Sandy,21.9,62.6,89.1,5.77,Potato
Black,26.6,66.1,109.8,7.8,Cotton
Desert,26.9,51.6,58.5,7.76,Millets
Laterite,25.0,81.1,264.7,6.33,Rice
Loamy,29.8,84.7,156.7,7.12,Sugarcane
Loamy,31.7,73.0,246.3,6.8,Sugarcane
Laterite,24.1,67.1,50.7,6.3,Groundnut
Black,24.8,57.2,53.1,7.48,Mustard
Red,30.8,55.3,64.0,6.76,Groundnut
Black,29.0,71.9,58.5,6.8,Onion
Alluvial,23.9,71.8,125.6,6.83,Tomato
Red,28.9,65.9,65.7,6.58,Tomato
Red,23.5,71.5,87.0,6.49,Soybean
Black,23.4,51.0,81.3,6.22,Chickpea
Alluvial,25.0,76.1,210.2,6.0,Banana
Red,33.1,68.0,94.2,7.99,Cotton
Loamy,24.6,47.8,88.3,7.03,Chickpea
Loamy,16.4,52.0,38.5,6.42,Chickpea
Black,30.0,52.4,74.3,6.21,Onion
Loamy,29.8,69.9,68.0,5.88,Maize
Red,32.4,55.7,145.3,6.71,Maize
Black,21.4,61.0,36.9,6.36,Mustard
Alluvial,20.4,54.2,46.6,7.18,Wheat
Loamy,28.3,71.0,168.3,7.0,Sugarcane
Loamy,32.0,79.5,133.2,5.86,Maize
Black,18.9,69.1,59.9,7.03,Wheat
Red,29.9,45.6,115.0,7.67,Cotton
Loamy,30.4,67.2,78.8,6.54,Tomato
Black,23.0,82.9,152.1,7.06,Soybean
Red,31.7,82.4,99.1,7.07,Soybean
Alluvial,33.0,74.2,293.7,6.06,Rice
Black,19.9,53.7,71.9,7.2,Onion
Loamy,22.6,51.6,82.7,6.87,Chickpea
Loamy,28.7,64.5,62.5,6.22,Tomato
Red,31.1,45.1,78.9,6.96,Millets
Loamy,22.2,46.5,59.6,6.37,Chickpea
Black,23.9,82.6,210.0,6.07,Sugarcane
Laterite,33.6,70.7,74.4,6.1,Groundnut
Desert,34.1,81.3,208.4,7.03,Banana
Alluvial,34.9,71.9,281.8,6.34,Rice
Red,23.2,69.8,125.0,6.28,Tomato
Alluvial,33.0,89.1,166.4,6.53,Rice
Red,26.6,48.2,121.0,6.22,Groundnut
Sandy,28.2,69.2,110.4,6.46,Groundnut
Loamy,27.7,74.2,93.0,6.58,Onion
Loamy,27.6,77.4,90.3,6.48,Maize
Loamy,27.9,87.0,201.0,6.94,Sugarcane
Red,21.7,59.5,160.0,6.21,Soybean
Black,33.8,53.8,69.9,7.96,Cotton
Red,22.3,71.9,111.7,6.53,Maize
Black,32.1,84.6,105.5,6.0,Soybean
Sandy,27.3,52.7,96.0,5.92,Millets
Black,26.0,66.0,111.1,6.21,Soybean
Clay,21.6,76.6,156.8,6.09,Maize
Loamy,27.2,83.7,153.3,7.43,Sugarcane
Clay,28.5,69.2,162.2,6.65,Rice
Black,19.2,45.4,77.7,7.57,Chickpea
Loamy,27.1,57.9,109.3,6.01,Onion
Black,16.8,61.3,60.1,7.63,Chickpea
Black,23.2,85.9,142.7,6.65,Soybean
Loamy,24.2,68.3,118.3,6.83,Soybean
Alluvial,21.4,50.1,44.5,6.84,Wheat
Alluvial,30.4,72.7,200.3,6.55,Banana
Loamy,28.7,76.6,161.3,6.73,Sugarcane
Laterite,28.4,86.8,178.6,6.12,Banana
Red,29.8,49.9,111.3,7.28,Onion
Red,25.1,79.1,72.1,7.24,Maize
Loamy,16.1,62.9,78.9,5.81,Potato
Loamy,19.0,58.8,47.1,7.23,Wheat
Alluvial,30.3,68.2,88.6,6.33,Tomato
Black,23.6,66.7,97.8,6.44,Onion
Black,18.7,57.1,73.8,6.69,Wheat
Red,27.3,63.6,99.1,6.3,Groundnut
Desert,34.6,45.5,42.8,6.39,Millets
Loamy,16.5,63.1,94.1,5.68,Potato
Alluvial,26.4,75.0,236.5,6.03,Rice
Loamy,23.4,80.4,63.4,6.11,Potato
Alluvial,21.3,59.6,113.1,6.37,Tomato
Loamy,21.8,57.0,106.2,6.22,Tomato
Alluvial,18.4,62.1,131.6,5.92,Potato
Loamy,25.1,66.0,123.1,7.05,Soybean
Alluvial,18.9,70.7,71.7,6.71,Wheat
Loamy,31.1,63.5,58.6,8.05,Cotton
Alluvial,33.2,76.7,298.4,5.86,Rice
Sandy,24.1,80.0,75.6,5.13,Potato
Alluvial,25.1,69.7,103.6,7.41,Onion
Red,29.0,55.6,55.0,7.06,Cotton
Loamy,24.0,58.0,70.6,6.81,Tomato
Loamy,32.3,71.6,242.4,7.17,Banana
Sandy,34.7,60.9,36.0,7.27,Millets
Alluvial,28.5,71.9,78.7,6.85,Onion
Alluvial,24.5,73.3,189.7,7.43,Sugarcane
Alluvial,19.2,53.7,91.7,6.27,Wheat
Alluvial,25.3,77.1,221.7,6.96,Sugarcane
Sandy,17.3,75.5,101.6,6.29,Potato
Alluvial,29.3,80.1,124.1,6.63,Tomato
Sandy,21.5,85.2,69.4,5.35,Potato
Red,30.3,68.6,128.2,6.31,Soybean
Alluvial,23.0,49.6,41.2,7.17,Mustard
Sandy,33.0,59.1,77.8,6.05,Groundnut
Alluvial,23.9,79.9,151.9,6.18,Maize
Black,17.9,40.3,35.5,6.12,Chickpea
Alluvial,23.2,55.7,129.7,6.69,Tomato
Black,29.5,75.0,208.4,6.07,Sugarcane
Loamy,21.3,75.3,111.4,6.26,Maize
Alluvial,15.3,40.1,68.4,7.4,Mustard
Black,27.2,64.4,76.6,6.28,Cotton
Alluvial,19.8,65.3,91.5,7.15,Wheat
Black,18.5,69.6,45.8,7.15,Wheat
Alluvial,29.1,88.4,229.7,6.75,Sugarcane
Alluvial,22.1,77.2,76.1,5.77,Potato
Loamy,32.6,82.3,143.8,6.66,Sugarcane
Loamy,28.9,76.0,74.4,7.02,Tomato
Alluvial,20.9,67.9,102.1,6.93,Wheat
Alluvial,25.4,75.4,196.2,7.29,Sugarcane
Black,24.4,61.3,134.5,6.15,Soybean
Loamy,25.8,62.4,38.8,6.42,Chickpea
Alluvial,34.0,82.7,191.3,7.52,Banana
Red,32.5,52.3,53.4,6.27,Cotton
Loamy,28.0,53.1,59.8,7.0,Cotton
Desert,27.8,37.0,92.3,7.95,Millets
Laterite,34.2,86.9,288.3,6.69,Rice
Black,23.7,82.9,254.2,6.42,Sugarcane
Laterite,29.2,51.0,84.0,6.12,Groundnut
Loamy,29.0,81.2,160.0,6.37,Banana
Laterite,23.8,71.5,64.3,6.65,Tomato
Alluvial,23.6,87.8,197.6,6.67,Rice
Alluvial,28.2,70.5,222.9,7.07,Banana
Loamy,26.4,45.2,87.0,7.7,Chickpea
Black,30.0,50.1,122.1,6.19,Cotton
Alluvial,24.0,59.5,56.1,6.7,Mustard
Sandy,28.0,66.0,80.7,6.22,Groundnut
Loamy,23.7,53.6,74.2,7.28,Wheat
Alluvial,19.0,71.2,84.6,6.05,Onion
Black,30.2,85.5,246.8,6.14,Sugarcane
Alluvial,15.6,67.2,58.3,5.68,Potato
Alluvial,34.3,74.6,215.8,7.45,Banana
Loamy,31.3,56.7,60.6,6.83,Maize
Laterite,23.8,51.0,79.0,5.71,Millets
Alluvial,32.3,84.0,263.3,5.98,Banana
Black,22.8,53.0,88.2,6.53,Wheat
Alluvial,18.1,53.0,70.6,6.58,Wheat
Clay,25.8,74.4,250.3,5.86,Rice
Laterite,25.4,73.4,164.4,6.4,Banana
Loamy,25.2,74.8,227.7,6.81,Sugarcane
Alluvial,23.0,61.5,62.1,6.21,Onion
Red,20.3,76.1,71.2,6.32,Tomato
Laterite,28.1,71.8,94.0,6.01,Tomato
Black,24.3,45.1,72.7,6.26,Mustard
Loamy,33.1,56.9,72.6,7.11,Cotton
Alluvial,20.6,58.2,76.8,6.2,Wheat
Black,25.2,52.5,40.3,6.53,Chickpea
Laterite,31.5,86.4,141.2,6.77,Banana
Laterite,26.9,45.8,67.2,6.4,Groundnut
Red,25.5,60.8,97.1,6.51,Groundnut
Alluvial,25.6,67.8,111.0,5.79,Maize
Desert,24.6,65.5,35.8,6.74,Mustard
Loamy,29.5,75.1,199.3,7.15,Banana
Loamy,19.9,61.1,73.0,7.42,Chickpea
Alluvial,25.5,59.7,69.9,6.32,Maize
Black,23.6,51.7,35.6,7.82,Chickpea
Sandy,26.3,65.6,97.7,6.53,Groundnut
Black,15.3,59.5,87.6,6.41,Wheat
Loamy,15.8,65.8,78.9,6.51,Mustard
Red,22.3,74.2,94.3,5.78,Maize
Laterite,23.9,79.5,178.8,6.02,Rice
Alluvial,19.2,62.5,69.4,6.59,Wheat
Red,22.0,63.2,68.1,6.51,Tomato
Alluvial,25.1,84.4,192.2,6.38,Banana
Black,27.5,70.1,79.2,6.0,Cotton
Sandy,24.0,53.5,101.5,6.11,Groundnut
Red,27.3,67.4,143.5,6.77,Maize
Alluvial,17.8,75.3,68.5,5.83,Potato
Red,26.0,64.8,131.8,6.73,Tomato
Loamy,27.1,60.0,58.6,7.15,Maize
Alluvial,34.2,83.7,227.0,6.76,Sugarcane
Red,25.2,47.7,92.4,6.55,Groundnut
Black,21.9,65.7,48.2,7.36,Mustard
Loamy,30.6,74.7,123.8,6.56,Maize
Alluvial,16.6,61.2,90.5,5.8,Potato
Laterite,29.7,88.8,123.6,6.73,Banana
Loamy,20.2,67.5,97.6,6.25,Tomato
Black,23.6,68.3,73.8,6.83,Wheat
Alluvial,15.5,50.1,75.6,6.59,Mustard
Black,26.0,86.9,167.4,7.19,Sugarcane
Alluvial,20.8,52.7,45.7,7.12,Chickpea
Loamy,27.6,61.8,53.8,8.04,Cotton
Alluvial,29.7,69.3,141.9,6.52,Banana
Laterite,28.2,71.0,266.4,6.06,Rice
Laterite,27.8,52.3,60.0,5.85,Millets
Red,32.7,48.2,90.1,6.63,Groundnut
Loamy,32.0,70.4,61.0,6.91,Cotton
Sandy,35.3,50.2,76.4,7.29,Millets
Sandy,30.0,62.9,77.7,6.4,Groundnut
Red,30.9,65.8,115.3,6.75,Cotton
Loamy,28.1,67.6,72.9,6.92,Cotton
Loamy,29.6,70.5,223.7,7.29,Sugarcane
Black,26.9,63.6,119.9,6.38,Cotton
Laterite,22.5,56.6,117.1,7.01,Tomato
Black,18.8,39.8,43.5,6.14,Chickpea
Loamy,27.8,70.4,89.0,7.43,Onion
Clay,23.6,79.5,269.5,5.51,Rice
Black,18.1,46.6,46.0,6.6,Chickpea
Laterite,29.4,84.0,191.7,7.43,Banana
Sandy,18.7,75.2,109.4,5.98,Potato
Black,13.9,44.1,61.3,7.22,Mustard
Red,28.7,59.6,130.2,7.12,Soybean
Red,28.2,55.9,34.0,6.58,Millets
Alluvial,25.0,85.8,176.8,6.01,Banana
Laterite,33.4,71.1,245.7,6.48,Banana
Red,24.3,75.6,253.7,7.12,Banana
Black,22.9,51.9,86.1,6.03,Chickpea
Black,18.5,51.8,61.8,7.19,Onion
Alluvial,21.5,59.1,83.8,6.17,Potato
Alluvial,20.9,65.6,151.4,6.12,Maize
Loamy,16.6,65.5,101.7,7.43,Wheat
Red,31.5,69.6,103.4,6.8,Groundnut
Loamy,17.2,54.1,55.1,6.97,Chickpea
Loamy,23.1,61.5,64.5,6.8,Tomato
Alluvial,23.9,76.4,120.4,6.01,Tomato
Red,28.8,55.7,66.8,7.11,Cotton
Alluvial,20.3,56.1,100.4,6.55,Tomato
Red,29.2,69.9,140.8,7.54,Soybean
Red,28.6,58.3,99.4,7.6,Cotton
Loamy,14.5,54.7,33.6,7.46,Mustard
Loamy,21.0,83.0,143.0,5.67,Potato
Alluvial,26.3,61.0,82.1,6.15,Maize
Loamy,32.0,75.9,116.7,7.49,Banana
Alluvial,22.4,70.3,70.0,5.2,Potato
Loamy,26.8,54.0,73.5,5.9,Maize
Clay,26.8,90.1,251.5,5.62,Rice
Alluvial,28.8,69.6,202.2,6.46,Banana
Loamy,29.8,61.9,142.8,6.24,Maize
Loamy,34.4,89.5,125.0,6.85,Banana
Loamy,23.4,41.9,71.5,6.18,Chickpea
Alluvial,27.5,75.2,195.4,6.42,Sugarcane
Loamy,25.4,49.0,29.1,6.74,Mustard
Red,30.2,78.1,98.4,7.44,Soybean
Black,20.7,55.0,89.6,6.59,Onion
Loamy,17.4,50.7,40.5,7.78,Chickpea
Black,32.4,64.2,56.6,7.57,Cotton
Black,16.1,56.5,101.5,5.98,Wheat
Black,31.3,61.3,64.8,6.02,Cotton
Black,17.0,63.7,58.0,6.77,Wheat
Alluvial,19.1,60.6,100.6,6.5,Onion
Black,28.9,56.3,61.1,5.98,Cotton
Red,30.3,40.1,68.2,6.98,Millets
Black,24.0,76.0,239.9,7.41,Sugarcane
Sandy,30.2,65.0,112.6,6.23,Groundnut
Red,23.1,65.8,111.8,6.86,Tomato
Red,28.0,46.7,91.2,7.39,Millets
Loamy,27.7,88.1,155.0,6.55,Sugarcane
Alluvial,27.4,57.6,100.6,6.19,Onion
Alluvial,24.0,54.1,88.4,6.75,Tomato
Black,26.0,70.4,129.6,6.86,Soybean
Loamy,27.5,89.7,229.7,7.4,Banana
Loamy,25.0,76.6,75.0,6.64,Tomato
Black,22.7,47.6,55.9,6.92,Mustard
Alluvial,26.1,71.5,177.5,6.04,Rice
Black,27.0,63.6,139.5,7.28,Soybean
Loamy,26.4,60.5,68.5,6.66,Groundnut
Loamy,25.8,57.0,112.0,5.91,Maize
Alluvial,33.9,77.2,230.0,5.8,Rice
Alluvial,27.8,83.2,182.4,7.19,Soybean
Alluvial,16.8,50.5,71.5,6.9,Chickpea
Clay,24.9,86.5,215.3,6.22,Rice
Red,28.3,79.1,101.0,5.76,Maize
Black,27.3,64.5,49.0,7.44,Onion
Red,22.0,62.4,130.0,7.14,Soybean
Alluvial,22.7,54.4,92.1,5.98,Maize
Black,17.7,62.8,41.2,7.06,Chickpea
Clay,25.8,75.9,300.2,5.59,Rice
Alluvial,24.3,56.6,78.5,6.75,Chickpea
Black,17.3,50.4,98.7,7.44,Wheat
Sandy,24.2,73.4,90.8,5.78,Potato
Alluvial,26.0,61.4,59.1,6.69,Onion
Red,24.8,82.9,80.0,6.96,Soybean
Loamy,25.5,73.4,154.8,6.82,Maize
Black,18.5,57.8,77.9,6.82,Chickpea
Loamy,24.4,75.0,108.4,6.54,Soybean
Alluvial,23.1,78.8,94.2,5.52,Potato
Loamy,29.0,56.0,77.9,6.02,Onion
Laterite,34.2,85.1,182.5,6.64,Rice
Red,28.4,83.6,114.6,7.32,Soybean
Loamy,26.7,57.9,96.8,6.23,Tomato
Alluvial,17.1,57.5,58.4,7.73,Chickpea
Laterite,27.8,60.9,55.6,5.44,Millets
Black,22.9,64.9,79.0,6.87,Chickpea
Laterite,23.6,81.0,133.6,5.83,Maize
Clay,28.2,76.0,254.6,5.65,Rice
Red,29.2,36.2,47.5,7.7,Millets
Alluvial,33.4,82.3,169.2,7.22,Banana
Black,27.7,60.1,108.4,7.59,Cotton
Loamy,21.8,40.7,80.8,7.12,Chickpea
Loamy,27.5,79.9,166.5,7.45,Soybean
Red,32.2,83.4,79.0,5.98,Soybean
Laterite,32.0,70.8,191.4,6.37,Banana
Loamy,16.4,59.1,76.0,6.45,Chickpea
Loamy,32.5,90.7,147.3,6.11,Sugarcane
Alluvial,23.3,55.1,49.4,7.48,Wheat
Alluvial,24.7,61.4,48.1,6.33,Mustard
Alluvial,17.8,56.9,46.2,6.63,Onion
Clay,34.5,54.4,79.1,7.33,Millets
Black,27.5,52.4,69.9,6.51,Cotton
Black,17.8,64.3,99.6,6.89,Wheat
Black,25.4,62.7,43.8,6.45,Chickpea
Black,23.2,50.6,84.5,7.24,Chickpea
Black,34.2,58.1,96.3,6.7,Cotton
Alluvial,25.0,46.5,29.4,7.31,Mustard
Red,28.3,57.1,95.4,6.53,Groundnut
Red,34.5,65.9,68.2,6.26,Cotton
Alluvial,23.9,75.4,173.9,6.78,Banana
Alluvial,17.9,64.1,34.7,7.41,Chickpea
Red,31.6,59.5,107.6,6.25,Cotton
Sandy,21.4,76.2,57.5,5.96,Potato
Black,24.2,58.2,49.8,7.17,Mustard
Red,23.1,57.2,115.1,6.08,Tomato
Loamy,21.7,73.2,134.6,7.12,Maize
Loamy,16.7,63.9,63.6,6.26,Mustard
Clay,30.6,69.7,299.3,6.13,Rice
Black,19.9,63.3,80.6,7.72,Chickpea
Alluvial,27.5,78.1,255.1,5.87,Rice
Red,25.9,39.0,93.4,7.53,Millets
Laterite,32.8,89.6,184.0,6.38,Rice
Black,24.2,82.1,252.5,6.8,Sugarcane
Alluvial,26.2,68.4,63.7,6.51,Onion
Alluvial,28.8,88.1,195.0,6.04,Sugarcane
Alluvial,16.3,63.1,100.5,6.35,Wheat
Alluvial,24.6,41.4,79.5,6.12,Mustard
Alluvial,21.1,51.5,45.9,7.39,Mustard
Alluvial,21.9,64.3,110.6,6.4,Maize
Laterite,33.3,79.7,180.8,6.23,Rice
Alluvial,25.7,92.4,175.5,6.49,Banana
Laterite,30.3,83.7,170.6,6.35,Banana
Clay,25.5,87.5,282.6,5.81,Rice
Alluvial,19.7,59.0,112.8,6.4,Tomato
Loamy,34.3,67.3,109.9,6.91,Cotton
Loamy,22.2,65.9,152.4,5.81,Maize
Alluvial,22.7,65.0,65.4,6.79,Onion
Alluvial,21.4,65.0,95.2,7.45,Onion
Sandy,31.3,60.9,87.5,6.57,Groundnut
Alluvial,18.4,73.9,73.4,6.62,Onion
Sandy,36.4,59.2,74.3,6.92,Millets
Alluvial,18.7,69.7,91.9,7.36,Onion
Red,27.0,57.5,130.4,7.16,Maize
Loamy,17.5,79.6,92.2,6.07,Potato
Loamy,30.8,59.0,56.1,6.65,Maize
Black,29.7,71.3,147.8,6.72,Sugarcane
Black,25.2,45.6,55.6,7.02,Mustard
Red,25.1,55.6,97.4,7.1,Cotton
Loamy,26.4,56.5,102.4,6.93,Onion
Black,18.7,41.3,78.2,6.48,Mustard
Loamy,21.8,66.0,143.1,6.2,Soybean
Red,28.7,85.1,113.0,6.83,Soybean
Clay,25.5,75.8,178.1,7.01,Soybean
Black,18.2,75.4,80.1,7.12,Onion
Red,34.2,39.6,73.2,7.72,Millets
Loamy,26.4,56.1,66.6,7.8,Cotton
Red,29.4,58.3,62.0,6.7,Groundnut
Alluvial,15.3,67.8,92.4,6.1,Wheat
Alluvial,16.1,71.3,132.7,5.67,Potato
Alluvial,25.7,70.6,217.0,6.13,Sugarcane
Alluvial,27.9,61.9,62.9,6.85,Maize
Laterite,27.8,47.8,47.1,5.91,Millets
Black,19.7,48.6,30.8,7.2,Mustard
Alluvial,21.7,65.5,65.5,7.18,Chickpea
Black,24.1,49.2,42.6,6.92,Mustard
Black,22.5,65.0,35.9,6.19,Mustard
Sandy,26.7,51.7,67.8,6.78,Groundnut
Loamy,20.2,60.0,77.3,6.55,Wheat
Alluvial,26.1,64.9,104.5,6.71,Onion
Black,30.8,83.3,118.1,6.46,Soybean
Alluvial,23.6,67.3,74.8,5.84,Maize
Alluvial,15.9,61.1,84.7,6.07,Wheat
Clay,28.3,85.2,261.6,6.24,Rice
Loamy,16.6,63.9,53.6,7.03,Wheat
Red,34.1,48.6,37.3,5.7,Millets
Loamy,23.8,75.1,191.2,6.9,Sugarcane
Red,34.0,48.7,49.2,5.98,Groundnut
Black,24.7,59.6,57.0,6.22,Chickpea
Laterite,32.6,47.4,38.4,7.68,Millets
Red,31.5,55.0,64.4,5.97,Cotton
Loamy,31.0,59.7,65.8,7.06,Maize
Black,30.2,84.2,121.1,7.1,Soybean
Black,18.4,56.5,62.3,6.1,Wheat
Black,19.9,62.3,48.8,6.39,Wheat
Black,24.0,64.1,84.0,7.68,Chickpea
Desert,34.5,56.5,51.8,6.12,Millets
Laterite,32.8,52.9,103.5,6.56,Groundnut
Loamy,22.9,70.4,130.0,6.07,Tomato
Black,24.7,50.8,89.6,6.33,Chickpea
Clay,30.7,92.5,202.6,6.58,Rice
Sandy,16.9,71.2,73.7,5.24,Potato
Loamy,27.5,59.6,136.7,6.04,Soybean
Loamy,28.3,70.9,45.9,6.68,Onion
Black,24.9,52.9,98.5,6.74,Onion
Alluvial,15.7,56.5,91.3,6.56,Wheat
Sandy,26.1,60.6,97.0,6.32,Groundnut
Laterite,34.8,37.8,78.3,6.53,Millets
Laterite,34.9,65.3,88.2,6.72,Millets
Black,29.3,53.0,113.5,6.97,Cotton
Desert,24.7,56.5,45.2,6.18,Millets
Black,32.2,77.7,81.6,6.1,Soybean
Sandy,35.6,35.2,93.4,5.62,Millets
Loamy,26.1,79.9,113.3,6.65,Tomato
Alluvial,30.3,65.9,137.4,5.96,Maize
Loamy,21.0,59.5,80.3,7.29,Mustard
Black,19.1,58.3,49.9,6.11,Wheat
Red,31.2,66.1,43.7,7.96,Millets
Black,19.0,73.6,108.1,6.44,Onion
Alluvial,31.0,74.7,221.3,6.3,Sugarcane
Laterite,35.2,47.2,80.4,7.81,Millets
Black,23.5,66.2,64.5,6.24,Onion
Black,30.8,85.7,204.9,7.53,Sugarcane
Sandy,18.3,71.9,118.5,5.1,Potato
Black,20.0,59.5,80.3,7.37,Mustard
Alluvial,26.5,64.2,100.0,7.31,Onion
Red,35.1,38.4,44.8,7.19,Millets
Black,26.8,48.2,59.1,7.3,Cotton
Alluvial,31.7,78.9,225.2,6.45,Banana
Loamy,23.6,80.2,171.8,6.24,Sugarcane
Alluvial,27.8,67.8,60.8,6.12,Groundnut
Alluvial,32.8,92.2,225.1,5.66,Rice
Loamy,25.8,59.2,78.5,6.92,Chickpea
Loamy,18.3,67.6,128.9,6.0,Potato
Sandy,30.1,67.4,69.5,7.5,Cotton
Laterite,32.9,76.6,135.1,7.23,Banana
Black,22.5,58.4,77.8,7.47,Onion
Alluvial,25.3,47.1,68.3,6.49,Chickpea
Black,31.5,67.8,152.1,7.06,Soybean
Laterite,24.2,77.2,189.3,6.44,Banana
Alluvial,24.2,61.9,107.2,6.38,Onion
Laterite,25.7,90.7,151.2,5.78,Rice
Loamy,27.0,71.9,201.8,7.13,Banana
Loamy,17.8,61.0,76.1,6.76,Wheat
Alluvial,24.1,76.7,95.8,6.62,Tomato
Sandy,30.0,48.2,119.6,6.24,Groundnut
Loamy,22.1,79.1,110.6,6.97,Maize
Alluvial,30.7,86.8,208.0,6.85,Banana
Clay,34.0,78.0,160.4,6.58,Rice
Sandy,34.3,80.0,175.1,6.08,Banana
Black,19.7,58.5,78.3,7.38,Wheat
Sandy,32.4,37.3,39.9,6.49,Millets
Alluvial,20.3,68.5,124.6,5.23,Potato
Red,21.0,57.2,92.5,6.34,Tomato
Loamy,29.1,63.6,148.0,6.12,Maize
Alluvial,26.3,72.3,253.8,5.63,Rice
Loamy,23.0,64.3,103.7,6.32,Onion
Red,28.7,75.4,146.2,7.23,Soybean
Alluvial,33.3,81.6,207.9,7.04,Sugarcane
Laterite,30.5,85.4,146.0,6.09,Rice
Alluvial,19.7,65.0,72.0,6.72,Tomato
Clay,26.7,83.6,177.3,6.69,Rice
Clay,30.6,56.7,104.8,6.74,Cotton
Red,22.6,65.5,108.6,6.03,Maize
Alluvial,25.6,62.2,128.3,6.6,Tomato
Clay,16.5,53.3,66.6,6.52,Mustard
Alluvial,27.3,60.1,81.7,7.46,Onion
Loamy,25.7,60.5,89.3,6.91,Cotton
Sandy,32.6,57.4,62.8,6.59,Groundnut
Red,26.0,67.4,103.7,6.4,Groundnut
Black,25.0,75.6,145.9,6.64,Sugarcane
Alluvial,18.8,45.7,58.3,7.47,Chickpea
Alluvial,21.4,67.8,50.1,7.43,Wheat
Alluvial,21.0,74.4,140.3,5.71,Potato
Black,30.2,73.5,242.0,6.26,Sugarcane
Black,14.3,47.5,69.1,7.06,Mustard
Black,14.9,39.6,28.8,6.21,Mustard
Loamy,29.0,71.1,214.7,7.33,Sugarcane
Loamy,32.3,83.9,154.2,7.35,Banana
Alluvial,13.6,63.7,66.8,6.85,Mustard
Alluvial,20.5,65.9,80.0,5.49,Potato
Alluvial,28.6,87.4,231.0,6.16,Sugarcane
Loamy,33.0,81.8,171.0,6.07,Sugarcane
Red,29.8,69.8,103.4,5.98,Tomato
Laterite,24.1,64.6,175.8,6.92,Soybean
Laterite,32.7,85.7,279.8,5.52,Rice
Black,32.6,51.6,82.0,7.78,Millets
Red,28.9,54.5,70.6,7.51,Millets
Alluvial,29.4,73.4,223.8,6.22,Banana
Desert,25.8,65.4,94.5,6.02,Millets
Black,36.1,54.8,63.8,6.06,Cotton
Alluvial,23.6,69.6,150.8,6.14,Banana
Alluvial,25.1,84.1,239.9,5.99,Banana
Loamy,24.4,40.4,72.7,6.25,Chickpea
Alluvial,29.7,54.8,73.4,6.13,Onion
Black,17.1,43.0,46.5,7.38,Chickpea
Alluvial,18.5,50.6,47.6,6.74,Mustard
Clay,30.3,75.5,170.0,6.53,Rice
Loamy,33.7,82.6,223.2,6.14,Banana
Loamy,15.9,62.7,72.1,6.12,Mustard
Black,21.1,47.0,31.1,6.22,Mustard
Alluvial,21.6,80.3,78.0,6.68,Maize
Black,31.8,80.4,213.2,6.53,Sugarcane
Alluvial,31.5,59.6,116.5,6.55,Maize
Loamy,21.3,52.3,56.5,7.47,Mustard
Red,23.5,69.4,181.1,6.88,Soybean
Alluvial,28.9,58.4,119.3,5.93,Maize
Loamy,28.3,71.8,232.5,6.03,Banana
Black,28.6,45.8,74.7,6.46,Cotton
Red,27.6,64.1,101.8,6.55,Groundnut
Alluvial,26.3,56.6,132.2,7.0,Tomato
Alluvial,26.7,75.6,80.0,6.52,Tomato
Alluvial,25.1,77.7,198.4,6.81,Banana
Loamy,23.8,50.5,100.4,6.14,Onion
Loamy,23.5,54.5,99.6,6.55,Maize
Alluvial,19.0,63.0,44.1,6.37,Chickpea
Black,15.1,59.5,95.4,7.01,Wheat
Desert,34.8,54.9,93.4,7.1,Millets
Alluvial,33.5,70.6,119.1,6.21,Banana
Desert,24.8,52.9,82.5,6.91,Millets
Alluvial,20.7,53.6,90.4,6.94,Wheat
Loamy,24.9,73.7,88.0,6.24,Onion
Laterite,26.7,38.8,34.9,7.2,Millets
Loamy,24.0,78.0,138.3,6.79,Maize
Black,19.5,49.9,83.4,7.47,Wheat
Loamy,24.3,70.6,74.1,6.97,Wheat
Clay,26.7,77.0,228.3,6.07,Rice
Alluvial,20.9,78.0,70.4,5.54,Potato
Sandy,22.4,75.0,72.0,7.11,Maize
Loamy,23.3,57.2,77.2,6.06,Chickpea
Sandy,26.1,57.3,37.1,6.8,Millets
Loamy,23.2,65.8,79.0,6.37,Chickpea
Clay,33.8,85.7,159.3,6.81,Rice
Alluvial,27.4,77.5,193.7,7.2,Sugarcane
Black,36.3,70.5,76.1,6.96,Cotton
Black,17.5,50.5,64.7,6.36,Wheat
Alluvial,31.8,89.6,165.4,6.31,Rice
Clay,24.1,71.7,253.4,6.44,Rice
Red,29.3,72.5,95.1,6.61,Soybean
Alluvial,27.1,72.9,126.0,6.33,Maize
Alluvial,25.8,56.8,84.4,7.33,Onion
Sandy,19.6,73.4,119.2,5.87,Potato
Alluvial,29.1,70.5,133.6,6.55,Banana
Black,34.5,49.5,82.5,6.7,Cotton
Loamy,26.3,75.6,154.1,6.84,Maize
Loamy,29.9,54.5,57.1,6.44,Onion
Loamy,31.8,61.0,96.1,6.62,Cotton
Loamy,26.9,76.8,63.6,5.8,Maize
Loamy,27.6,85.3,150.3,6.48,Sugarcane
Alluvial,29.6,58.9,78.1,6.32,Onion
Laterite,33.8,60.0,70.3,8.06,Millets
Laterite,34.7,60.1,66.8,7.67,Millets
Alluvial,21.0,77.4,95.4,5.76,Maize
Sandy,34.7,45.6,65.2,5.48,Millets
Alluvial,22.4,62.2,152.0,6.57,Maize
Desert,19.1,77.3,135.8,5.96,Potato
Sandy,31.5,50.1,112.9,6.7,Groundnut
Alluvial,30.2,92.9,202.8,6.79,Banana
Black,26.2,56.8,101.4,6.71,Onion
Alluvial,30.9,75.9,135.8,6.09,Banana
Black,36.0,65.3,82.2,6.64,Cotton
Red,31.7,83.7,162.1,6.14,Soybean
Sandy,21.5,63.3,125.4,5.84,Potato
Black,17.6,43.2,37.3,7.51,Chickpea
Clay,25.0,90.4,160.3,5.83,Rice
Alluvial,18.8,84.3,77.4,6.42,Potato
Black,32.6,47.7,68.7,7.45,Cotton
Black,20.2,58.9,111.9,7.41,Onion
Desert,27.5,52.6,35.7,6.36,Millets
Sandy,31.6,69.5,76.0,6.11,Groundnut
Black,25.4,68.0,108.6,7.81,Cotton
Clay,30.7,80.7,186.1,6.04,Rice
Laterite,26.9,68.5,78.3,6.89,Groundnut
Red,29.3,77.4,137.9,7.23,Maize
Red,30.8,57.3,93.5,7.69,Millets
Loamy,30.4,82.1,136.0,6.53,Banana
Loamy,23.3,60.3,146.6,6.98,Soybean
Loamy,33.4,77.2,205.7,6.12,Banana
Loamy,32.1,51.8,60.8,6.27,Cotton
Loamy,29.9,70.0,98.0,7.51,Onion
Black,28.7,76.8,167.1,6.99,Soybean
Red,30.8,62.1,175.9,7.39,Soybean
Sandy,23.2,75.5,100.0,6.43,Potato
Loamy,31.9,73.5,155.0,7.24,Soybean
Red,32.0,66.3,63.0,6.54,Groundnut
Loamy,27.3,72.4,255.2,6.96,Banana
Loamy,27.6,44.1,120.3,7.77,Cotton
Loamy,27.4,73.8,157.7,7.52,Soybean
Alluvial,19.1,53.6,72.9,6.41,Onion
Loamy,17.6,63.9,64.9,6.0,Potato
Desert,24.2,72.8,70.4,6.82,Tomato
Loamy,30.2,56.0,64.1,6.85,Tomato
Alluvial,19.3,65.5,31.9,6.39,Mustard
Alluvial,24.3,89.0,169.2,6.2,Rice
Black,20.2,70.7,47.7,6.74,Onion
Laterite,23.6,87.8,251.7,6.43,Rice
Loamy,30.1,71.6,125.2,7.0,Tomato
Laterite,31.1,45.4,101.9,6.45,Groundnut
Laterite,24.0,45.2,61.7,6.61,Groundnut
Desert,31.4,43.8,48.6,6.59,Millets
Black,18.5,65.3,64.9,6.26,Wheat
Red,30.8,60.2,70.0,7.24,Cotton
Clay,24.7,89.2,290.2,6.81,Rice
Black,23.2,69.9,56.4,7.44,Wheat
Loamy,15.4,58.9,67.1,6.09,Wheat
Alluvial,29.9,88.8,178.8,7.13,Banana
Desert,34.5,63.6,34.0,5.69,Millets
Red,30.7,64.9,48.2,7.55,Millets
Loamy,33.6,83.1,141.0,6.84,Banana
Alluvial,23.0,72.5,115.3,7.16,Maize
Black,30.5,88.6,148.6,6.95,Sugarcane
Loamy,19.2,68.6,71.0,6.05,Wheat
Red,21.3,78.8,124.3,6.91,Tomato
Alluvial,22.9,57.8,44.9,6.21,Wheat
Loamy,21.3,50.2,59.8,6.18,Wheat
Laterite,28.8,60.2,57.5,6.4,Groundnut
Loamy,20.7,39.0,87.5,6.14,Chickpea
Loamy,31.3,89.7,203.2,6.42,Sugarcane
Alluvial,23.2,62.7,119.8,6.68,Maize
Loamy,22.2,43.3,71.0,6.88,Mustard
Black,25.5,59.9,44.6,6.31,Onion
Alluvial,25.9,86.3,239.7,6.5,Banana
Laterite,24.8,68.1,62.7,6.54,Groundnut
Red,25.2,51.9,49.7,6.1,Millets
Loamy,15.3,53.4,76.6,7.41,Wheat
Alluvial,23.0,79.3,100.5,6.54,Tomato
Loamy,27.6,65.4,63.6,6.38,Tomato
Laterite,26.0,50.0,92.6,6.46,Groundnut
Red,27.6,75.3,117.4,6.36,Tomato
Alluvial,26.8,72.4,189.9,6.39,Rice
Black,28.3,67.1,92.8,6.99,Cotton
Alluvial,24.7,48.4,36.4,7.22,Chickpea
Loamy,26.7,50.6,105.3,6.61,Onion
Black,17.8,55.8,29.9,6.03,Mustard
Alluvial,15.1,69.6,58.6,6.76,Wheat
Loamy,31.2,83.7,107.7,6.15,Soybean
Sandy,26.2,47.3,96.1,6.34,Groundnut
Sandy,27.9,66.5,100.0,5.99,Groundnut
Alluvial,21.2,66.8,56.8,6.39,Wheat
Laterite,31.9,69.3,209.4,6.99,Banana
Loamy,22.2,72.9,161.2,5.8,Maize
Loamy,18.9,65.8,90.7,6.45,Wheat
Alluvial,28.2,80.8,189.8,7.49,Banana
Black,26.9,52.9,107.2,6.41,Onion
Sandy,25.3,58.5,97.2,6.24,Cotton
Red,22.5,84.7,172.4,7.0,Soybean
Alluvial,30.3,89.1,252.8,6.99,Sugarcane
Loamy,23.4,69.8,174.8,6.51,Soybean
Loamy,30.1,67.4,104.0,8.0,Cotton
Red,30.6,72.4,148.7,6.55,Soybean
Clay,26.0,87.0,163.3,5.58,Rice
Loamy,28.2,86.3,205.1,5.97,Sugarcane
Sandy,23.7,45.9,92.2,6.74,Groundnut
Alluvial,22.4,50.5,68.3,7.07,Wheat
Red,27.2,69.9,120.7,6.56,Tomato
Loamy,28.9,70.8,216.1,7.21,Sugarcane
Laterite,27.6,70.3,199.5,6.56,Rice
Alluvial,29.8,65.2,85.5,5.78,Maize
Loamy,26.6,74.4,128.9,6.34,Tomato
Black,16.3,58.9,66.7,7.18,Wheat
Red,32.4,65.1,56.2,7.17,Maize
Red,36.2,64.2,70.5,7.24,Millets
Alluvial,29.1,64.7,71.7,6.54,Tomato
Desert,30.0,41.8,63.4,7.52,Millets
Alluvial,28.9,81.7,160.9,7.13,Banana
Loamy,31.8,86.1,260.6,7.0,Banana
Red,30.0,60.2,123.3,6.12,Tomato
Black,31.6,44.7,54.9,7.48,Cotton
Black,31.6,68.6,100.0,6.61,Cotton
Laterite,30.6,71.4,243.8,5.7,Rice
Clay,20.9,73.8,139.5,5.86,Maize
Red,22.0,65.1,104.2,5.98,Soybean
Loamy,17.0,67.4,62.4,7.05,Wheat
Alluvial,28.0,73.3,225.4,6.47,Sugarcane
Alluvial,24.4,81.9,231.8,6.6,Sugarcane
Sandy,32.1,68.6,113.8,6.84,Groundnut
Red,29.3,55.2,94.9,7.55,Cotton
Sandy,23.6,61.1,67.2,6.98,Mustard
Loamy,29.0,75.5,98.2,6.54,Maize
Black,28.9,74.0,98.7,6.39,Onion
Black,28.4,68.5,73.4,6.52,Cotton
Alluvial,19.8,65.9,82.5,6.95,Onion
Black,25.9,78.9,123.6,6.1,Soybean
Red,21.4,59.0,76.6,6.66,Maize
Laterite,26.0,38.7,85.7,6.72,Millets
Loamy,21.5,62.5,68.7,6.92,Chickpea
Alluvial,30.8,70.3,96.8,6.93,Maize
Loamy,30.5,80.9,142.5,7.37,Soybean
Red,30.0,78.0,97.6,7.24,Maize
Loamy,28.6,85.4,135.5,6.44,Soybean
Red,32.7,64.1,54.1,7.5,Millets
Sandy,17.3,76.0,74.2,5.83,Potato
Clay,29.2,74.7,108.9,6.3,Tomato
Alluvial,25.3,65.3,35.9,7.46,Chickpea
Loamy,21.7,60.8,76.0,4.98,Potato
Laterite,34.1,74.6,252.2,6.63,Banana
Sandy,21.7,84.6,76.0,6.47,Potato
Black,24.7,50.7,35.2,5.97,Mustard
Black,26.5,83.2,141.9,6.5,Sugarcane
Alluvial,26.9,62.8,105.6,6.25,Onion
Laterite,27.2,82.9,172.6,6.64,Rice
Loamy,23.2,65.5,70.7,5.93,Potato
Black,24.4,69.4,150.2,6.2,Sugarcane
Loamy,25.6,43.6,80.4,7.15,Chickpea
Loamy,24.8,43.7,42.9,6.04,Mustard
Loamy,33.0,71.6,159.0,6.8,Sugarcane
Loamy,21.7,61.1,91.8,5.92,Potato
Loamy,34.5,67.5,63.0,6.19,Cotton
Sandy,30.2,69.9,110.1,6.83,Groundnut
Loamy,23.6,69.8,43.5,7.17,Wheat
Alluvial,28.0,77.9,220.2,6.95,Sugarcane
Laterite,27.1,85.9,216.5,6.49,Banana
Sandy,34.3,66.0,84.0,6.69,Groundnut
Laterite,29.3,43.1,87.1,6.95,Millets
Alluvial,24.3,40.5,62.4,7.1,Mustard
Red,21.8,78.6,98.4,6.46,Tomato
Alluvial,21.2,63.9,33.3,6.05,Chickpea
Laterite,27.7,70.8,60.5,6.05,Groundnut
Loamy,34.0,56.6,114.3,7.29,Cotton
Sandy,29.3,76.9,230.7,6.63,Rice
Loamy,23.4,57.2,62.4,5.97,Tomato
Laterite,32.1,66.4,57.6,6.22,Groundnut
Alluvial,29.7,53.2,97.0,6.6,Onion
Red,33.0,64.7,59.1,7.75,Cotton
Desert,24.8,56.6,78.2,6.02,Millets
Alluvial,19.5,59.4,87.6,7.8,Chickpea
Red,32.0,83.4,124.0,6.59,Soybean
Alluvial,24.3,81.8,113.8,6.16,Potato
Loamy,34.3,49.3,107.6,7.43,Cotton
Black,28.5,73.6,52.7,6.24,Onion
Black,31.3,73.8,106.8,7.35,Soybean
Alluvial,17.2,52.0,39.8,6.72,Mustard
Loamy,24.0,62.0,128.8,6.1,Tomato
Black,31.8,48.8,102.4,6.54,Cotton
Black,23.6,69.5,304.9,6.27,Rice
Loamy,32.3,79.6,187.9,6.31,Banana
Alluvial,24.2,45.5,77.2,6.17,Mustard
Sandy,30.7,64.4,75.7,6.17,Millets
Alluvial,27.5,69.8,68.3,6.03,Tomato
Red,23.4,75.8,109.0,6.3,Soybean
Black,15.7,62.3,99.8,6.59,Wheat
Alluvial,28.8,63.2,60.3,6.41,Tomato
Alluvial,26.1,43.0,66.0,6.3,Chickpea
Red,34.1,34.2,87.1,6.95,Millets
Laterite,30.0,85.8,298.4,6.3,Rice
Black,29.5,90.4,217.1,6.12,Sugarcane
Loamy,26.7,64.2,145.1,6.08,Soybean
Sandy,26.2,59.4,48.2,6.46,Groundnut
Loamy,27.4,78.9,180.2,7.3,Soybean
Alluvial,23.2,74.5,55.3,6.18,Tomato
Loamy,24.4,65.9,64.7,6.1,Tomato
Loamy,24.6,72.3,137.7,6.24,Maize
Red,29.2,65.8,135.8,6.46,Soybean
Black,15.3,64.3,64.9,6.04,Mustard
Alluvial,21.9,76.0,135.2,5.78,Potato
Black,32.4,83.1,144.8,6.18,Sugarcane
Black,13.6,50.8,59.5,6.79,Mustard
Alluvial,26.1,71.0,109.8,6.56,Tomato
Alluvial,26.3,89.9,185.1,6.3,Rice
Loamy,30.1,64.8,105.9,6.98,Onion
Red,25.7,76.7,139.1,6.07,Soybean
Alluvial,24.0,55.8,48.0,6.51,Millets
Laterite,33.7,47.7,56.1,6.04,Groundnut
Sandy,31.3,49.5,50.0,6.29,Groundnut
Alluvial,19.9,60.3,78.0,5.99,Mustard
Loamy,19.4,66.6,96.0,6.07,Wheat
Black,27.3,60.1,99.1,7.17,Soybean
Loamy,31.9,77.5,122.2,6.27,Soybean
Black,29.3,65.6,118.2,7.97,Cotton
Red,22.2,62.3,104.1,6.24,Maize
Alluvial,20.9,84.2,65.4,5.34,Potato
Laterite,25.3,46.1,55.4,7.01,Groundnut
Red,23.1,70.1,170.3,7.39,Soybean
Laterite,31.8,90.9,197.7,6.45,Banana
Sandy,21.8,64.8,75.5,5.01,Potato
Sandy,16.8,49.2,70.2,6.3,Mustard
Black,23.6,74.9,151.0,6.01,Soybean
Loamy,23.4,58.3,63.4,6.38,Chickpea
Loamy,17.2,49.6,32.4,6.6,Mustard
Loamy,29.5,74.8,156.1,6.23,Sugarcane
Alluvial,24.9,87.3,244.9,6.68,Banana
Clay,29.0,79.6,192.9,6.73,Rice
Red,26.3,57.5,47.5,7.65,Millets
Black,15.1,58.7,52.1,7.22,Mustard
Laterite,28.7,58.3,86.6,6.03,Groundnut
Alluvial,24.3,70.1,128.8,5.96,Banana
Red,30.5,61.6,112.1,5.93,Maize
Clay,31.3,84.6,195.2,6.55,Rice
Loamy,27.1,78.0,171.8,6.87,Soybean
Loamy,32.3,54.8,52.9,7.97,Cotton
Clay,31.0,77.7,158.2,5.62,Rice
Sandy,34.3,41.3,89.8,7.04,Millets
Alluvial,30.0,77.4,157.8,6.17,Sugarcane
Alluvial,29.4,69.2,171.9,6.72,Banana
Red,32.4,62.0,63.4,6.57,Millets
Laterite,19.6,68.8,91.7,5.67,Potato
Alluvial,30.6,57.5,91.6,6.33,Cotton
Alluvial,17.9,56.3,76.1,6.99,Mustard
Black,26.9,83.8,191.1,6.47,Sugarcane
Loamy,34.0,52.1,66.6,6.68,Cotton
Alluvial,33.6,81.0,184.9,7.53,Sugarcane
Alluvial,22.5,56.2,37.1,7.79,Chickpea
Alluvial,17.0,50.0,51.0,6.12,Chickpea
Alluvial,15.6,59.3,54.7,6.25,Wheat
Alluvial,24.6,64.3,73.7,6.86,Mustard
Black,25.8,63.9,114.7,7.9,Cotton
Alluvial,24.0,54.6,48.2,7.62,Chickpea
Black,30.6,56.8,66.3,6.74,Cotton
Alluvial,23.8,80.6,151.0,6.29,Sugarcane
Alluvial,28.9,55.1,93.1,6.93,Onion
Alluvial,21.4,39.2,65.7,6.37,Mustard
Black,20.1,64.8,46.3,6.91,Wheat
Red,23.9,55.5,93.9,6.37,Tomato
Laterite,29.8,48.6,118.4,6.91,Groundnut
Black,29.1,79.2,104.6,6.98,Soybean
Black,25.6,68.7,65.2,6.97,Onion
Sandy,32.4,51.1,88.1,6.65,Groundnut
Alluvial,18.1,61.4,67.4,7.27,Wheat
Laterite,33.4,89.5,204.3,5.67,Rice
Alluvial,27.2,69.3,59.2,6.94,Onion
Loamy,27.5,66.3,96.7,6.68,Tomato
Red,21.9,67.3,98.1,6.83,Soybean
Sandy,29.2,57.6,37.3,6.42,Millets
Loamy,26.0,80.8,107.7,7.04,Soybean
Laterite,26.2,67.8,50.0,6.75,Groundnut
Desert,33.4,61.6,71.1,7.72,Millets
Black,22.8,62.8,44.6,6.93,Onion
Laterite,23.9,57.8,53.7,6.58,Groundnut
Loamy,29.2,79.6,107.8,6.76,Soybean
Black,16.1,43.4,88.4,6.14,Chickpea
Loamy,22.1,80.8,65.2,6.87,Tomato
Red,23.1,75.7,113.7,6.17,Maize
Sandy,23.6,44.7,61.9,6.03,Groundnut
Red,26.5,66.6,163.6,5.99,Soybean
Alluvial,25.1,52.2,95.3,6.2,Onion
Black,20.8,65.3,74.4,6.71,Wheat
Black,23.6,51.7,73.2,6.87,Chickpea
Loamy,22.3,60.1,61.0,5.94,Potato
Alluvial,28.5,74.5,250.0,7.4,Sugarcane
Loamy,23.5,54.3,80.3,6.69,Onion
Alluvial,30.9,68.5,126.8,6.92,Maize
Loamy,28.2,61.1,138.4,6.16,Soybean
Loamy,18.0,85.6,116.5,6.1,Potato
Loamy,28.2,65.4,82.8,7.31,Soybean
Red,27.2,66.8,126.8,6.07,Maize
Sandy,17.5,72.0,57.7,5.33,Potato
Black,13.9,50.5,43.6,7.27,Mustard
Alluvial,17.7,57.8,66.4,6.41,Onion
Alluvial,27.5,77.8,61.2,6.77,Tomato
Loamy,22.1,76.0,133.4,6.88,Maize
Red,30.2,54.1,93.6,7.88,Cotton
Black,17.3,48.4,73.8,7.43,Chickpea
Alluvial,24.5,58.9,112.3,6.71,Tomato
Clay,31.9,84.2,303.1,6.32,Rice
Loamy,26.8,67.5,64.1,6.82,Tomato
Black,20.3,71.8,43.0,7.34,Onion
Sandy,20.8,59.4,135.7,6.32,Potato
Loamy,24.9,58.7,101.1,6.09,Tomato
Laterite,26.4,60.1,83.6,6.77,Tomato
Loamy,21.0,48.2,64.9,7.19,Mustard
Laterite,27.5,81.7,209.3,6.26,Banana
Laterite,25.8,69.9,161.9,6.32,Rice
Red,28.4,65.6,79.5,7.04,Maize
Black,17.2,65.4,79.5,7.04,Chickpea
Alluvial,23.3,56.0,66.7,6.38,Wheat
Black,24.3,58.8,42.6,6.35,Onion
Loamy,26.1,81.1,227.1,6.46,Sugarcane
Sandy,20.6,77.6,57.1,5.77,Potato
Loamy,26.4,59.1,150.8,6.43,Soybean
Clay,15.7,80.5,57.8,5.73,Potato
Laterite,24.7,67.3,84.8,6.42,Groundnut
Red,25.1,82.7,105.0,6.07,Soybean
Alluvial,18.9,65.5,66.3,6.63,Mustard
Loamy,32.5,80.1,189.9,6.94,Banana
Black,25.7,70.4,53.4,7.21,Cotton
Sandy,31.5,70.7,83.6,6.36,Groundnut
Red,36.4,57.4,74.4,7.35,Millets
Black,19.0,66.0,76.3,7.07,Chickpea
Loamy,22.1,58.0,162.0,6.67,Maize
Red,29.2,74.8,79.8,6.72,Tomato
Alluvial,21.4,64.0,74.8,7.44,Wheat
Loamy,21.6,66.1,69.0,7.06,Onion
Red,33.5,59.6,109.0,7.09,Cotton
Black,22.3,70.1,92.6,6.18,Wheat
Black,21.2,61.9,55.2,6.06,Chickpea
Alluvial,25.5,88.2,220.0,6.86,Sugarcane
Laterite,29.4,87.7,177.8,6.56,Banana
Sandy,33.1,66.1,116.2,6.54,Groundnut
Black,27.9,73.1,184.8,7.21,Sugarcane
Laterite,28.6,80.8,163.6,6.5,Banana
Alluvial,26.3,70.5,189.6,5.87,Rice
Sandy,30.9,49.4,60.0,8.03,Millets
Black,26.5,75.4,59.5,6.48,Onion
Red,22.3,73.2,82.7,6.56,Tomato
Alluvial,19.7,57.7,104.0,6.41,Onion
Black,23.0,58.9,59.4,7.32,Wheat
Loamy,30.6,60.4,52.5,6.27,Groundnut
Black,25.7,76.6,205.7,6.76,Sugarcane
Alluvial,22.8,70.6,52.4,7.23,Wheat
Red,32.5,53.9,98.2,6.68,Cotton
Alluvial,32.4,88.5,161.1,5.55,Rice
Black,23.6,42.7,79.9,6.1,Chickpea
Alluvial,21.2,58.6,56.4,7.1,Wheat
Loamy,29.1,84.5,127.4,7.4,Banana
Loamy,28.6,77.2,257.5,6.36,Banana
Sandy,27.1,55.6,56.4,6.53,Millets
Black,30.2,69.4,207.8,7.12,Sugarcane
Laterite,33.8,83.1,202.1,6.02,Rice
Loamy,15.7,42.8,61.5,6.09,Mustard
Laterite,32.5,71.1,180.0,7.18,Banana
Alluvial,34.1,80.8,147.8,6.58,Banana
Laterite,34.2,35.4,46.7,5.88,Millets
Red,30.7,65.5,99.6,6.95,Groundnut
Black,27.5,68.9,88.8,6.49,Cotton
Loamy,14.8,40.7,39.2,7.07,Mustard
Black,21.2,77.3,101.2,5.32,Potato
Sandy,29.0,48.1,50.8,6.6,Groundnut
Laterite,25.5,91.5,287.9,6.53,Rice
Red,27.1,44.5,105.7,6.86,Cotton
Clay,28.6,82.2,225.1,6.41,Rice
Alluvial,22.0,66.6,81.2,6.69,Tomato
Loamy,18.5,73.9,137.9,5.34,Potato
Loamy,25.1,65.3,82.1,6.46,Cotton
Loamy,26.1,60.2,105.7,7.62,Cotton
Loamy,24.1,62.4,160.4,6.41,Maize
Loamy,31.0,62.4,77.6,5.88,Maize
Laterite,24.6,57.8,36.5,6.96,Millets
Loamy,14.5,63.0,79.8,6.02,Mustard
Alluvial,18.8,59.4,89.2,7.04,Chickpea
Alluvial,20.6,83.4,98.0,5.5,Potato
Black,30.3,64.0,180.5,7.05,Soybean
Loamy,29.9,55.5,147.8,7.04,Maize
Loamy,27.9,75.3,134.9,6.05,Soybean
Loamy,21.4,51.7,100.5,6.72,Onion
Black,18.4,40.8,77.4,7.14,Mustard
Loamy,28.6,48.0,119.6,7.18,Cotton
Loamy,34.1,57.3,69.4,6.68,Cotton
Loamy,32.2,77.6,84.6,7.4,Soybean
Clay,29.0,81.4,194.6,5.53,Rice
Alluvial,20.3,62.8,43.8,6.43,Mustard
Red,26.9,63.7,102.9,6.5,Cotton
Black,32.5,71.3,143.1,7.16,Sugarcane
Alluvial,24.5,66.7,107.8,7.24,Maize
Red,24.8,70.6,70.0,7.09,Maize
Alluvial,18.8,78.4,96.4,5.16,Potato
Alluvial,23.8,76.4,67.2,6.96,Tomato
Loamy,21.9,68.0,90.5,6.94,Onion
Black,26.2,70.0,100.3,6.35,Soybean
Sandy,24.2,59.0,69.4,6.63,Mustard
Sandy,23.7,64.1,121.4,7.02,Groundnut
Sandy,19.2,79.7,65.5,6.12,Potato
Black,22.8,65.9,95.7,5.97,Soybean
Sandy,25.2,63.3,82.7,6.87,Groundnut
Laterite,33.8,69.2,227.4,6.39,Rice
Laterite,33.2,63.0,50.4,5.57,Millets
Loamy,35.0,50.2,84.2,6.69,Cotton
Alluvial,25.1,58.6,79.6,6.08,Chickpea
Red,23.6,58.6,158.9,6.05,Maize
Red,22.9,56.1,77.8,5.84,Maize
Black,15.0,57.7,94.5,7.05,Wheat
Red,26.4,66.8,58.4,7.99,Cotton
Alluvial,33.8,88.0,142.4,7.36,Banana
Alluvial,16.9,80.0,130.9,5.19,Potato
Red,20.1,64.6,66.0,6.61,Tomato
Red,24.9,74.5,83.6,6.54,Tomato
Sandy,30.7,48.6,102.0,6.57,Groundnut
Red,25.0,50.0,67.1,7.5,Millets
Alluvial,26.3,60.4,73.7,7.38,Onion
Red,23.7,65.5,166.9,7.13,Soybean
Black,23.9,75.8,94.1,6.53,Soybean
Sandy,18.9,82.8,75.4,4.96,Potato
Red,21.9,55.0,91.5,6.49,Maize
Alluvial,21.7,48.7,82.0,6.45,Chickpea
Laterite,34.4,73.2,239.9,6.29,Banana
Red,22.5,58.0,83.9,6.89,Tomato
Loamy,29.2,66.0,101.2,6.09,Tomato
Loamy,33.5,88.2,152.6,6.61,Sugarcane
Red,32.3,72.1,132.8,7.22,Maize
Black,31.2,66.0,63.7,6.38,Cotton
Clay,18.2,58.3,34.0,7.52,Chickpea
Alluvial,31.4,71.2,242.5,6.28,Banana
Loamy,21.6,74.4,91.6,6.38,Onion
Sandy,27.1,63.4,120.2,6.35,Groundnut
Black,30.8,46.0,121.0,5.95,Cotton
Alluvial,27.5,54.2,154.0,5.86,Maize
Red,25.5,60.7,114.1,6.41,Maize
Alluvial,15.2,61.6,87.2,6.29,Potato
Loamy,26.5,76.8,170.9,6.71,Soybean
Red,27.8,58.6,114.7,6.89,Maize
Alluvial,18.1,58.7,92.4,6.6,Onion
Laterite,23.8,71.7,278.4,6.56,Rice
Clay,28.8,88.9,257.4,5.89,Rice
Black,27.9,63.4,42.6,6.82,Onion
Loamy,15.0,39.4,77.3,6.38,Mustard
Loamy,21.0,51.9,60.3,7.41,Wheat
Alluvial,22.1,59.9,97.4,6.01,Wheat
Loamy,17.9,77.7,118.7,5.31,Potato
Clay,31.5,84.7,251.4,5.49,Rice
Loamy,17.3,78.3,110.2,6.25,Potato
Red,26.3,34.7,42.6,6.32,Millets
Loamy,33.5,88.9,162.2,6.45,Sugarcane
Black,31.8,61.5,92.5,7.5,Soybean
Laterite,33.1,88.5,115.7,6.81,Banana
Loamy,31.8,80.7,119.2,7.47,Soybean
Black,17.4,64.2,44.3,6.37,Wheat
Desert,31.7,65.2,97.1,6.8,Millets
Black,28.1,65.8,176.7,6.61,Soybean
Black,23.8,81.3,86.0,6.77,Soybean
Black,29.2,65.5,106.9,6.85,Onion
Sandy,20.4,77.1,125.2,5.99,Potato
Sandy,26.1,42.7,51.8,7.01,Millets
Black,25.9,42.3,55.6,7.62,Chickpea
Clay,30.7,91.2,163.4,5.62,Rice
Red,23.7,61.9,81.7,6.84,Tomato
Loamy,24.2,79.6,152.7,6.48,Soybean
Alluvial,15.9,64.2,93.2,6.33,Wheat
Alluvial,29.4,83.1,223.9,5.58,Rice
Clay,26.9,72.8,162.7,5.49,Rice
Red,19.6,60.1,72.7,6.72,Mustard
Sandy,32.3,60.0,107.5,7.01,Groundnut
Sandy,24.6,70.6,119.3,6.44,Groundnut
Alluvial,18.2,44.9,89.1,6.17,Chickpea
Loamy,23.4,81.1,102.1,6.08,Potato
Black,17.0,45.8,80.6,6.23,Mustard
Clay,24.8,58.8,130.5,6.99,Tomato
Alluvial,28.4,67.4,42.7,6.85,Onion
Alluvial,31.9,84.8,138.5,7.07,Sugarcane
Laterite,26.7,73.7,218.0,7.18,Banana
Loamy,31.6,88.5,290.2,6.55,Rice
Sandy,24.4,51.5,45.3,6.68,Chickpea
Black,25.6,51.8,59.8,7.73,Chickpea
Alluvial,24.9,40.8,56.4,7.74,Chickpea
Black,26.0,45.0,39.1,6.95,Chickpea
Alluvial,23.1,65.3,95.4,6.3,Wheat
Alluvial,28.4,81.0,175.0,7.04,Banana
Clay,34.6,83.3,252.4,5.53,Rice
Loamy,27.2,69.1,71.1,6.13,Tomato
Loamy,16.7,62.1,40.6,6.44,Mustard
Red,26.6,37.1,80.1,7.95,Millets
Laterite,28.3,73.0,217.2,6.08,Banana
Loamy,16.2,66.3,67.8,6.44,Potato
Black,28.2,56.2,109.9,6.38,Onion
Loamy,23.5,57.2,79.4,6.17,Maize
Sandy,31.9,37.6,52.3,5.51,Millets
Clay,31.2,87.6,165.8,6.2,Rice
Black,23.6,64.8,103.7,5.33,Potato
Laterite,32.2,81.2,257.6,6.27,Banana
Sandy,22.5,83.9,61.4,5.15,Potato
Red,26.9,66.8,111.0,6.85,Cotton
Loamy,32.9,80.6,167.5,7.4,Banana
Black,35.8,55.8,100.9,7.16,Cotton
Alluvial,23.7,62.3,85.0,7.09,Wheat
Alluvial,33.8,74.0,125.1,6.26,Banana
Alluvial,30.5,59.1,53.8,6.38,Onion
Clay,34.3,89.7,273.3,5.6,Rice
Alluvial,31.9,74.6,265.0,6.62,Banana
Loamy,19.5,64.9,49.3,6.54,Onion
Loamy,32.0,76.0,134.1,7.05,Maize
Black,25.9,90.3,187.2,6.24,Sugarcane
Laterite,32.8,58.5,69.5,7.77,Millets
Loamy,17.7,55.5,75.1,6.75,Wheat
Sandy,20.4,68.4,80.7,5.99,Potato
Desert,29.5,91.0,229.4,6.98,Banana
Alluvial,33.6,72.7,187.3,6.64,Banana
Alluvial,25.6,63.3,83.0,7.05,Onion
Loamy,27.4,74.6,123.0,6.4,Banana
Loamy,25.6,51.8,42.3,7.42,Chickpea
Sandy,30.8,39.2,89.3,7.0,Millets
Laterite,31.0,34.7,35.7,5.63,Millets
Laterite,32.4,47.9,64.0,6.46,Millets
Red,34.0,69.1,87.6,6.4,Groundnut
Loamy,23.2,60.7,76.0,6.1,Mustard
Red,28.9,76.1,108.2,6.55,Maize
Black,34.1,54.4,55.7,7.08,Cotton
Laterite,25.0,49.7,106.3,6.55,Groundnut
Desert,24.7,40.2,33.5,7.63,Millets
Loamy,28.6,77.6,131.3,6.99,Tomato
Laterite,30.4,52.5,58.2,6.43,Groundnut
Sandy,15.5,62.4,122.5,4.99,Potato
Alluvial,18.7,74.9,105.0,7.49,Onion
Loamy,21.0,51.5,43.6,6.35,Wheat
Black,28.8,63.5,79.1,6.75,Cotton
Alluvial,33.6,91.2,189.4,7.48,Banana
Laterite,31.5,72.2,145.5,6.75,Banana
Alluvial,16.0,65.0,105.3,5.38,Potato
Alluvial,14.0,55.7,43.4,6.8,Mustard
Alluvial,26.0,81.6,170.5,5.69,Rice
Black,27.3,74.3,243.6,7.14,Sugarcane
Red,15.8,68.3,71.9,6.18,Wheat
Loamy,25.1,65.2,76.9,6.17,Chickpea
Black,19.4,51.9,57.0,7.14,Wheat
Sandy,30.2,63.9,47.3,6.78,Millets
Laterite,31.4,78.0,183.1,6.12,Banana
Loamy,28.6,69.4,77.8,6.95,Tomato
Clay,26.9,84.8,261.8,6.52,Rice
Red,24.6,65.0,122.4,7.06,Cotton
Loamy,23.1,63.9,48.2,6.9,Wheat
Alluvial,22.0,51.8,63.6,7.24,Onion
Loamy,33.1,71.8,149.2,6.43,Sugarcane
Alluvial,15.1,61.2,74.8,6.73,Mustard
Sandy,20.8,82.6,61.0,5.84,Potato
Alluvial,20.5,56.2,35.8,6.11,Mustard
Loamy,19.7,67.5,81.5,7.38,Onion
Alluvial,27.2,62.6,66.9,7.21,Onion
Alluvial,28.5,57.7,125.7,6.35,Tomato
Alluvial,15.5,50.0,69.9,6.82,Mustard
Loamy,22.4,65.7,71.5,7.17,Maize
Red,31.0,44.8,72.6,6.46,Groundnut
Sandy,24.0,71.6,137.4,6.54,Potato
Loamy,16.3,42.2,48.4,6.73,Mustard
Sandy,30.8,54.8,79.1,6.82,Groundnut
Red,24.7,73.3,130.1,7.48,Soybean
Loamy,31.4,59.8,163.4,6.66,Maize
Loamy,29.3,66.1,115.8,6.98,Tomato
Black,24.2,75.8,185.6,6.24,Sugarcane
Laterite,32.8,73.7,219.6,5.52,Rice
Alluvial,19.4,60.0,101.6,6.19,Wheat
Loamy,19.7,72.0,121.7,6.27,Potato
Laterite,28.5,65.4,54.5,7.83,Millets
Desert,26.2,73.4,100.5,6.67,Soybean
Loamy,22.3,58.6,68.8,6.35,Wheat
Loamy,27.0,57.0,69.8,6.17,Tomato
Black,15.7,50.5,81.1,6.11,Mustard
Alluvial,31.2,85.6,162.5,6.76,Banana
Alluvial,21.6,49.6,68.9,6.98,Wheat
Laterite,30.3,45.3,75.8,6.62,Groundnut
Loamy,18.1,45.2,37.9,7.34,Mustard
Sandy,33.9,50.8,62.8,6.2,Groundnut
Red,27.7,65.2,119.6,5.85,Maize
Alluvial,24.0,70.7,241.2,6.12,Banana
Black,20.8,66.4,75.6,7.21,Onion
Black,25.0,74.8,92.4,6.92,Onion
Loamy,30.0,86.1,213.5,7.05,Sugarcane
Sandy,25.8,53.7,109.8,6.88,Groundnut
Loamy,20.1,54.2,88.1,6.13,Onion
Clay,23.8,92.4,205.1,6.45,Rice
Clay,18.0,52.7,73.6,6.8,Wheat
Loamy,27.8,65.2,111.0,6.69,Onion
Alluvial,23.7,60.6,74.3,6.45,Tomato
Alluvial,30.6,89.3,144.8,6.64,Rice
Black,14.9,62.5,83.1,7.14,Wheat
Alluvial,17.7,54.4,44.3,6.48,Onion
Alluvial,21.3,46.6,34.7,7.15,Mustard
Black,17.5,66.4,96.7,7.23,Wheat
Desert,26.6,60.3,46.9,7.6,Millets
Black,16.3,66.9,77.5,6.37,Wheat
Black,18.9,50.4,67.6,6.23,Chickpea
Loamy,32.7,82.6,202.5,6.46,Sugarcane
Black,25.2,82.1,207.2,6.5,Sugarcane
Loamy,31.0,83.4,262.0,6.82,Banana
Laterite,26.3,52.8,70.3,6.57,Groundnut
Black,29.9,78.3,137.4,6.07,Sugarcane
Red,25.4,62.3,49.1,6.14,Groundnut
Laterite,26.5,78.3,159.9,6.7,Banana
Black,19.9,46.0,28.8,7.16,Mustard
Loamy,28.8,60.6,77.1,7.52,Cotton
Red,28.0,65.8,84.1,7.44,Millets
Loamy,26.1,86.5,137.0,7.05,Banana
Red,23.6,78.2,171.1,7.04,Soybean
Alluvial,14.3,52.7,80.8,7.03,Mustard
Black,33.0,88.3,148.4,6.87,Sugarcane
Clay,29.9,92.7,299.3,5.52,Rice
Loamy,17.4,50.0,87.4,6.27,Chickpea
Sandy,29.1,41.3,36.7,5.61,Millets
Loamy,29.7,87.1,163.7,6.43,Sugarcane
Alluvial,19.1,46.2,42.9,6.06,Mustard
Loamy,26.5,61.1,93.0,6.72,Maize
Alluvial,16.9,68.8,72.5,7.16,Wheat
Alluvial,21.8,49.3,88.7,6.27,Onion
Loamy,27.5,78.8,213.8,6.63,Sugarcane
Sandy,30.3,59.0,64.3,6.68,Groundnut
Alluvial,33.7,76.8,232.2,6.14,Rice
Loamy,30.3,85.8,235.5,6.61,Banana
Alluvial,16.9,64.9,120.4,5.08,Potato
Laterite,32.5,65.9,111.8,6.32,Groundnut
Black,32.6,45.8,65.3,7.96,Cotton
Alluvial,22.2,65.4,91.2,6.67,Wheat
Clay,31.7,85.9,206.8,6.34,Rice
Red,29.8,68.0,88.6,6.63,Soybean
Alluvial,21.4,62.8,87.8,7.27,Wheat
Alluvial,34.3,60.2,105.0,6.32,Cotton
Loamy,25.0,42.2,54.7,6.84,Mustard
Laterite,30.8,58.8,92.2,6.98,Millets
Black,35.2,48.2,119.3,7.24,Cotton
Sandy,25.9,73.3,257.2,7.47,Banana
Loamy,23.7,74.6,206.0,6.13,Banana
Alluvial,20.1,50.2,39.1,6.01,Chickpea
Alluvial,19.2,60.0,79.6,7.43,Wheat
Black,23.7,56.7,73.6,6.32,Chickpea
Desert,27.6,40.6,96.3,5.47,Millets
Red,23.9,77.5,165.4,6.13,Soybean
Loamy,24.1,72.0,211.4,6.29,Sugarcane
Loamy,31.3,62.0,127.1,6.59,Maize
Loamy,27.5,90.2,151.2,6.0,Banana
Loamy,24.4,59.9,63.5,6.89,Chickpea
Loamy,27.7,69.7,81.3,7.56,Cotton
Black,20.6,62.7,50.8,7.06,Wheat
Loamy,18.4,41.3,78.9,6.74,Chickpea
Black,26.3,49.9,101.3,6.19,Onion
Sandy,26.7,45.6,77.7,6.02,Groundnut
Sandy,17.1,61.9,119.1,5.43,Potato
Loamy,23.6,75.8,232.1,7.14,Banana
Laterite,32.8,60.1,52.3,6.47,Groundnut
Clay,33.4,84.1,266.8,5.95,Rice
Alluvial,22.2,79.9,120.2,6.71,Maize
Laterite,31.1,89.3,241.1,6.95,Banana
Red,23.9,71.1,97.9,5.99,Soybean
Loamy,15.9,66.1,142.6,5.26,Potato
Loamy,15.2,62.4,78.5,5.54,Potato
Red,29.4,66.8,117.6,6.22,Maize
Alluvial,27.7,65.9,82.4,7.07,Maize
Loamy,30.4,68.5,125.8,6.57,Soybean
Alluvial,19.4,51.2,51.7,6.29,Mustard
Alluvial,29.0,73.3,150.5,6.67,Maize
Laterite,31.0,81.3,256.4,6.54,Banana
Clay,34.3,70.2,295.6,6.62,Rice
Loamy,18.0,51.2,56.2,6.65,Wheat
Alluvial,19.2,49.6,59.0,6.05,Mustard
Red,24.5,85.7,80.8,7.32,Soybean
Loamy,34.6,54.1,75.4,7.45,Cotton
Red,32.7,54.0,76.4,6.13,Millets
Loamy,26.6,69.1,147.9,6.65,Soybean
Laterite,30.5,91.0,226.0,6.81,Banana
Laterite,35.2,36.8,69.6,7.83,Millets
Clay,28.2,81.3,149.9,7.25,Sugarcane
Red,32.9,51.3,37.7,6.87,Millets
Loamy,25.1,66.2,93.2,7.03,Cotton
Black,28.6,79.6,160.7,6.62,Soybean
Red,28.8,80.8,89.2,6.68,Tomato
Loamy,17.1,52.1,98.9,6.59,Wheat
Desert,21.8,51.8,44.6,6.54,Mustard
Loamy,25.9,74.2,161.3,6.44,Maize
Black,24.9,70.6,79.9,6.82,Soybean
Alluvial,33.4,76.7,259.5,7.33,Banana
Loamy,14.8,61.2,87.4,7.27,Wheat
Alluvial,17.7,53.0,81.8,6.39,Wheat
Loamy,20.0,57.1,59.8,6.04,Tomato
Sandy,31.1,61.2,94.9,6.19,Groundnut
Loamy,26.2,57.3,101.4,6.56,Tomato
Loamy,20.3,77.2,53.9,6.69,Tomato
Black,29.5,65.6,170.6,6.56,Soybean
Alluvial,23.1,62.7,123.1,6.67,Tomato
Black,23.2,45.8,84.0,6.68,Chickpea
Black,27.1,81.9,85.4,6.02,Soybean
Loamy,34.9,70.8,166.3,5.88,Rice
Loamy,29.9,83.2,164.9,6.25,Soybean
Loamy,20.0,70.9,69.7,6.47,Tomato
Desert,24.8,53.7,84.4,6.15,Millets
Loamy,34.1,75.3,186.2,6.44,Banana
Black,21.3,62.2,81.4,6.07,Mustard
Black,16.9,60.6,46.8,7.44,Wheat
Sandy,23.6,83.4,115.8,5.35,Potato
Alluvial,32.1,79.4,245.6,6.27,Rice
Loamy,13.7,46.2,46.2,6.81,Mustard
Loamy,21.7,57.7,32.8,6.06,Chickpea
Loamy,27.4,54.6,98.4,7.71,Cotton
Black,18.3,48.3,75.1,6.44,Mustard
Loamy,27.1,60.2,57.0,7.42,Onion
Alluvial,18.0,68.8,138.8,5.03,Potato
Black,24.8,51.3,107.0,7.87,Cotton
Clay,15.5,79.2,58.6,5.31,Potato
Black,25.3,58.9,71.6,7.27,Mustard
Red,29.7,62.4,62.0,6.86,Cotton
Black,28.1,73.2,93.2,7.41,Soybean
Red,32.5,55.4,88.6,6.58,Groundnut
Black,22.6,55.5,33.8,6.28,Chickpea
Loamy,22.4,67.6,51.9,6.88,Wheat
Laterite,28.3,76.8,297.7,6.26,Rice
Alluvial,16.4,44.9,79.9,6.78,Chickpea
Alluvial,23.1,61.5,42.2,6.09,Chickpea
Alluvial,28.7,56.6,106.9,6.33,Tomato
Alluvial,16.4,73.5,93.7,6.22,Potato
Black,16.8,66.3,93.2,7.54,Wheat
Black,22.7,43.7,77.4,7.04,Mustard
Black,17.0,39.7,61.8,7.04,Chickpea
Laterite,28.4,64.7,70.7,6.37,Groundnut
Loamy,29.9,70.2,233.6,6.62,Sugarcane
Loamy,19.5,53.1,51.3,6.65,Onion
Alluvial,17.6,54.6,64.5,6.19,Wheat
Sandy,27.5,64.9,81.8,6.06,Millets
Red,28.5,66.1,77.1,5.74,Millets
Desert,33.1,54.2,36.5,6.2,Millets
Black,30.0,79.8,117.4,6.23,Soybean
Red,26.6,55.5,88.3,6.1,Maize
Alluvial,17.5,55.6,57.5,7.24,Chickpea
Red,26.8,69.1,135.8,7.52,Soybean
Black,22.9,63.7,93.9,6.05,Onion
Loamy,30.7,71.1,191.9,6.3,Sugarcane
Red,32.9,62.3,56.6,7.81,Cotton
Red,25.9,70.6,61.2,6.81,Cotton
Loamy,19.9,65.6,65.8,6.84,Tomato
Laterite,23.9,50.8,75.5,6.6,Groundnut
Black,21.1,56.4,105.5,7.28,Onion
Alluvial,24.8,84.6,298.8,6.17,Rice
Alluvial,27.2,79.1,59.9,6.68,Maize
Alluvial,31.7,88.1,207.1,6.63,Sugarcane
Black,30.4,82.9,208.0,6.65,Sugarcane
Black,32.3,74.8,207.5,6.61,Sugarcane
Sandy,28.1,63.4,51.1,6.56,Groundnut
Black,28.1,80.1,115.4,6.95,Soybean
Alluvial,22.5,52.5,91.5,7.78,Chickpea
Loamy,19.0,60.6,42.9,7.37,Chickpea
Laterite,26.4,76.8,169.2,6.67,Rice
Black,22.3,59.2,47.6,5.98,Wheat
Loamy,20.5,67.4,67.3,6.49,Tomato
Alluvial,31.1,86.1,158.0,6.33,Sugarcane
Alluvial,31.5,76.2,116.8,6.59,Maize
Black,22.1,51.5,48.1,6.66,Mustard
Red,32.0,57.5,93.7,6.79,Maize
Sandy,18.7,76.5,90.7,6.13,Potato
Loamy,27.1,82.5,148.6,6.53,Soybean
Alluvial,22.4,65.7,70.5,6.51,Tomato
Black,31.0,72.0,160.5,6.67,Sugarcane
Red,19.7,60.2,55.4,6.42,Tomato
Loamy,19.1,55.7,94.4,6.54,Onion
Loamy,19.7,61.0,121.2,6.12,Tomato
Laterite,26.9,66.1,57.6,5.74,Millets
Alluvial,26.3,72.3,128.0,6.23,Maize
Loamy,20.1,57.2,80.0,7.41,Wheat
Alluvial,15.1,57.5,51.0,6.19,Mustard
Loamy,22.0,69.8,86.3,5.02,Potato
Loamy,17.1,60.6,65.1,7.5,Wheat
Black,24.9,53.3,62.9,6.17,Groundnut
Loamy,28.9,85.2,164.4,6.82,Sugarcane
Alluvial,22.0,56.9,81.3,6.77,Wheat
Alluvial,16.5,66.4,99.9,7.1,Wheat
Alluvial,17.9,76.7,69.4,6.54,Potato
Loamy,22.9,60.4,92.9,6.66,Wheat
Red,29.2,77.3,71.5,6.19,Maize
Laterite,27.6,81.0,230.1,5.61,Rice
Laterite,25.5,56.5,78.9,6.49,Groundnut
Clay,19.5,63.8,72.9,6.13,Mustard
Black,29.9,55.7,116.1,6.98,Cotton
Alluvial,22.8,50.8,86.7,7.53,Wheat
Alluvial,24.7,73.0,246.4,6.35,Sugarcane
Loamy,20.8,64.2,70.1,7.14,Mustard
Black,23.8,70.3,246.1,6.07,Sugarcane
Laterite,31.9,59.0,68.3,6.77,Groundnut
Sandy,33.8,62.8,95.1,6.22,Groundnut
Black,18.6,39.9,42.9,7.83,Chickpea
Black,22.0,63.3,178.9,6.87,Soybean
Loamy,19.4,81.2,112.4,6.42,Potato
Loamy,28.7,73.0,77.4,6.84,Onion
Alluvial,24.5,44.4,44.9,7.36,Mustard
Alluvial,32.1,85.9,199.0,7.43,Banana
Alluvial,27.6,78.8,215.3,5.63,Rice
Loamy,16.8,66.5,95.6,5.47,Potato
Sandy,27.6,38.6,56.3,7.87,Millets
Laterite,27.6,48.2,85.2,6.67,Millets
Sandy,32.8,60.5,96.6,7.16,Millets
Desert,34.4,56.7,83.0,7.01,Millets
Red,23.8,33.8,85.6,6.68,Millets
Black,26.1,72.9,50.5,6.29,Onion
Black,18.4,60.3,75.9,6.91,Chickpea
Loamy,19.1,64.8,51.5,6.1,Chickpea
Loamy,30.2,71.8,99.8,6.93,Tomato
Alluvial,25.2,90.7,139.2,6.9,Sugarcane
Sandy,30.2,54.6,61.0,7.49,Millets
Red,30.4,66.8,89.0,6.19,Groundnut
Alluvial,24.2,78.5,124.0,6.18,Potato
Alluvial,17.7,72.9,111.0,7.33,Onion
Black,26.7,70.7,139.9,6.66,Sugarcane
Red,27.8,62.0,104.8,6.94,Cotton
Laterite,24.9,49.6,49.1,6.07,Groundnut
Black,27.4,81.2,135.2,6.19,Soybean
Alluvial,21.9,56.0,59.0,6.16,Wheat
Loamy,25.8,64.9,126.1,7.15,Soybean
Alluvial,30.4,77.3,174.6,6.6,Banana
Red,28.5,50.7,119.6,6.34,Cotton
Loamy,16.4,67.0,97.8,6.28,Wheat
Loamy,33.2,81.0,148.1,6.8,Sugarcane
Loamy,20.8,70.1,110.3,6.62,Tomato
Loamy,24.3,78.4,142.0,7.16,Maize
Loamy,31.4,76.7,142.3,7.36,Soybean
Red,24.6,79.6,91.0,6.59,Maize
Sandy,35.3,61.8,92.3,8.02,Millets
Alluvial,14.4,65.7,59.4,6.58,Mustard
Laterite,31.4,57.8,56.8,7.41,Millets
Alluvial,34.7,80.2,175.9,5.98,Rice
Loamy,20.2,44.3,55.9,6.5,Mustard
Sandy,30.2,66.0,77.8,6.88,Groundnut
Loamy,15.2,71.7,100.4,6.18,Potato
Loamy,29.0,76.5,52.8,6.4,Tomato
Laterite,32.2,60.1,115.9,6.09,Groundnut
Red,35.5,61.6,60.2,6.96,Cotton
Loamy,30.7,67.6,156.1,6.12,Soybean
Loamy,32.8,55.7,108.8,8.06,Cotton
Alluvial,18.4,84.7,65.5,5.63,Potato
Black,21.4,63.8,74.0,6.99,Wheat
Sandy,20.4,84.6,84.0,5.59,Potato
Loamy,17.9,78.7,139.1,5.65,Potato
Sandy,24.7,87.0,286.7,5.84,Rice
Laterite,34.7,45.8,77.3,6.12,Millets
Loamy,23.2,43.7,65.9,6.69,Mustard
Loamy,31.7,86.5,152.8,7.53,Banana
Laterite,28.9,90.3,265.4,6.83,Rice
Alluvial,23.5,68.7,92.0,6.96,Wheat
Red,28.3,65.0,33.0,7.84,Millets
Loamy,17.6,74.5,137.5,5.42,Potato
Loamy,34.0,81.1,206.7,6.91,Sugarcane
Black,34.1,82.6,215.3,6.68,Sugarcane
Loamy,23.2,63.5,129.0,6.39,Tomato
Loamy,20.7,69.5,57.9,5.23,Potato
Alluvial,28.7,49.9,66.8,7.31,Onion
Laterite,27.6,43.6,41.1,6.65,Millets
Clay,34.2,66.7,108.2,6.38,Cotton
Alluvial,22.5,57.4,74.3,6.9,Wheat
Loamy,25.9,54.7,85.2,6.23,Cotton
Red,24.1,66.4,80.9,6.81,Soybean
Black,27.7,74.8,158.3,6.47,Banana
Loamy,27.2,82.0,142.0,6.81,Soybean
Alluvial,16.0,67.8,56.2,6.76,Wheat
Alluvial,28.3,83.0,164.7,5.9,Rice
Clay,29.4,75.3,125.0,6.85,Tomato
Loamy,16.4,53.9,48.5,5.96,Wheat
Loamy,23.0,84.3,138.9,6.49,Soybean
Alluvial,21.6,56.4,49.5,6.87,Onion
Loamy,23.8,69.7,196.3,7.25,Sugarcane
Black,26.2,45.5,101.9,6.9,Cotton
Clay,20.3,45.2,82.4,6.64,Chickpea
Loamy,20.6,53.3,47.4,7.09,Onion
Alluvial,20.2,53.8,96.3,6.5,Wheat
Red,26.5,57.4,116.5,6.47,Tomato
Black,22.7,67.9,66.2,7.05,Onion
Clay,32.6,75.5,203.0,5.89,Rice
Loamy,23.9,64.0,72.1,7.08,Onion
Loamy,20.1,85.9,93.9,6.53,Potato
Black,18.7,61.3,63.2,6.41,Wheat
Black,19.6,40.2,55.0,6.5,Mustard
Alluvial,21.2,73.6,85.5,6.53,Onion
Loamy,16.2,68.3,78.7,6.01,Potato
Red,32.7,64.5,73.1,6.54,Cotton
Alluvial,17.5,62.2,32.6,6.69,Mustard
Loamy,18.0,42.2,92.1,6.44,Chickpea
Black,28.4,57.8,72.9,8.02,Cotton
Alluvial,15.3,52.9,46.9,7.11,Wheat
Red,34.0,69.6,70.9,6.89,Groundnut
Loamy,16.8,47.1,81.6,6.57,Mustard
Laterite,27.8,87.8,278.8,6.59,Rice
Loamy,28.7,69.5,173.4,6.98,Soybean
Alluvial,26.2,88.5,283.4,5.69,Rice
Sandy,35.4,64.7,64.5,5.68,Millets
Black,27.4,63.9,92.4,6.7,Onion
Black,30.7,72.2,227.7,6.28,Sugarcane
Clay,33.1,83.4,179.0,6.03,Rice
Laterite,32.7,47.6,119.5,6.92,Groundnut
Red,23.7,45.0,107.1,6.49,Groundnut
Clay,34.8,78.7,275.1,6.8,Rice
Sandy,14.8,73.7,92.6,6.29,Potato
Sandy,18.5,65.3,82.3,5.11,Potato
Black,31.9,74.1,173.0,6.4,Soybean
Loamy,17.6,64.3,60.6,6.0,Mustard
Red,29.0,54.9,53.2,6.29,Onion
Alluvial,15.0,64.9,45.4,5.96,Wheat
Sandy,28.6,60.6,76.8,5.99,Millets
Alluvial,14.7,60.0,54.0,6.62,Mustard
Laterite,25.8,74.6,248.8,7.35,Banana
Loamy,23.1,40.2,82.1,7.78,Chickpea
Loamy,16.1,78.3,57.8,6.0,Potato
Black,20.5,52.4,39.6,6.73,Mustard
Black,14.5,56.0,47.8,7.54,Mustard
Loamy,25.2,49.2,63.9,7.41,Chickpea
Loamy,29.3,51.8,54.6,7.73,Cotton
Black,26.0,76.2,138.3,7.1,Soybean
Black,27.3,67.1,99.6,7.08,Onion
Black,25.1,73.1,49.0,6.49,Onion
Black,25.8,85.0,150.5,6.9,Soybean
Alluvial,22.5,71.1,80.9,6.28,Potato
Loamy,31.4,74.2,172.6,7.49,Banana
Loamy,30.1,78.6,244.8,7.29,Sugarcane
Loamy,17.5,61.5,60.0,6.84,Wheat
Sandy,15.1,70.6,130.0,5.53,Potato
Laterite,32.9,84.2,236.7,5.66,Rice
Alluvial,23.0,72.9,94.5,6.42,Maize
Loamy,29.0,78.8,120.8,6.31,Tomato
Desert,27.8,55.4,63.2,6.72,Millets
Laterite,31.1,84.5,252.6,6.51,Rice
Alluvial,25.3,85.6,172.0,6.16,Rice
Black,27.2,53.5,57.7,6.83,Cotton
Alluvial,20.3,65.2,103.2,6.36,Tomato
Black,19.5,58.2,58.1,6.75,Wheat
Alluvial,26.2,90.0,260.3,7.15,Banana
Alluvial,22.2,64.1,118.7,5.95,Potato
Alluvial,20.7,63.9,96.8,6.77,Tomato
Red,29.8,50.0,54.6,7.07,Millets
Loamy,34.5,60.9,84.0,6.77,Cotton
Loamy,28.8,75.5,127.6,7.32,Banana
Alluvial,27.6,50.5,99.9,6.05,Onion
Black,24.3,53.2,46.1,7.05,Chickpea
Loamy,33.4,51.3,65.1,6.64,Cotton
Black,15.4,52.1,91.9,6.88,Wheat
Laterite,35.1,92.5,190.7,6.47,Rice
Loamy,31.9,61.7,94.4,6.24,Maize
Black,20.2,65.1,36.0,6.74,Chickpea
Sandy,26.2,43.9,93.3,6.23,Millets
Black,15.8,64.8,55.4,6.26,Mustard
Alluvial,25.7,62.9,129.2,6.77,Tomato
Red,31.4,80.6,165.0,6.37,Soybean
Sandy,15.4,82.0,86.4,5.6,Potato
Clay,26.7,76.8,183.3,6.12,Rice
Red,25.2,70.3,101.8,6.54,Cotton
Alluvial,21.6,55.2,163.7,7.05,Maize
Loamy,21.0,72.9,70.0,5.37,Potato
Loamy,24.5,92.1,148.9,6.74,Banana
Loamy,25.9,49.9,44.9,6.51,Onion
Sandy,22.4,67.8,94.5,5.22,Potato
Black,18.6,48.1,53.1,6.98,Mustard
Black,25.5,68.6,104.7,7.92,Cotton
Alluvial,20.1,64.9,115.2,6.76,Tomato
Loamy,29.6,57.2,94.9,7.02,Tomato
Loamy,30.9,68.0,86.1,6.4,Soybean
Alluvial,31.9,70.4,195.7,6.94,Sugarcane
Red,31.7,74.9,138.3,6.44,Soybean
Sandy,23.3,61.9,53.4,6.92,Chickpea
Alluvial,30.2,78.3,187.9,6.18,Rice
Alluvial,20.3,55.5,75.7,6.33,Onion
Loamy,29.7,75.6,138.3,6.93,Sugarcane
Alluvial,27.4,63.8,112.4,6.88,Tomato
Desert,36.0,49.9,36.5,7.64,Millets
Laterite,23.6,56.1,46.9,7.81,Millets
Black,23.7,69.7,101.9,6.11,Onion
Sandy,24.0,73.4,107.7,6.15,Tomato
Alluvial,31.0,72.0,107.0,6.24,Maize
Desert,21.7,45.3,62.3,6.59,Chickpea
Alluvial,24.7,68.2,151.4,6.19,Maize
Alluvial,35.4,84.9,249.3,5.59,Rice
Alluvial,26.9,47.4,104.3,6.95,Groundnut
Red,30.8,67.0,146.4,6.21,Maize
Alluvial,27.1,80.2,87.6,6.5,Tomato
Loamy,24.2,78.2,157.7,6.58,Soybean
Sandy,24.3,53.4,121.7,6.16,Groundnut
Loamy,22.1,70.6,109.9,7.13,Onion
Red,29.1,92.4,210.7,6.55,Rice
Loamy,25.3,70.6,64.8,6.52,Onion
Loamy,30.6,89.7,232.7,7.43,Sugarcane
Loamy,18.0,47.9,37.6,7.3,Mustard
Red,24.4,76.3,139.2,6.5,Maize
Black,16.0,64.1,79.7,7.82,Chickpea
Clay,31.2,73.2,288.2,6.11,Rice
Loamy,18.8,66.8,61.9,7.16,Wheat
Loamy,23.8,82.7,125.8,6.11,Soybean
Red,31.7,77.0,180.2,7.44,Soybean
Alluvial,28.3,67.8,82.1,6.97,Tomato
Laterite,28.0,52.8,112.7,6.69,Groundnut
Red,30.2,62.9,149.2,7.13,Soybean
Loamy,21.1,66.3,112.5,6.34,Onion
Loamy,29.9,45.2,52.7,7.91,Cotton
Laterite,25.4,73.4,241.1,6.67,Rice
Loamy,24.0,81.2,204.0,6.44,Sugarcane
Alluvial,28.8,76.4,115.4,6.62,Tomato
Clay,28.7,60.0,110.8,5.97,Tomato
Sandy,32.9,46.6,58.7,6.44,Groundnut
Red,27.1,67.4,97.9,6.46,Tomato
Loamy,14.7,53.1,96.5,6.83,Wheat
Laterite,24.7,89.2,243.9,6.21,Rice
Loamy,32.3,89.3,242.8,7.33,Banana
Alluvial,32.3,88.1,151.9,5.78,Rice
Desert,34.0,39.9,85.4,5.47,Millets
Red,30.7,54.9,132.6,7.24,Maize
Loamy,27.1,85.8,94.8,7.44,Soybean
Alluvial,17.8,58.0,43.6,7.28,Mustard
Black,16.7,51.1,49.9,6.07,Wheat
Loamy,33.4,86.5,151.4,7.14,Sugarcane
Alluvial,22.5,42.5,36.9,7.84,Chickpea
Sandy,26.2,37.7,56.1,7.11,Millets
Red,27.3,56.9,79.0,6.11,Groundnut
Laterite,30.2,64.4,97.0,6.46,Groundnut
Loamy,22.0,49.9,51.4,6.93,Wheat
Loamy,24.2,69.6,99.4,6.42,Tomato
Black,27.1,68.5,103.4,6.84,Onion
Sandy,16.9,82.6,100.3,5.69,Potato
Loamy,18.2,60.7,45.5,7.67,Chickpea
Sandy,21.4,63.9,130.9,5.55,Potato
Loamy,29.0,54.0,98.2,7.33,Onion
Alluvial,14.0,54.5,36.4,7.24,Mustard
Red,26.6,75.4,98.1,6.86,Tomato
Laterite,25.3,49.9,52.1,6.09,Groundnut
Clay,24.7,71.7,162.7,6.31,Rice
Alluvial,22.4,59.9,70.9,5.5,Potato
Loamy,29.6,73.5,87.3,6.5,Onion
Alluvial,21.2,47.4,90.2,6.85,Chickpea
Sandy,25.9,54.1,63.6,6.93,Groundnut
Alluvial,29.7,77.7,230.3,7.2,Sugarcane
Laterite,30.9,80.3,141.3,6.89,Banana
Alluvial,31.0,76.7,302.1,6.01,Rice
Laterite,27.5,52.2,57.6,6.94,Groundnut
Black,30.8,70.4,243.8,5.52,Rice
Loamy,19.7,57.3,108.5,6.73,Onion
Laterite,29.5,74.4,241.7,7.1,Banana
Loamy,21.0,62.7,64.2,5.56,Potato
Loamy,16.3,60.3,69.2,6.34,Potato
Loamy,25.7,74.6,152.7,6.27,Soybean
Red,24.4,69.4,86.0,5.84,Maize
Black,30.6,87.7,272.8,6.76,Rice
Sandy,29.8,61.4,107.9,6.81,Groundnut
Black,26.9,70.0,169.0,7.0,Sugarcane
Loamy,29.9,69.1,156.2,7.0,Banana
Sandy,25.4,70.3,151.4,6.92,Soybean
Black,28.7,73.5,174.4,6.12,Soybean
Loamy,27.6,78.0,111.3,6.75,Tomato
Loamy,27.2,55.6,52.3,6.64,Onion
Red,30.9,60.5,112.6,6.17,Soybean
Black,21.3,63.1,81.4,6.39,Wheat
Loamy,26.9,65.5,109.9,6.62,Soybean
Laterite,29.9,53.8,52.1,5.91,Millets
Alluvial,32.6,90.6,260.8,6.79,Rice
Black,24.0,54.3,47.9,6.94,Chickpea
Black,20.1,63.8,80.4,6.88,Mustard
Red,27.7,63.1,89.3,6.36,Groundnut
Loamy,23.2,72.6,104.5,6.51,Tomato
Loamy,24.2,46.2,75.9,6.27,Chickpea
Red,28.2,57.4,85.6,6.07,Tomato
Alluvial,31.4,91.8,190.4,6.74,Rice
Sandy,29.8,49.9,122.7,6.16,Groundnut
Loamy,26.4,86.1,259.3,6.53,Banana
Loamy,23.6,84.4,128.6,7.24,Banana
Laterite,33.7,62.7,58.2,7.87,Millets
Black,20.3,67.0,87.7,7.32,Onion
Red,31.8,66.7,62.0,6.35,Cotton
Loamy,25.1,54.2,119.1,6.96,Cotton
Alluvial,24.2,68.3,60.7,7.18,Wheat
Red,32.5,45.5,69.7,6.05,Groundnut
Loamy,26.9,54.5,97.1,7.07,Onion
Sandy,21.1,78.9,99.1,5.5,Potato
Sandy,32.0,50.9,49.6,6.84,Groundnut
Laterite,28.9,75.6,159.6,6.7,Rice
Red,24.6,72.7,106.9,6.3,Soybean
Alluvial,18.7,65.3,66.7,6.93,Chickpea
Loamy,15.4,65.0,93.2,6.71,Wheat
Loamy,22.9,54.4,79.5,7.43,Wheat
Laterite,29.1,91.2,178.1,6.63,Banana
Laterite,33.7,81.5,191.4,6.96,Banana
Black,17.9,60.4,68.9,6.81,Onion
Loamy,19.7,65.5,77.7,6.87,Tomato
Red,27.4,44.7,88.1,7.72,Millets
Black,15.2,69.7,66.7,7.28,Wheat
Black,15.6,39.6,73.8,6.73,Chickpea
Black,18.7,50.1,69.4,6.38,Wheat
Alluvial,33.0,87.7,215.0,6.12,Rice
Alluvial,24.3,76.8,156.5,7.01,Sugarcane
Loamy,27.2,61.3,55.6,6.72,Groundnut
Sandy,18.5,79.2,118.7,6.28,Potato
Loamy,28.8,63.9,73.3,6.23,Maize
Black,28.6,50.3,75.4,6.4,Cotton
Black,21.4,39.4,62.5,7.14,Chickpea
Loamy,23.9,85.5,172.5,7.02,Banana
Alluvial,34.0,73.9,117.0,7.26,Banana
Clay,28.2,92.8,175.2,5.67,Rice
Laterite,32.9,68.8,83.3,6.81,Groundnut
Loamy,17.4,65.5,124.8,5.5,Potato
Red,24.3,38.6,55.6,6.54,Millets
Loamy,28.7,85.3,125.2,6.99,Soybean
Desert,35.7,55.5,33.7,6.78,Millets
Loamy,27.7,64.5,79.9,6.38,Tomato
Sandy,32.0,35.9,40.3,7.18,Millets
Black,14.9,62.2,88.2,6.41,Wheat
Loamy,23.2,61.2,58.6,6.3,Mustard
Sandy,16.3,76.1,83.3,5.56,Potato
Loamy,20.1,59.9,46.1,6.51,Wheat
Desert,23.4,44.5,36.3,6.05,Mustard
Desert,33.4,34.7,61.5,7.94,Millets
Loamy,20.8,41.1,37.7,6.8,Mustard
Loamy,26.2,63.1,80.6,6.04,Maize
Black,34.0,35.6,79.8,5.9,Millets
Alluvial,30.8,87.1,168.5,6.5,Sugarcane
Clay,34.6,92.4,155.3,5.65,Rice
Black,18.4,44.6,61.8,6.65,Mustard
Alluvial,20.9,49.6,78.1,6.52,Chickpea
Loamy,15.6,45.4,44.3,6.65,Chickpea
Alluvial,30.2,58.9,80.7,6.37,Tomato
Loamy,29.4,52.7,88.3,6.27,Onion
Red,35.8,42.5,39.3,6.56,Millets
Alluvial,21.5,64.4,95.2,5.06,Potato
Loamy,22.2,65.1,138.1,5.47,Potato
Black,25.0,51.5,73.4,7.78,Chickpea
Laterite,32.8,78.7,160.0,6.76,Banana
Red,27.8,70.8,101.9,6.05,Cotton
Loamy,22.2,66.7,85.1,6.12,Wheat
Sandy,32.9,66.1,79.4,6.02,Groundnut
Red,30.9,48.8,81.1,6.82,Groundnut
Alluvial,30.6,91.3,274.3,6.11,Rice
Loamy,20.5,83.1,130.4,6.42,Potato
Red,30.8,68.0,84.3,7.66,Cotton
Red,24.3,80.5,160.2,5.97,Maize
Alluvial,24.3,44.2,70.2,6.77,Chickpea
Alluvial,25.0,60.1,46.8,6.38,Mustard
Alluvial,32.2,74.5,208.3,7.39,Sugarcane
Desert,27.8,44.8,59.8,7.68,Millets
Loamy,21.7,62.7,65.1,6.49,Chickpea
Sandy,32.4,50.5,95.0,6.55,Groundnut
Black,24.1,58.1,43.8,6.31,Mustard
Black,19.7,65.7,69.6,6.99,Chickpea
Loamy,19.3,52.2,79.8,6.55,Chickpea
Laterite,28.2,69.5,163.7,6.75,Sugarcane
Laterite,27.9,81.9,198.8,6.62,Rice
Alluvial,20.3,67.8,73.1,6.45,Tomato
Loamy,27.7,76.9,99.9,7.02,Maize
Red,23.9,42.6,35.9,6.52,Millets
Red,25.3,61.7,87.8,6.9,Cotton
Loamy,17.7,72.2,95.2,7.46,Onion
Red,29.3,60.6,114.8,6.43,Soybean
Loamy,14.8,69.2,58.5,6.02,Wheat
Alluvial,33.8,76.2,232.4,7.15,Sugarcane
Alluvial,29.2,79.0,181.7,5.97,Rice
Red,30.8,64.4,98.8,6.21,Maize
Alluvial,23.4,70.2,75.5,6.08,Wheat
Loamy,24.7,54.0,45.3,7.35,Chickpea
Loamy,24.3,88.6,243.8,6.83,Sugarcane
Loamy,29.7,77.4,164.0,5.98,Banana
Alluvial,22.3,68.9,57.5,7.13,Wheat
Black,24.0,79.9,213.4,6.81,Sugarcane
Clay,30.2,84.2,161.2,5.65,Rice
Sandy,22.8,81.7,74.0,5.38,Potato
Loamy,23.2,76.7,123.3,6.49,Soybean
Red,27.5,60.9,109.8,6.23,Groundnut
Alluvial,25.0,71.1,248.4,6.69,Sugarcane
Alluvial,21.2,75.5,101.6,5.27,Potato
Alluvial,28.2,71.6,121.7,7.18,Maize
Loamy,18.0,64.3,93.1,5.51,Potato
Red,23.7,61.6,71.7,6.0,Tomato
Black,21.0,41.1,84.0,6.49,Chickpea
Alluvial,26.8,65.9,48.7,6.54,Onion
Alluvial,25.6,88.7,208.6,6.83,Rice
Loamy,30.5,62.5,105.0,7.46,Soybean
Red,30.4,59.4,99.1,6.16,Groundnut
Laterite,29.1,33.9,59.4,6.17,Millets
Loamy,15.4,73.7,94.1,6.16,Potato
Loamy,23.4,74.3,148.6,6.52,Soybean
Laterite,28.9,51.1,53.7,6.87,Groundnut
Alluvial,20.8,73.5,129.9,6.8,Tomato
Alluvial,28.1,88.7,235.3,6.05,Sugarcane
Loamy,28.8,69.0,180.8,7.38,Soybean
Desert,19.1,51.2,76.2,6.16,Wheat
Alluvial,19.8,82.7,76.5,5.59,Potato
Red,31.9,64.2,93.9,6.89,Soybean
Red,29.9,62.0,61.6,6.84,Cotton
Alluvial,19.8,74.2,105.4,5.29,Potato
Loamy,24.9,64.3,61.2,6.89,Tomato
Red,31.3,58.1,56.3,7.74,Millets
Red,29.0,80.9,87.9,6.93,Maize
Sandy,19.2,60.9,69.6,6.44,Potato
Red,32.3,82.7,97.3,7.21,Soybean
Alluvial,24.9,92.8,286.4,5.85,Rice
Clay,24.5,80.7,223.5,6.75,Rice
Sandy,21.6,74.6,93.5,6.53,Potato
Loamy,29.5,65.3,62.8,6.92,Cotton
Loamy,25.4,65.6,55.0,6.0,Cotton
Alluvial,16.0,51.7,48.9,6.97,Wheat
Sandy,29.4,44.1,111.3,6.35,Groundnut
Sandy,23.9,85.9,129.2,6.24,Potato
Black,28.6,59.4,115.0,7.32,Cotton
Loamy,30.0,88.9,224.0,7.45,Banana
Loamy,30.2,72.3,77.0,6.72,Maize
Sandy,22.0,58.7,75.4,7.03,Onion
Alluvial,27.5,70.1,90.0,6.25,Maize
Red,32.7,70.0,116.1,7.15,Cotton
Red,30.9,59.6,122.9,7.04,Soybean
Red,27.4,76.4,107.1,7.25,Soybean
Black,21.1,64.9,78.4,7.47,Wheat
Loamy,30.5,78.6,164.7,7.06,Sugarcane
Sandy,24.0,56.9,45.6,8.06,Millets
Black,16.0,49.1,63.2,6.73,Mustard
Alluvial,27.4,69.5,150.5,6.84,Sugarcane
Loamy,31.6,81.4,125.0,7.09,Banana
Black,19.9,64.7,45.4,6.97,Mustard
Red,29.9,54.2,87.1,6.87,Maize
Alluvial,17.2,62.7,65.9,6.5,Wheat
Alluvial,35.0,84.6,224.3,5.61,Rice
Loamy,30.2,60.2,72.7,7.09,Onion
Loamy,16.1,47.4,73.5,6.57,Chickpea
Red,27.1,61.9,98.4,6.76,Groundnut
Alluvial,15.6,77.0,79.9,5.71,Potato
Loamy,30.5,58.6,110.5,6.65,Cotton
Laterite,25.5,38.9,82.4,5.92,Millets
Laterite,27.1,62.4,59.1,6.07,Millets
Sandy,21.6,77.8,114.7,5.56,Potato
Red,20.8,59.6,76.2,6.85,Tomato
Sandy,28.5,66.9,107.8,6.14,Groundnut
Loamy,15.0,53.7,73.6,7.24,Wheat
Black,26.6,78.4,165.4,6.51,Sugarcane
Alluvial,26.4,44.8,40.5,7.71,Chickpea
Loamy,26.4,78.0,168.7,6.92,Banana
Red,32.1,55.6,155.7,6.6,Maize
Black,23.1,53.2,69.1,6.77,Chickpea
Clay,33.4,90.4,166.7,6.22,Rice
Alluvial,24.6,79.1,65.3,6.16,Tomato
Sandy,27.4,44.8,111.0,6.63,Groundnut
Loamy,21.9,52.0,54.6,6.95,Wheat
Black,30.8,45.7,110.9,6.0,Cotton
Red,26.1,70.0,59.8,7.06,Cotton
Alluvial,17.3,76.7,69.6,5.74,Potato
Black,22.9,58.0,85.6,6.02,Onion
Alluvial,24.5,61.4,143.7,6.89,Maize
Black,27.1,87.7,161.5,6.12,Sugarcane
Loamy,31.0,68.8,144.5,6.52,Maize
Loamy,28.9,64.7,50.4,6.44,Onion
Loamy,28.5,62.3,60.0,6.07,Cotton
Red,23.6,75.7,165.5,6.76,Soybean
Red,32.1,68.2,130.5,7.14,Soybean
Loamy,29.3,87.6,253.9,6.13,Sugarcane
Laterite,24.4,52.2,94.3,7.88,Millets
Loamy,25.1,61.7,75.5,6.95,Tomato
Alluvial,24.1,76.3,238.9,7.41,Sugarcane
Loamy,16.7,69.0,93.3,7.3,Wheat
Laterite,24.6,88.3,152.2,7.48,Banana
Red,25.7,54.2,76.7,5.66,Millets
Black,25.7,65.2,122.2,7.77,Cotton
Black,32.7,85.6,187.5,6.29,Sugarcane
Laterite,24.1,90.6,117.5,6.91,Banana
Loamy,23.4,60.8,96.7,5.96,Onion
Black,21.1,54.8,90.4,6.0,Onion
Black,27.4,84.7,156.3,6.88,Sugarcane
Laterite,33.1,81.8,246.5,5.86,Rice
Loamy,17.9,45.1,32.5,6.12,Mustard
Loamy,29.0,91.9,127.0,7.21,Banana
Alluvial,21.5,46.2,34.8,6.04,Chickpea
Alluvial,24.8,83.1,171.6,6.74,Rice
Red,29.2,54.9,53.8,6.19,Tomato
Alluvial,31.6,58.5,162.7,6.24,Maize
Black,18.3,52.0,45.2,6.91,Onion
Alluvial,28.5,85.3,234.8,6.51,Banana
Black,20.0,54.8,66.1,6.28,Chickpea
Alluvial,32.5,88.6,229.2,6.83,Rice
Sandy,18.3,68.1,101.4,7.35,Wheat
Alluvial,22.5,44.4,58.5,6.9,Mustard
Sandy,26.2,75.1,232.2,6.21,Sugarcane
Black,21.2,50.9,85.0,7.12,Onion
Loamy,17.0,55.1,44.7,6.4,Wheat
Clay,23.8,71.3,261.0,6.1,Rice
Sandy,16.9,67.0,89.8,5.6,Potato
Loamy,29.9,63.6,73.3,8.06,Millets
Red,27.0,84.6,137.8,6.55,Soybean
Black,22.1,44.9,32.9,6.27,Mustard
Sandy,29.4,53.0,106.5,6.65,Groundnut
Alluvial,25.5,75.4,129.7,6.48,Banana
Black,26.1,52.7,95.9,6.0,Groundnut
Loamy,31.4,54.9,69.9,6.87,Cotton
Black,25.5,59.2,88.5,7.5,Soybean
Loamy,30.1,70.4,88.7,6.76,Cotton
Sandy,29.2,57.5,58.8,6.5,Groundnut
Alluvial,36.0,51.4,106.2,6.61,Cotton
Loamy,14.2,55.6,44.1,7.06,Mustard
Black,19.1,53.1,74.3,7.08,Wheat
Loamy,17.0,50.1,56.1,6.68,Wheat
Loamy,18.8,47.8,83.9,5.97,Chickpea
Clay,32.9,72.2,217.0,5.97,Rice
Black,19.4,58.0,76.5,6.83,Wheat
Sandy,33.6,61.2,122.4,6.01,Groundnut
Loamy,33.8,82.8,197.4,7.22,Sugarcane
Alluvial,17.4,57.1,54.2,6.07,Mustard
Sandy,32.1,82.3,239.3,6.24,Banana
Laterite,34.7,79.5,206.1,6.47,Rice
Black,23.8,56.0,63.9,6.67,Wheat
Alluvial,33.5,75.8,153.9,7.1,Sugarcane
Sandy,23.7,39.4,37.3,6.78,Millets
Alluvial,25.0,52.3,38.3,6.39,Mustard
Alluvial,16.5,60.3,47.1,6.49,Chickpea
Alluvial,30.8,80.2,208.9,6.19,Rice
Alluvial,26.4,79.2,213.2,6.76,Sugarcane
Alluvial,20.4,79.4,57.8,5.31,Potato
Loamy,27.8,48.3,103.8,6.16,Cotton
Black,27.4,49.3,96.1,6.09,Onion
Red,27.5,64.5,67.2,6.85,Groundnut
Laterite,31.5,65.0,98.0,6.79,Groundnut
Red,24.0,61.4,71.1,5.55,Millets
Black,29.6,84.6,125.6,5.97,Soybean
Loamy,22.8,84.0,132.2,7.02,Soybean
Loamy,32.1,56.7,120.0,6.14,Maize
Red,32.1,71.4,111.3,6.03,Soybean
Alluvial,28.0,87.6,200.2,6.67,Banana
Black,25.6,70.2,143.4,7.23,Soybean
Alluvial,16.6,57.0,69.2,7.6,Chickpea
Sandy,28.9,57.1,60.9,6.34,Groundnut
Black,28.5,52.9,77.6,7.2,Onion
Loamy,23.7,83.9,138.8,5.42,Potato
Black,24.9,48.2,68.4,6.67,Mustard
Loamy,22.1,60.4,81.2,6.36,Mustard
Laterite,24.2,56.9,44.4,6.71,Millets
Black,27.7,70.0,170.4,6.15,Sugarcane
Loamy,21.7,53.2,52.6,6.03,Wheat
Red,31.7,62.9,124.7,7.18,Soybean
Red,28.9,66.5,76.3,6.5,Soybean
Loamy,15.9,74.5,69.6,6.43,Potato
Black,22.1,45.1,56.4,6.29,Mustard
Red,25.8,84.1,154.9,6.51,Soybean
Red,25.3,59.2,182.1,6.92,Soybean
Loamy,13.7,46.6,41.3,7.17,Mustard
Alluvial,19.3,56.9,74.0,6.21,Mustard
Alluvial,24.6,49.9,52.2,7.52,Mustard
Loamy,29.3,61.1,125.0,6.09,Tomato
Alluvial,32.5,76.7,126.8,6.18,Banana
Red,29.3,68.2,74.4,6.15,Tomato
Red,23.5,77.2,88.1,6.07,Maize
Red,22.0,59.0,91.8,5.86,Maize
Black,20.8,72.1,81.3,6.3,Onion
Alluvial,21.1,63.9,59.7,6.56,Tomato
Laterite,26.0,89.1,118.5,7.27,Banana
Alluvial,19.4,49.5,79.0,7.07,Mustard
Red,26.2,68.0,96.9,6.68,Tomato
Alluvial,16.5,75.9,123.3,5.2,Potato
Red,20.0,72.3,127.8,6.93,Tomato
Loamy,21.3,51.5,79.2,6.4,Chickpea
Black,18.2,54.3,88.1,7.43,Wheat
Laterite,29.3,80.0,206.6,5.96,Rice
Laterite,25.1,70.4,48.4,5.98,Groundnut
Red,33.0,64.2,105.7,6.01,Groundnut
Alluvial,24.9,61.3,81.3,6.17,Tomato
Black,32.4,80.4,101.7,5.88,Maize
Clay,33.0,50.6,84.2,6.0,Groundnut
Alluvial,30.1,80.0,82.9,6.81,Maize
Alluvial,21.0,62.4,132.3,6.14,Tomato
Red,26.4,63.3,113.7,7.86,Cotton
Black,21.7,84.9,138.2,6.89,Soybean
Laterite,33.7,80.1,206.4,6.34,Rice
Loamy,17.0,39.2,74.2,6.71,Mustard
Alluvial,24.4,66.6,144.6,5.96,Soybean
Alluvial,20.6,57.8,58.9,6.84,Mustard
Sandy,18.3,67.2,126.7,6.43,Potato
Red,29.5,55.2,66.0,7.64,Millets
Red,21.8,63.3,78.3,7.46,Soybean
Alluvial,24.8,84.2,182.4,7.54,Sugarcane
Black,21.2,45.8,65.9,6.33,Mustard
Laterite,27.9,70.4,60.9,6.31,Groundnut
Loamy,24.2,52.7,59.7,6.75,Chickpea
Loamy,31.4,68.3,119.3,6.52,Maize
Laterite,29.5,83.1,244.2,6.93,Banana
Red,30.7,46.0,100.1,7.46,Cotton
Sandy,18.5,70.4,141.4,5.4,Potato
Red,31.5,40.6,94.8,6.32,Millets
Sandy,18.4,76.3,130.9,5.2,Potato
Loamy,31.6,56.0,67.9,6.78,Maize
Laterite,25.2,77.8,154.9,5.74,Rice
Black,24.1,48.1,41.7,7.38,Mustard
Loamy,21.8,49.9,76.7,6.2,Wheat
Black,17.8,44.6,32.1,7.18,Mustard
Loamy,22.2,69.5,86.1,6.66,Wheat
Black,34.2,79.2,187.1,6.61,Sugarcane
Laterite,29.1,84.9,203.4,6.72,Banana
Sandy,29.5,46.7,78.9,7.05,Millets
Loamy,21.7,58.2,156.6,6.89,Maize
Red,32.1,63.1,104.1,6.23,Groundnut
Red,35.2,62.9,89.8,7.31,Cotton
Alluvial,26.4,64.4,86.1,7.13,Chickpea
Loamy,22.1,64.1,51.2,7.31,Chickpea
Black,23.8,39.6,39.0,6.25,Chickpea
Alluvial,17.5,48.7,56.6,6.52,Chickpea
Red,23.3,75.2,176.3,7.28,Soybean
Alluvial,22.1,57.4,77.7,7.49,Wheat
Alluvial,30.7,76.5,134.9,6.95,Maize
Laterite,18.6,57.9,97.6,6.35,Wheat
Alluvial,26.7,78.1,225.8,6.5,Sugarcane
Clay,28.5,70.1,224.0,5.92,Rice
Alluvial,25.2,80.8,67.2,6.79,Tomato
Alluvial,22.5,59.0,59.7,6.05,Tomato
Alluvial,26.4,58.1,73.5,6.67,Maize
Black,27.3,66.3,135.8,6.74,Soybean
Alluvial,21.7,68.6,137.2,6.39,Maize
Sandy,26.8,57.5,59.5,6.99,Groundnut
Black,27.5,51.2,59.0,6.78,Cotton
Loamy,32.0,80.1,182.4,7.27,Banana
Laterite,24.0,62.8,75.4,6.64,Millets
Alluvial,18.3,67.2,55.5,5.96,Wheat
Red,32.6,39.8,71.5,6.05,Millets
Laterite,29.9,86.8,239.7,6.36,Rice
Black,15.1,73.3,71.6,5.94,Potato
Loamy,20.6,68.2,71.2,6.69,Tomato
Alluvial,21.7,70.7,103.7,6.57,Tomato
Red,31.7,75.6,117.3,5.96,Maize
Alluvial,26.4,73.0,64.5,6.88,Maize
Black,27.5,79.5,194.3,7.32,Sugarcane
Laterite,28.9,78.5,285.8,6.81,Rice
Laterite,28.5,81.3,146.0,6.56,Rice
Loamy,21.1,52.4,32.2,7.47,Mustard
Loamy,20.9,65.7,45.8,6.3,Chickpea
Red,29.5,62.5,93.2,6.88,Tomato
Loamy,25.2,51.1,54.8,6.43,Chickpea
Black,19.5,68.4,80.2,6.78,Wheat
Red,29.7,47.4,79.3,7.76,Cotton
Laterite,33.1,67.6,101.7,6.98,Groundnut
Loamy,19.8,56.7,53.9,7.04,Mustard
Red,27.9,60.5,56.6,6.14,Groundnut
Black,24.2,52.5,33.4,6.81,Mustard
Black,34.3,74.3,243.2,6.4,Sugarcane
Clay,33.9,84.2,213.5,6.06,Rice
Alluvial,25.5,74.0,159.4,5.96,Sugarcane
Sandy,21.0,64.5,121.3,5.27,Potato
Alluvial,33.5,76.9,219.6,6.1,Banana
Black,24.5,82.9,238.2,6.02,Sugarcane
Laterite,24.3,59.2,33.0,6.67,Millets
Loamy,30.8,73.6,244.1,7.15,Sugarcane
Alluvial,15.6,55.9,49.6,6.89,Chickpea
Sandy,21.0,79.6,143.2,5.02,Potato
Laterite,23.8,81.5,219.1,6.41,Rice
Sandy,15.3,68.3,90.6,6.09,Potato
Red,33.7,38.8,84.0,7.91,Millets
Red,24.2,59.2,86.0,6.45,Tomato
Loamy,21.0,71.9,62.9,6.8,Tomato
Sandy,15.3,76.4,113.6,6.29,Potato
Loamy,21.6,69.3,47.1,7.03,Onion
Red,29.2,56.5,75.3,6.89,Tomato
Alluvial,28.1,55.0,54.8,6.07,Onion
Red,25.1,71.8,140.1,6.58,Soybean
Sandy,29.9,73.5,103.5,6.47,Soybean
Black,15.1,62.7,79.2,7.06,Mustard
Black,33.2,89.8,186.4,7.2,Sugarcane
Alluvial,24.3,83.3,253.3,6.59,Banana
Loamy,27.8,46.4,91.1,6.94,Groundnut
Sandy,27.5,62.4,106.8,6.99,Groundnut
Loamy,25.3,57.2,72.8,6.57,Onion
Alluvial,31.9,83.3,207.6,6.72,Rice
Loamy,23.5,79.6,109.2,6.47,Soybean
Loamy,29.1,77.0,179.8,7.22,Banana
Alluvial,22.0,39.4,69.2,6.99,Mustard
Loamy,20.2,62.0,117.6,5.64,Potato
Alluvial,34.4,89.0,205.1,7.49,Sugarcane
Black,21.5,50.8,62.5,6.86,Mustard
Loamy,33.2,83.4,234.5,6.93,Sugarcane
Loamy,26.8,61.6,148.9,6.35,Maize
Loamy,23.3,54.1,43.5,7.56,Chickpea
Loamy,28.7,61.3,88.9,6.21,Cotton
Loamy,19.4,72.8,123.6,6.08,Potato
Alluvial,27.5,78.6,131.4,6.05,Banana
Black,23.6,59.9,70.6,7.48,Wheat
Red,27.8,49.2,92.2,6.08,Groundnut
Alluvial,20.7,76.6,96.0,6.97,Tomato
Red,24.4,61.7,81.7,6.7,Groundnut
Red,25.4,78.7,116.9,6.91,Tomato
Loamy,23.8,69.7,67.2,7.02,Wheat
Loamy,26.2,77.0,220.5,6.21,Sugarcane
Black,33.7,80.0,195.4,7.42,Sugarcane
Loamy,24.6,69.9,142.7,6.45,Soybean
Loamy,22.3,62.2,161.3,6.83,Soybean
Alluvial,27.4,58.2,104.7,6.31,Maize
Loamy,33.4,91.2,227.5,6.44,Banana
Loamy,34.0,76.1,209.2,6.94,Banana
Sandy,23.0,68.8,69.3,6.23,Potato
Loamy,26.0,82.5,137.3,6.41,Banana
Alluvial,28.8,79.5,60.1,6.77,Tomato
Laterite,30.9,61.6,47.4,6.63,Groundnut
Loamy,20.6,51.8,89.6,6.7,Onion
Red,29.1,67.4,60.1,7.21,Cotton
Alluvial,18.7,53.0,30.1,6.93,Mustard
Laterite,31.4,41.3,38.6,7.72,Millets
Alluvial,33.4,92.3,280.4,6.76,Rice
Red,27.2,72.9,137.0,6.76,Maize
Alluvial,20.8,60.0,63.5,6.2,Potato
Black,19.9,55.9,53.3,7.35,Mustard
Red,21.1,64.9,148.5,6.19,Maize
Clay,20.8,75.3,48.4,6.21,Onion
Sandy,24.0,78.4,108.0,6.3,Potato
Loamy,25.9,65.1,75.6,6.84,Maize
Laterite,31.8,89.3,191.7,6.96,Banana
Loamy,15.6,53.2,71.6,7.31,Chickpea
Sandy,23.9,82.5,76.9,6.13,Potato
Loamy,19.7,69.4,100.8,6.33,Wheat
Loamy,20.4,67.3,60.9,5.04,Potato
Black,15.4,58.5,59.3,6.06,Mustard
Loamy,21.3,50.6,51.0,6.21,Mustard
Black,25.7,54.6,66.5,7.18,Chickpea
Loamy,27.5,55.4,62.3,6.44,Tomato
Loamy,16.0,58.5,83.2,6.93,Chickpea
Loamy,15.4,57.8,75.0,7.39,Mustard
Laterite,31.4,71.0,165.5,7.2,Banana
Clay,32.5,88.2,223.6,6.69,Rice
Alluvial,29.9,75.6,197.6,7.4,Banana
Loamy,20.8,63.2,58.6,7.78,Chickpea
Laterite,24.5,61.5,102.5,6.15,Groundnut
Black,26.7,83.3,210.1,6.32,Sugarcane
Laterite,27.7,69.9,120.2,6.67,Banana
Loamy,29.9,70.8,97.2,7.33,Soybean
Loamy,19.4,49.9,70.7,7.22,Onion
Alluvial,20.3,60.3,61.9,6.11,Potato
Alluvial,34.0,71.4,168.9,6.2,Rice
Laterite,28.4,71.4,288.1,6.01,Rice
Alluvial,18.8,68.6,85.1,6.47,Onion
Laterite,32.9,65.0,88.4,6.74,Groundnut
Alluvial,26.9,76.4,92.4,6.32,Tomato
Loamy,26.4,66.8,119.2,6.26,Cotton
Black,25.9,41.8,43.7,6.77,Chickpea
Sandy,23.2,63.6,74.6,5.88,Potato
Alluvial,19.9,71.8,86.9,6.23,Tomato
Laterite,32.5,60.1,103.8,6.27,Groundnut
Alluvial,14.9,59.8,71.5,6.06,Potato
Loamy,28.1,71.0,101.5,5.89,Maize
Black,25.4,54.6,62.3,7.25,Chickpea
Laterite,34.2,53.8,84.8,6.47,Groundnut
Alluvial,30.7,67.8,65.7,6.82,Maize
Laterite,25.4,48.2,102.3,6.65,Groundnut
Loamy,18.7,69.8,48.3,6.91,Onion
Red,22.4,80.3,89.7,6.58,Soybean
Loamy,20.7,75.8,67.5,6.07,Potato
Loamy,24.7,57.6,104.2,6.98,Onion
Red,31.1,80.8,97.6,6.79,Soybean
Alluvial,16.2,63.8,108.9,6.15,Potato
Alluvial,28.6,61.2,101.9,6.56,Tomato
Laterite,30.3,85.2,154.7,5.46,Rice
Laterite,25.2,89.6,195.9,5.96,Rice
Desert,30.1,38.2,68.0,6.83,Millets
Red,25.7,53.7,70.6,7.07,Millets
Alluvial,20.1,62.2,119.7,6.98,Tomato
Red,21.3,61.7,103.0,6.17,Tomato
Sandy,33.9,51.8,57.9,5.98,Groundnut
Black,27.5,79.8,107.7,7.21,Soybean
Alluvial,20.5,68.1,118.2,6.19,Potato
Loamy,19.5,45.8,56.4,6.69,Mustard
Alluvial,33.3,80.1,234.6,6.04,Banana
Red,28.5,84.9,122.3,7.5,Soybean
Laterite,24.3,46.5,72.3,7.32,Millets
Red,25.0,68.5,51.4,6.97,Onion
Alluvial,19.5,62.5,57.7,6.55,Chickpea
Alluvial,35.3,92.9,227.7,5.59,Rice
Black,33.1,78.8,205.8,6.53,Sugarcane
Alluvial,25.3,78.2,145.9,6.99,Banana
Loamy,27.1,72.1,93.8,6.99,Tomato
Black,31.8,47.9,87.0,6.45,Cotton
Alluvial,21.3,65.6,98.1,6.39,Maize
Alluvial,28.4,86.9,189.5,6.62,Banana
Loamy,29.1,63.2,79.8,6.46,Onion
Black,36.4,52.2,54.3,7.03,Cotton
Black,22.5,69.6,80.9,6.49,Soybean
Black,18.3,51.2,89.2,6.78,Chickpea
Alluvial,21.1,62.5,89.9,6.22,Onion
Laterite,25.4,85.7,216.3,5.99,Rice
Sandy,23.1,72.9,72.0,5.48,Potato
Red,32.0,64.1,37.7,7.67,Millets
Laterite,34.2,52.9,72.4,6.7,Groundnut
Black,26.3,56.7,103.8,7.32,Cotton
Loamy,28.6,67.9,90.5,6.25,Tomato
Loamy,28.4,62.8,122.4,7.08,Maize
Red,24.2,52.6,71.5,6.37,Groundnut
Sandy,23.8,53.8,95.6,6.52,Groundnut
Black,30.0,68.2,178.1,6.0,Soybean
Alluvial,15.3,60.3,58.2,7.01,Wheat
Red,30.5,68.1,154.0,7.06,Maize
Alluvial,20.7,56.8,83.2,7.18,Wheat
Loamy,14.1,53.8,64.0,6.13,Mustard
Alluvial,30.5,85.6,212.9,6.97,Banana
Black,30.6,77.8,136.1,6.67,Sugarcane
Alluvial,24.4,77.3,73.3,6.65,Tomato
Loamy,29.6,74.0,216.4,6.57,Sugarcane
Alluvial,18.5,61.5,57.1,5.08,Potato
Red,29.5,67.4,107.8,5.8,Maize
Red,30.1,60.8,116.2,6.51,Tomato
Loamy,22.8,52.3,56.3,6.83,Wheat
Loamy,24.2,80.9,106.1,6.51,Tomato
Red,32.3,64.9,75.3,7.89,Cotton
Alluvial,31.7,72.2,216.9,6.74,Sugarcane
Desert,33.1,80.4,234.5,6.25,Sugarcane
Loamy,15.7,85.3,118.6,5.76,Potato
Black,32.5,79.6,143.0,6.37,Sugarcane
Loamy,23.6,74.1,64.0,6.89,Maize
Alluvial,27.0,57.3,98.4,6.22,Maize
Sandy,28.8,45.0,39.6,6.37,Millets
Loamy,18.1,56.7,85.4,6.7,Wheat
Loamy,25.2,39.9,39.2,7.08,Mustard
Black,30.6,81.8,154.0,7.36,Sugarcane
Laterite,25.7,78.9,216.9,5.8,Rice
Alluvial,24.0,42.0,60.7,7.1,Chickpea
Black,17.5,73.6,130.6,6.01,Potato
Alluvial,31.1,72.2,125.4,6.04,Maize
Alluvial,22.9,72.2,103.4,6.0,Tomato
Loamy,24.0,66.1,88.9,6.36,Tomato
Loamy,17.6,69.5,119.1,6.0,Potato
Red,35.8,70.4,115.1,6.22,Cotton
Laterite,17.2,51.7,67.2,7.03,Mustard
Sandy,18.6,67.8,85.5,5.19,Potato
Loamy,22.5,73.0,141.9,6.1,Maize
Alluvial,25.5,89.4,238.6,6.47,Rice
Red,27.1,75.9,91.2,5.99,Soybean
Red,31.3,57.5,92.5,6.72,Groundnut
Red,20.4,72.7,102.3,6.85,Tomato
Alluvial,24.7,54.9,56.2,7.01,Chickpea
Black,18.0,63.5,82.7,7.48,Wheat
Black,27.2,53.5,118.5,7.82,Cotton
Alluvial,24.0,80.6,121.5,6.27,Tomato
Loamy,33.1,53.7,72.3,6.84,Cotton
Loamy,18.4,53.8,31.7,7.21,Mustard
Loamy,30.6,74.6,235.6,6.38,Banana
Loamy,28.5,66.3,102.6,6.21,Cotton
Loamy,22.5,60.8,85.7,5.3,Potato
Loamy,20.2,60.9,59.7,6.17,Onion
Alluvial,21.7,66.9,107.4,7.53,Onion
Loamy,22.0,64.7,86.6,7.38,Chickpea
Laterite,30.5,73.9,274.3,6.45,Rice
Loamy,17.0,60.1,72.8,6.88,Wheat
Alluvial,25.8,72.2,221.1,5.77,Rice
Loamy,23.6,64.0,112.8,6.51,Tomato
Alluvial,30.0,80.7,217.3,6.71,Sugarcane
Loamy,31.2,63.5,72.1,7.77,Cotton
Red,20.7,80.6,80.0,6.97,Maize
Red,21.9,56.6,94.0,6.8,Maize
Black,20.9,50.7,75.4,7.1,Mustard
Desert,25.3,63.2,61.8,7.55,Millets
Loamy,25.4,57.5,77.1,5.96,Mustard
Laterite,25.6,82.1,145.5,7.34,Banana
Loamy,24.3,75.5,94.9,7.52,Onion
Loamy,17.0,54.2,44.4,7.48,Wheat
Alluvial,22.1,76.0,70.0,5.07,Potato
Alluvial,25.7,62.4,52.3,7.03,Tomato
Red,28.9,62.7,114.3,6.21,Tomato
Sandy,33.6,45.2,109.3,6.67,Groundnut
Loamy,21.2,73.2,94.2,7.43,Onion
Black,20.9,66.1,68.2,6.97,Wheat
Red,31.8,56.5,91.2,6.11,Maize
Red,27.3,61.3,64.3,6.56,Groundnut
Laterite,25.8,48.8,91.6,7.0,Groundnut
Laterite,27.1,83.3,145.8,6.02,Banana
Alluvial,28.5,91.2,250.8,6.18,Banana
Red,21.2,67.8,72.1,6.75,Tomato
Alluvial,29.1,69.6,109.1,6.48,Maize
Sandy,33.0,63.0,53.4,6.14,Groundnut
Black,28.0,77.6,154.7,6.39,Sugarcane
Laterite,31.2,73.8,143.9,7.4,Banana
Sandy,28.5,58.3,66.1,6.66,Groundnut
Alluvial,21.2,75.0,96.7,6.21,Maize
Loamy,19.4,59.6,65.1,7.68,Chickpea
Loamy,22.2,59.1,75.4,5.43,Potato
Alluvial,32.2,71.1,295.6,5.65,Rice
Black,27.1,68.5,58.4,6.63,Cotton
Red,34.3,55.6,66.8,5.58,Millets
Loamy,27.7,68.6,74.1,8.01,Cotton
Black,34.1,83.3,214.1,6.79,Sugarcane
Alluvial,17.7,81.9,115.9,5.27,Potato
Red,35.0,50.6,89.4,6.41,Cotton
Alluvial,30.5,89.7,264.8,6.28,Banana
Laterite,34.6,79.8,193.8,6.29,Rice
Sandy,19.8,71.2,98.5,6.18,Potato
Loamy,28.7,55.6,72.5,6.25,Maize
Alluvial,18.0,50.6,78.9,6.96,Mustard
Loamy,21.2,59.7,154.1,7.08,Maize
Loamy,19.4,50.5,78.2,6.14,Wheat
Alluvial,15.7,64.1,137.8,6.02,Potato
Sandy,33.4,57.1,101.8,6.53,Groundnut
Red,29.8,58.3,68.3,6.61,Tomato
Laterite,30.9,87.1,142.5,6.34,Banana
Loamy,32.0,75.0,76.9,5.99,Soybean
Alluvial,26.5,83.4,203.3,6.3,Sugarcane
Loamy,23.2,54.3,63.2,6.34,Chickpea
Red,33.5,47.1,94.8,6.08,Groundnut
Sandy,29.2,51.2,35.9,7.19,Millets
Loamy,28.5,61.6,91.0,6.14,Cotton
Sandy,33.1,43.5,60.3,6.82,Millets
Sandy,20.0,72.4,122.8,5.48,Potato
Loamy,25.5,76.3,264.1,6.72,Banana
Black,23.4,63.2,49.0,7.15,Chickpea
Loamy,27.2,78.8,88.4,5.93,Maize
Alluvial,21.2,64.7,31.2,7.25,Mustard
Laterite,31.3,92.4,130.1,6.39,Banana
Laterite,27.2,79.3,243.0,6.34,Rice
Laterite,30.4,46.8,86.7,7.92,Millets
Alluvial,26.2,67.7,133.5,6.15,Maize
Loamy,27.7,72.9,95.4,7.51,Onion
Red,31.3,55.8,77.0,6.42,Cotton
Red,24.3,64.8,70.4,6.04,Maize
Red,23.3,70.8,102.1,6.03,Tomato
Alluvial,18.6,65.1,76.7,7.16,Mustard
Loamy,25.5,71.8,125.0,6.76,Banana
Alluvial,30.1,54.4,78.4,6.79,Tomato
Alluvial,19.2,46.4,79.2,6.42,Chickpea
Sandy,19.7,61.2,96.8,5.99,Potato
Clay,25.5,76.4,167.1,6.95,Banana
Black,22.0,59.4,71.7,6.65,Wheat
Loamy,26.9,61.3,166.4,6.23,Soybean
Black,25.7,77.1,150.3,7.51,Soybean
Desert,32.6,49.8,87.2,6.7,Millets
Alluvial,30.2,83.4,155.5,7.47,Banana
Desert,24.8,36.1,76.5,6.21,Millets
Alluvial,31.8,85.1,254.0,6.51,Sugarcane
Black,26.6,89.0,172.0,6.27,Sugarcane
Alluvial,19.2,46.3,41.8,6.21,Chickpea
Alluvial,21.0,57.0,38.9,6.23,Chickpea
Alluvial,25.4,55.1,97.2,7.04,Onion
Loamy,20.4,66.3,87.5,7.37,Wheat
Loamy,27.7,66.8,152.0,7.26,Soybean
Alluvial,27.7,53.5,93.4,6.27,Groundnut
Black,24.7,68.1,141.3,6.88,Soybean
Red,27.5,60.1,98.3,6.34,Groundnut
Black,25.2,81.5,188.3,6.35,Sugarcane
Loamy,27.3,49.7,61.1,6.29,Cotton
Black,25.1,56.6,67.1,7.38,Chickpea
Alluvial,22.5,53.5,44.9,5.96,Mustard
Sandy,34.4,38.3,50.8,6.12,Millets
Loamy,26.1,59.8,88.4,7.49,Chickpea
Sandy,25.3,63.8,88.0,7.49,Millets
Red,27.8,63.4,106.8,6.44,Tomato
Sandy,19.6,84.3,92.2,5.09,Potato
Loamy,24.6,74.4,101.9,7.46,Soybean
Clay,16.3,62.7,62.2,6.98,Wheat
Loamy,20.4,66.7,51.7,6.26,Onion
Alluvial,29.2,74.5,236.7,6.24,Rice
Black,29.9,80.4,216.5,6.76,Sugarcane
Loamy,28.2,72.6,246.8,6.04,Banana
Loamy,22.5,70.5,141.4,6.98,Maize
Loamy,34.8,60.7,104.7,6.99,Cotton
Loamy,15.8,64.7,56.1,7.54,Chickpea
Desert,26.5,56.4,42.0,7.43,Millets
Black,22.7,42.3,61.0,6.88,Mustard
Sandy,20.9,61.3,126.8,5.88,Potato
Loamy,16.0,70.2,96.4,7.42,Wheat
Loamy,21.1,58.5,87.2,6.68,Wheat
Loamy,24.1,59.6,104.2,7.1,Onion
Alluvial,26.8,83.9,223.5,6.48,Sugarcane
Red,32.6,42.0,51.4,7.68,Millets
Black,27.6,70.3,139.1,7.53,Sugarcane
Red,28.5,50.3,53.1,6.66,Cotton
Loamy,23.0,42.8,30.2,7.06,Mustard
Black,23.8,46.2,38.7,6.65,Mustard
Laterite,25.3,70.2,166.4,6.73,Rice
Alluvial,25.8,81.5,219.9,5.82,Rice
Sandy,33.3,65.2,73.2,6.97,Groundnut
Sandy,27.7,52.6,94.5,5.9,Millets
Laterite,27.5,48.3,55.2,6.07,Groundnut
Desert,36.1,45.0,79.2,7.55,Cotton
Red,34.3,77.4,159.3,6.13,Sugarcane
Laterite,27.5,69.6,97.2,6.81,Groundnut
Loamy,34.1,86.0,176.8,7.37,Banana
Alluvial,28.8,70.7,99.9,7.35,Onion
Sandy,24.5,69.0,121.6,7.14,Soybean
Alluvial,25.5,54.5,105.6,6.87,Onion
Desert,27.2,51.8,87.9,6.64,Millets
Loamy,32.7,50.7,89.3,7.62,Cotton
Black,23.5,74.8,105.2,6.26,Onion
Red,26.5,35.2,83.3,6.96,Millets
Red,31.7,54.1,71.5,6.12,Maize
Loamy,20.6,43.3,63.6,7.71,Chickpea
Laterite,31.7,91.7,190.5,7.37,Banana
Laterite,26.3,77.0,294.7,5.53,Rice
Loamy,19.7,65.7,95.6,7.31,Onion
Alluvial,20.5,43.0,81.4,6.44,Chickpea
Sandy,27.5,48.5,55.7,6.26,Groundnut
Alluvial,25.8,72.5,60.3,6.94,Maize
Black,35.0,68.6,72.4,6.41,Cotton
Loamy,19.9,63.3,64.9,6.97,Onion
Loamy,23.6,75.5,197.4,6.8,Banana
Loamy,23.9,70.7,87.0,6.25,Tomato
Loamy,26.3,65.4,87.2,6.77,Tomato
Red,23.1,73.9,121.7,7.53,Soybean
Sandy,32.0,63.9,82.3,6.85,Millets
Loamy,31.3,58.5,64.6,7.21,Cotton
Laterite,23.4,54.1,115.3,6.85,Tomato
Red,23.9,66.2,101.0,7.02,Tomato
Clay,29.6,80.8,198.0,6.06,Rice
Black,29.8,46.9,116.7,7.21,Cotton
Red,29.8,67.5,102.6,6.87,Tomato
Alluvial,18.7,83.4,81.8,5.2,Potato
Red,29.5,68.4,128.7,6.2,Soybean
Red,22.8,83.3,156.3,6.48,Soybean
Desert,34.4,58.0,67.0,6.09,Millets
Clay,34.0,81.9,244.7,5.84,Rice
Black,15.1,67.9,61.0,6.94,Wheat
Black,30.4,89.0,184.8,6.87,Sugarcane
Alluvial,20.3,57.5,69.0,7.8,Chickpea
Loamy,34.2,56.5,110.0,7.4,Cotton
Alluvial,31.4,92.2,175.0,7.2,Banana
Red,22.0,70.7,128.8,6.53,Tomato
Alluvial,26.2,69.9,47.1,6.95,Onion
Black,23.0,55.5,78.9,6.3,Onion
Alluvial,19.9,40.8,61.5,6.77,Chickpea
Laterite,27.6,77.1,118.7,6.05,Banana
Laterite,31.2,76.0,185.8,6.27,Rice
Laterite,26.2,50.8,93.1,6.97,Groundnut
Alluvial,15.6,68.8,91.1,5.24,Potato
Alluvial,23.4,54.7,84.7,6.06,Wheat
Alluvial,27.8,90.9,210.1,7.17,Banana
Sandy,35.5,52.2,57.8,6.97,Millets
Black,15.7,54.1,92.7,6.59,Wheat
Black,35.0,64.9,55.3,7.94,Cotton
Loamy,23.4,80.2,174.7,7.43,Soybean
Black,25.6,50.3,119.9,7.98,Cotton
Alluvial,27.5,81.1,196.9,7.39,Sugarcane
Loamy,30.7,70.3,241.6,7.05,Sugarcane
Alluvial,25.5,85.5,154.3,7.19,Sugarcane
Alluvial,28.2,77.3,73.0,6.45,Tomato
Black,27.2,46.9,53.1,7.46,Cotton
Alluvial,15.4,54.9,101.4,6.29,Wheat
Red,21.7,75.7,82.7,6.91,Tomato
Black,27.4,48.6,84.6,6.27,Millets
Loamy,22.9,58.2,81.7,6.98,Chickpea
Sandy,34.6,47.6,90.6,6.41,Millets
Loamy,27.6,60.2,159.1,6.47,Soybean
Red,27.3,54.4,125.5,6.98,Tomato
Alluvial,19.6,64.2,89.2,7.41,Chickpea
Alluvial,18.9,60.3,87.5,6.37,Onion
Loamy,19.4,51.4,57.5,6.13,Mustard
Red,27.0,76.2,107.8,6.1,Soybean
Alluvial,26.2,74.3,136.7,6.54,Sugarcane
Loamy,28.1,79.4,159.8,6.77,Maize
Red,23.7,84.2,155.8,6.32,Soybean
Laterite,28.4,70.2,185.3,6.69,Banana
Laterite,28.2,76.7,242.6,6.26,Rice
Alluvial,34.0,75.8,138.4,6.36,Sugarcane
Loamy,19.7,52.9,72.5,6.64,Mustard
Sandy,27.4,42.2,47.2,6.82,Millets
Loamy,23.1,80.1,78.8,6.2,Potato
Black,27.6,73.0,101.6,6.61,Onion
Clay,25.0,70.1,269.9,6.14,Rice
Red,33.3,58.9,76.8,5.74,Millets
Loamy,28.9,68.7,103.7,6.12,Soybean
Alluvial,23.4,49.2,88.7,7.45,Chickpea
Alluvial,29.1,90.5,162.1,6.73,Sugarcane
Red,32.3,69.9,63.7,5.99,Groundnut
Red,32.1,49.7,35.7,7.51,Millets
Loamy,26.4,83.5,152.9,6.04,Soybean
Sandy,27.6,47.0,73.3,6.34,Groundnut
Loamy,32.9,75.3,227.8,6.13,Sugarcane
Black,22.5,45.1,72.9,7.39,Mustard
Alluvial,22.2,66.8,66.9,5.35,Potato
Loamy,29.4,77.9,78.8,6.37,Soybean
Laterite,23.8,60.3,80.3,6.76,Groundnut
Desert,23.6,73.6,141.9,6.41,Maize
Clay,26.0,90.2,177.9,6.55,Banana
Loamy,32.0,47.3,56.5,6.27,Cotton
Clay,32.3,73.7,187.9,6.44,Rice
Alluvial,22.2,60.0,86.1,6.94,Chickpea
Laterite,36.0,34.6,73.2,5.84,Millets
Alluvial,23.1,56.7,38.8,6.92,Mustard
Black,32.1,49.1,61.1,7.99,Cotton
Black,18.9,65.2,56.9,7.27,Wheat
Alluvial,35.0,92.0,282.6,5.72,Rice
Laterite,24.9,58.0,69.0,7.38,Mustard
Red,22.4,76.6,108.3,5.83,Maize
Alluvial,26.2,70.8,100.7,6.46,Maize
Alluvial,24.0,83.6,57.0,5.97,Potato
Red,33.1,66.1,35.3,6.07,Millets
Red,25.1,66.8,83.6,5.8,Maize
Black,20.4,70.6,58.1,6.26,Wheat
Laterite,28.2,55.1,87.7,6.02,Groundnut
Alluvial,18.9,57.8,82.3,7.45,Chickpea
Laterite,31.5,75.5,213.5,7.12,Banana
Red,29.3,70.3,51.4,6.01,Groundnut
Loamy,23.6,60.2,162.4,6.81,Maize
Loamy,16.4,42.5,34.1,6.95,Mustard
Alluvial,23.7,90.5,140.7,6.85,Banana
Loamy,20.9,70.2,63.7,7.14,Maize
Black,21.5,54.8,50.1,6.51,Chickpea
Alluvial,32.9,76.2,150.8,7.52,Sugarcane
Sandy,26.6,44.1,61.7,5.53,Millets
Black,27.5,81.7,138.8,6.72,Soybean
Alluvial,20.1,49.4,90.1,6.17,Chickpea
Red,22.2,84.6,173.4,6.03,Soybean
Black,28.0,70.9,74.7,6.91,Cotton
Black,18.5,50.1,48.7,7.0,Wheat
Black,23.3,61.0,118.3,6.04,Soybean
Alluvial,18.0,52.2,43.5,6.77,Mustard
Laterite,34.7,44.1,89.0,7.23,Millets
Alluvial,16.3,56.9,71.2,6.19,Wheat
Red,27.2,65.2,119.8,6.98,Cotton
Black,31.6,63.4,135.5,6.12,Soybean
Alluvial,24.8,83.6,166.8,7.09,Sugarcane
Red,31.1,76.5,101.2,6.82,Soybean
Black,25.6,68.8,62.4,6.92,Onion
Loamy,32.6,70.2,156.3,6.03,Sugarcane
Alluvial,29.7,77.2,212.1,6.99,Banana
Loamy,23.3,62.4,120.6,6.15,Soybean
Black,28.2,79.0,153.6,6.09,Soybean
Black,26.1,50.2,79.7,7.13,Onion
Black,25.0,81.4,88.0,6.87,Soybean
Loamy,16.0,51.9,33.2,7.09,Mustard
Red,23.2,73.2,77.5,7.2,Soybean
Alluvial,27.2,82.9,158.1,7.42,Sugarcane
Alluvial,31.6,82.0,238.2,6.97,Banana
Loamy,30.1,64.4,60.6,7.19,Onion
Black,22.3,52.1,39.4,7.44,Chickpea
Black,17.7,65.9,88.2,7.3,Wheat
Black,23.2,43.5,50.2,6.59,Chickpea
Loamy,23.1,59.4,44.9,6.61,Onion
Sandy,19.7,70.8,130.7,5.66,Potato
Black,24.9,55.2,95.1,6.09,Onion
Black,26.6,78.5,182.5,6.43,Sugarcane
Laterite,32.4,88.0,225.6,7.15,Banana
Laterite,29.6,89.9,281.9,5.52,Rice
Alluvial,23.0,55.6,34.1,7.5,Chickpea
Sandy,29.1,64.6,67.1,6.71,Groundnut
Laterite,33.1,80.4,179.2,7.28,Banana
Alluvial,28.1,70.6,257.1,5.75,Rice
Black,34.7,49.2,54.7,7.15,Cotton
Red,27.9,66.6,96.0,6.06,Maize
Alluvial,21.9,59.0,97.9,6.58,Wheat
Loamy,36.0,49.5,87.5,7.05,Cotton
Black,24.0,47.4,37.5,6.24,Chickpea
Sandy,34.9,63.5,37.3,6.97,Millets
Clay,28.5,87.5,252.7,5.92,Rice
Loamy,20.1,51.1,111.2,6.15,Onion
Sandy,24.1,61.6,67.6,6.34,Potato
Alluvial,18.3,66.1,80.0,6.22,Onion
Laterite,23.7,69.6,262.3,6.85,Banana
Alluvial,23.7,87.7,219.2,6.52,Sugarcane
Laterite,26.6,91.4,170.7,5.52,Rice
Alluvial,27.3,54.6,57.5,6.81,Tomato
Loamy,27.5,63.7,108.3,7.26,Onion
Red,29.3,61.8,90.8,7.95,Millets
Clay,30.3,72.4,162.6,6.38,Rice
Alluvial,29.1,81.5,267.8,6.56,Rice
Loamy,32.4,66.9,143.1,7.04,Maize
Laterite,33.1,74.8,281.6,5.54,Rice
Black,18.4,66.7,84.9,6.7,Wheat
Alluvial,18.1,41.1,33.4,7.0,Mustard
Loamy,33.6,88.0,225.8,6.73,Banana
Loamy,27.4,78.2,124.9,6.79,Tomato
Loamy,21.2,81.2,82.8,5.29,Potato
Alluvial,32.4,79.5,168.0,7.0,Banana
Loamy,26.3,69.9,73.9,6.59,Tomato
Alluvial,23.8,67.2,60.0,6.95,Maize
Loamy,18.8,71.3,50.7,6.92,Onion
Black,33.0,62.0,67.6,6.58,Cotton
Desert,31.2,35.0,72.9,7.06,Millets
Loamy,25.0,55.9,79.8,6.45,Maize
Black,26.5,53.8,84.6,7.41,Onion
Loamy,21.0,50.1,71.0,7.47,Mustard
Sandy,35.0,52.2,46.3,6.52,Millets
Loamy,26.8,66.8,78.2,6.62,Cotton
Laterite,29.2,59.2,36.1,7.58,Millets
Alluvial,16.0,67.8,73.4,5.63,Potato
Black,14.3,60.2,43.3,7.27,Mustard
Red,31.2,47.2,88.6,6.71,Groundnut
Desert,24.7,55.5,70.7,7.12,Millets
Desert,25.4,36.5,39.7,7.03,Millets
Desert,35.1,46.1,92.8,7.3,Millets
Black,25.2,81.1,222.2,6.52,Sugarcane
Loamy,21.0,80.6,147.7,7.14,Maize
Alluvial,20.2,75.4,117.4,5.99,Tomato
Red,33.9,70.8,83.2,6.16,Groundnut
Loamy,26.5,86.0,162.4,7.31,Banana
Loamy,18.8,66.7,72.8,7.13,Wheat
Laterite,30.8,58.2,82.3,6.72,Groundnut
Loamy,33.7,71.5,148.3,6.58,Banana
Loamy,26.4,71.2,201.4,6.93,Sugarcane
Desert,23.6,41.0,77.4,6.28,Millets
Red,33.4,51.5,66.8,5.87,Millets
Laterite,25.2,43.9,91.0,6.01,Millets
Red,27.5,56.9,101.1,6.6,Tomato
Laterite,27.8,75.5,123.1,6.52,Banana
Black,23.6,56.1,35.7,6.22,Mustard
Sandy,28.8,82.1,136.6,7.46,Soybean
Black,29.2,49.7,79.1,6.05,Onion
Laterite,30.6,76.1,251.5,6.61,Rice
Loamy,25.0,49.2,107.4,6.38,Onion
Loamy,19.9,66.5,90.2,6.75,Onion
Red,31.6,70.1,122.5,6.95,Groundnut
Alluvial,30.1,88.8,259.1,5.5,Rice
Clay,30.2,69.8,264.4,6.64,Rice
Red,31.3,47.9,88.2,6.18,Cotton
Loamy,30.1,92.3,246.7,6.12,Banana
Loamy,21.4,69.0,45.1,6.83,Onion
Sandy,22.8,73.4,97.2,6.32,Potato
Alluvial,21.5,75.1,82.9,6.01,Tomato
Black,27.1,48.2,61.1,7.9,Cotton
Loamy,25.9,64.8,96.3,7.04,Cotton
Laterite,28.9,57.4,105.7,6.01,Groundnut
Loamy,21.5,40.6,44.6,6.93,Mustard
Desert,23.6,36.2,73.1,5.94,Millets
Sandy,21.6,64.7,95.5,7.2,Soybean
Red,28.7,67.8,101.7,6.97,Maize
Black,20.1,57.1,108.1,6.47,Onion
Black,25.1,61.5,47.8,6.3,Onion
Alluvial,33.6,88.2,137.1,6.03,Banana
Loamy,25.1,81.1,188.7,6.77,Sugarcane
Red,28.8,69.1,56.1,5.81,Maize
Loamy,18.0,59.3,52.9,7.22,Wheat
Laterite,29.7,75.6,250.3,6.15,Banana
Alluvial,30.3,55.8,71.8,5.96,Millets
Black,23.1,62.0,68.7,6.62,Chickpea
Black,32.4,64.3,64.6,7.8,Cotton
Alluvial,20.3,63.9,67.3,7.14,Onion
Black,30.1,44.3,104.8,6.58,Cotton
Loamy,17.0,61.2,60.5,6.48,Wheat
Clay,33.7,76.2,239.6,6.01,Rice
Loamy,32.0,82.0,138.7,6.57,Banana
Black,20.5,53.7,58.7,7.38,Mustard
Loamy,28.8,71.7,198.6,7.4,Banana
Sandy,25.0,51.6,48.1,7.02,Groundnut
Loamy,25.8,53.7,59.6,6.54,Chickpea
Alluvial,26.1,81.7,145.3,6.65,Sugarcane
Alluvial,31.4,70.0,144.9,5.53,Rice
Alluvial,26.2,90.4,162.7,6.33,Sugarcane
Black,20.8,69.3,101.1,6.02,Wheat
Black,24.7,68.6,97.5,7.18,Cotton
Alluvial,15.5,57.6,72.2,7.13,Mustard
Black,23.6,80.1,198.4,7.0,Sugarcane
Alluvial,26.7,54.8,87.7,6.15,Onion
Loamy,24.9,39.1,64.5,6.14,Mustard
Red,22.7,71.2,97.0,7.13,Maize
Desert,23.2,52.1,61.8,6.54,Wheat
Sandy,16.4,74.7,87.0,5.49,Potato
Red,32.0,44.6,70.2,6.9,Groundnut
Alluvial,24.8,53.9,47.8,6.27,Mustard
Black,30.1,89.1,187.6,6.5,Sugarcane
Loamy,18.9,70.6,86.3,6.12,Onion
Loamy,24.4,72.9,206.1,7.43,Banana
Laterite,26.8,86.4,211.3,6.09,Banana
Alluvial,29.6,58.8,68.6,6.98,Tomato
Laterite,33.8,57.7,87.1,7.01,Groundnut
Red,24.4,54.6,72.6,6.59,Maize
Alluvial,15.6,57.7,73.2,7.22,Mustard
Red,25.1,45.5,94.5,6.66,Groundnut
Laterite,26.1,82.5,266.4,5.82,Rice
Sandy,29.9,64.3,93.1,8.07,Millets
Alluvial,17.6,54.1,87.4,7.66,Chickpea
Loamy,24.3,64.1,75.0,7.08,Chickpea
Black,28.9,69.4,107.1,7.1,Onion
Alluvial,16.6,53.2,72.3,6.01,Wheat
Loamy,32.8,85.0,201.9,7.11,Sugarcane
Black,28.3,75.3,149.7,6.77,Sugarcane
Laterite,26.7,83.7,151.6,6.47,Banana
Alluvial,27.4,80.8,188.5,5.96,Sugarcane
Alluvial,22.5,63.0,91.8,6.43,Maize
Black,20.2,52.2,44.2,6.44,Mustard
Red,20.3,78.7,63.2,6.38,Tomato
Loamy,24.3,65.8,48.3,7.0,Wheat
Red,21.4,58.8,66.9,6.89,Maize
Loamy,25.4,61.0,85.4,6.42,Tomato
Red,27.9,53.3,61.0,7.47,Cotton
Clay,27.7,78.1,159.3,5.69,Rice
Alluvial,27.4,89.0,186.7,6.68,Banana
Black,20.2,67.8,60.1,7.36,Wheat
Loamy,24.5,59.0,68.0,6.78,Chickpea
Alluvial,18.1,66.3,79.9,6.6,Onion
Sandy,32.5,70.9,105.8,6.8,Groundnut
Loamy,30.1,80.1,182.3,7.09,Banana
Red,30.9,46.5,45.7,5.44,Millets
Loamy,33.3,71.1,246.5,7.11,Banana
Loamy,30.1,77.4,215.2,7.42,Banana
Clay,25.8,71.1,199.4,6.45,Rice
Alluvial,30.8,84.9,228.1,6.46,Banana
Red,34.8,64.0,104.6,7.85,Cotton
Alluvial,29.6,84.1,212.0,7.27,Sugarcane
Alluvial,29.6,68.3,59.5,6.23,Tomato
Alluvial,24.5,46.8,120.4,6.69,Groundnut
Laterite,34.7,70.5,178.9,6.27,Rice
Alluvial,22.8,72.3,63.7,7.21,Maize
Alluvial,22.5,67.7,101.8,5.77,Maize
Alluvial,23.5,64.6,72.4,5.96,Mustard
Red,35.9,70.9,78.4,7.44,Cotton
Black,26.1,59.7,106.6,6.32,Soybean
Alluvial,29.8,71.5,279.0,5.53,Rice
Alluvial,22.3,68.4,128.7,6.44,Maize
Loamy,24.8,74.6,85.6,6.87,Tomato
Black,24.8,41.3,35.6,6.47,Chickpea
Desert,23.6,38.8,96.0,6.57,Millets
Black,28.5,82.6,190.3,6.16,Sugarcane
Alluvial,26.1,80.3,262.8,6.67,Rice
Loamy,26.1,52.9,61.3,7.52,Onion
Desert,31.2,52.1,45.8,6.73,Millets
Laterite,26.1,72.4,174.5,5.94,Rice
Loamy,22.2,55.9,109.3,5.88,Maize
Alluvial,23.4,43.6,44.0,6.75,Chickpea
Black,23.4,45.8,88.1,7.53,Chickpea
Red,23.5,51.2,70.0,6.3,Millets
Red,32.8,49.3,83.0,6.88,Cotton
Red,27.8,55.8,82.1,5.85,Maize
Alluvial,34.2,85.3,149.6,6.71,Sugarcane
Sandy,33.4,54.7,118.8,6.91,Groundnut
Loamy,17.3,57.0,64.9,6.38,Mustard
Sandy,31.7,78.4,58.2,6.93,Maize
Loamy,17.0,66.9,90.7,5.74,Potato
Alluvial,29.5,84.0,245.8,6.81,Banana
Alluvial,17.2,77.4,70.0,5.23,Potato
Red,19.9,62.1,130.6,6.37,Tomato
Red,31.5,34.2,96.3,7.92,Millets
Black,27.9,60.0,100.1,6.11,Onion
Red,22.2,68.5,125.9,6.22,Soybean
Sandy,30.3,55.0,79.8,6.25,Groundnut
Black,17.1,45.7,58.1,6.45,Mustard
Loamy,31.8,83.6,177.3,7.04,Banana
Loamy,25.1,48.4,71.2,6.84,Mustard
Black,30.7,66.9,54.3,7.59,Cotton
Red,23.5,77.9,66.5,6.72,Maize
Loamy,15.7,49.5,76.5,7.8,Chickpea
Alluvial,26.6,90.4,165.6,7.11,Sugarcane
Desert,32.7,44.7,44.1,6.8,Millets
Alluvial,25.7,65.0,58.1,7.12,Chickpea
Laterite,30.2,75.6,177.2,6.35,Banana
Black,18.7,47.8,89.1,7.59,Chickpea
Alluvial,20.8,60.7,42.0,7.44,Mustard
Loamy,23.9,65.3,91.0,6.94,Maize
Laterite,28.0,89.3,197.0,7.38,Banana
Black,29.1,66.6,84.4,6.13,Onion
Clay,35.0,73.4,176.3,6.64,Rice
Loamy,33.0,82.7,151.4,6.58,Banana
Loamy,14.9,64.7,57.7,7.36,Mustard
Red,27.4,38.9,77.7,5.44,Millets
Alluvial,23.2,63.0,73.8,7.09,Wheat
Laterite,25.0,63.0,96.0,6.33,Groundnut
Alluvial,32.9,84.9,209.8,6.58,Rice
Sandy,29.0,44.3,115.1,6.55,Groundnut
Desert,36.4,39.6,55.5,7.9,Millets
Clay,25.6,71.3,173.7,6.81,Rice
Loamy,23.3,64.2,109.3,6.32,Tomato
Alluvial,20.8,65.6,84.8,6.92,Chickpea
Alluvial,24.1,55.7,55.2,7.7,Chickpea
Black,23.5,63.7,110.6,7.0,Onion
Loamy,25.1,83.2,159.0,7.14,Soybean
Sandy,28.2,51.4,68.3,7.02,Groundnut
Alluvial,23.3,43.5,44.3,6.04,Mustard
Alluvial,26.6,85.4,244.9,5.96,Banana
Loamy,19.2,52.8,83.9,6.23,Chickpea
Red,27.4,54.2,57.8,7.51,Millets
Black,30.4,67.4,160.6,6.48,Soybean
Loamy,25.4,77.1,236.4,6.26,Sugarcane
Loamy,17.2,60.4,81.1,5.0,Potato
Loamy,33.0,50.1,104.3,7.46,Cotton
Loamy,22.8,68.0,45.0,6.84,Wheat
Black,20.9,56.2,82.6,6.54,Onion
Red,28.4,52.4,59.7,6.37,Groundnut
Clay,27.1,87.3,286.0,6.7,Rice
Laterite,29.6,82.2,163.8,7.5,Banana
Alluvial,26.7,65.1,76.7,6.22,Millets
Alluvial,31.9,61.7,149.6,7.13,Maize
Alluvial,31.7,84.3,181.3,6.47,Sugarcane
Sandy,21.2,84.9,86.7,5.43,Potato
Loamy,34.3,81.5,119.6,6.51,Banana
Loamy,34.1,77.4,115.4,7.36,Banana
Loamy,21.7,55.5,58.5,6.73,Onion
Black,33.7,58.2,119.1,6.84,Cotton
Loamy,18.6,81.1,110.1,5.78,Potato
Red,27.9,67.4,122.7,5.98,Maize
Black,22.9,54.4,74.0,6.09,Mustard
Alluvial,23.6,66.8,71.8,6.34,Tomato
Desert,32.1,62.9,39.8,7.79,Millets
Red,26.2,66.9,70.3,7.46,Cotton
Alluvial,30.1,83.4,209.3,6.38,Banana
Red,26.5,69.9,56.3,7.03,Maize
Clay,25.6,56.5,107.8,6.7,Onion
Red,30.6,63.6,101.9,7.7,Cotton
Loamy,19.9,74.9,81.4,6.39,Tomato
Sandy,29.7,67.3,106.5,6.68,Groundnut
Alluvial,29.2,76.1,162.3,6.7,Sugarcane
Black,14.8,42.4,43.2,7.17,Mustard
Alluvial,26.5,85.4,234.3,6.12,Banana
Alluvial,29.9,81.9,214.4,5.64,Rice
Black,21.4,51.6,57.4,6.89,Onion
Clay,25.0,88.0,279.7,5.85,Rice
Red,26.3,66.0,55.0,6.5,Cotton
Sandy,34.1,52.5,86.5,6.48,Groundnut
Desert,32.6,50.1,82.5,6.17,Millets
Laterite,23.9,77.4,147.1,5.69,Rice
Alluvial,32.0,86.7,195.4,6.69,Rice
Alluvial,31.0,77.7,227.1,6.48,Rice
Red,29.5,66.5,93.1,6.15,Maize
Black,18.6,68.1,59.7,7.21,Wheat
Laterite,26.9,77.1,172.0,5.89,Rice
Alluvial,30.8,73.8,136.2,7.48,Banana
Black,17.6,57.5,45.5,7.52,Chickpea
Black,33.7,78.1,228.7,6.62,Sugarcane
Loamy,33.7,75.5,165.9,7.25,Banana
Alluvial,16.2,43.6,69.4,7.42,Chickpea
Loamy,31.7,75.5,150.3,7.39,Sugarcane
Black,27.6,76.3,122.2,6.77,Soybean
Sandy,23.6,63.2,74.4,6.16,Potato
Black,29.5,81.5,150.3,6.27,Soybean
Alluvial,16.8,72.0,70.9,6.02,Potato
Alluvial,21.7,65.5,181.7,7.53,Soybean
Black,30.8,74.3,174.0,7.32,Sugarcane
Black,32.8,77.8,215.0,6.59,Sugarcane
Alluvial,22.0,59.4,105.1,5.98,Tomato
Sandy,24.3,81.1,82.7,6.01,Potato
Loamy,25.6,66.6,91.8,7.01,Cotton
Laterite,28.5,68.1,102.9,7.91,Cotton
Loamy,21.3,59.1,74.6,5.37,Potato
Black,19.3,54.5,58.4,6.36,Mustard
Loamy,21.7,57.5,35.8,6.3,Chickpea
Black,18.9,52.6,49.0,7.54,Wheat
Black,28.0,47.7,116.9,6.05,Cotton
Loamy,30.4,85.7,249.2,6.76,Rice
Loamy,21.6,62.2,141.5,4.99,Potato
Laterite,27.8,41.3,34.5,6.34,Millets
Alluvial,33.1,91.1,277.3,5.51,Rice
Loamy,26.7,61.3,65.1,7.11,Onion
Loamy,23.9,82.9,250.8,5.96,Banana
Laterite,24.0,65.7,84.5,6.74,Groundnut
Sandy,33.7,60.2,62.0,6.69,Groundnut
Alluvial,23.4,45.9,75.9,7.4,Mustard
Black,24.3,79.5,137.3,6.54,Soybean
Sandy,28.1,59.9,49.2,6.71,Groundnut
Red,24.9,65.6,169.6,6.35,Soybean
Alluvial,26.0,47.9,76.7,6.49,Chickpea
Loamy,27.6,61.1,76.3,5.82,Maize
Alluvial,26.3,45.3,34.0,6.16,Chickpea
Laterite,26.2,63.0,59.4,7.13,Millets
Alluvial,20.2,51.8,50.1,7.45,Chickpea
Black,28.3,81.4,152.1,6.42,Sugarcane
Black,25.7,51.7,84.7,7.51,Onion
Loamy,19.1,79.1,82.4,5.19,Potato
Laterite,21.5,69.2,91.5,6.24,Maize
Loamy,15.9,56.7,61.7,6.47,Mustard
Alluvial,30.3,80.1,250.7,6.22,Rice
Loamy,22.1,71.3,139.3,5.04,Potato
Alluvial,18.6,52.0,112.1,6.48,Onion
Black,21.3,41.6,53.9,6.03,Mustard
Alluvial,15.7,40.4,54.5,6.17,Mustard
Loamy,19.4,50.0,39.8,7.21,Chickpea
Alluvial,25.3,52.5,46.5,7.38,Mustard
Black,20.7,56.2,58.2,7.78,Chickpea
Sandy,30.9,55.2,53.2,5.49,Millets
Loamy,20.0,70.6,110.1,6.95,Onion
Red,32.3,67.2,100.0,6.27,Soybean
Black,27.7,77.1,123.0,6.67,Soybean
Red,28.5,46.1,105.6,6.67,Groundnut
Laterite,30.2,52.0,101.9,6.12,Groundnut
Laterite,33.9,45.7,89.2,6.07,Groundnut
Loamy,22.9,58.8,56.3,7.16,Wheat
Desert,23.7,39.0,52.2,6.2,Millets
Loamy,21.5,71.6,77.4,6.08,Tomato
Alluvial,24.2,75.1,76.4,6.63,Tomato
Loamy,20.1,73.1,117.1,5.79,Potato
Alluvial,30.4,58.7,54.4,7.3,Onion
Black,23.9,69.2,177.2,6.54,Sugarcane
Black,17.7,57.8,63.5,7.35,Chickpea
Black,26.1,53.9,94.5,6.12,Cotton
Sandy,20.0,84.7,85.5,5.65,Potato
Black,26.8,66.4,121.9,7.4,Soybean
Sandy,18.7,65.4,134.6,6.02,Potato
Alluvial,30.2,73.0,113.3,6.31,Maize
Alluvial,24.7,54.0,33.3,6.31,Chickpea
Alluvial,28.7,71.3,102.9,6.5,Onion
Black,30.7,63.3,161.4,6.84,Soybean
Black,28.8,55.7,46.3,7.49,Onion
Alluvial,18.8,64.1,94.4,6.54,Wheat
Loamy,18.8,58.5,57.8,7.19,Wheat
Black,27.6,60.2,54.6,7.31,Cotton
Alluvial,23.4,46.6,29.5,6.02,Mustard
Red,29.0,67.3,115.3,6.74,Tomato
Laterite,31.0,68.0,69.8,7.0,Groundnut
Alluvial,26.2,73.4,76.8,6.92,Tomato
Loamy,25.7,88.2,153.2,5.98,Sugarcane
Loamy,18.4,80.1,74.6,5.76,Potato
Sandy,26.7,58.7,87.0,6.23,Groundnut
Black,21.8,46.8,54.0,6.27,Mustard
Alluvial,23.6,76.2,205.6,6.68,Sugarcane
Alluvial,33.1,74.3,194.6,7.12,Sugarcane
Alluvial,25.0,55.0,57.5,6.93,Onion
Sandy,16.5,55.8,35.6,6.09,Mustard
Laterite,28.3,79.7,154.2,6.8,Rice
Red,31.2,75.8,181.2,7.34,Soybean
Sandy,28.3,42.7,81.5,5.51,Millets
Red,27.1,71.4,164.2,7.4,Soybean
Laterite,33.8,70.1,145.4,6.14,Banana
Desert,35.1,62.3,73.3,7.03,Millets
Alluvial,18.4,60.5,143.1,6.41,Potato
Alluvial,32.1,71.3,238.1,6.29,Banana
Alluvial,20.3,45.1,51.0,7.37,Mustard
Alluvial,26.4,71.6,65.4,6.41,Maize
Alluvial,16.0,65.1,33.8,6.91,Mustard
Alluvial,31.6,74.5,154.7,6.52,Sugarcane
Loamy,14.7,55.7,75.8,6.49,Wheat
Loamy,23.6,73.4,163.6,7.23,Sugarcane
Alluvial,23.9,75.9,242.8,7.28,Sugarcane
Black,20.8,60.9,37.0,7.04,Chickpea
Loamy,17.0,61.0,97.3,5.35,Potato
Laterite,26.3,65.9,52.9,6.64,Groundnut
Black,24.3,54.0,59.8,6.35,Wheat
Alluvial,25.9,56.4,133.9,6.09,Maize
Alluvial,30.0,69.9,139.6,6.34,Maize
Black,30.9,63.1,86.7,7.21,Cotton
Sandy,21.7,75.7,95.5,6.46,Potato
Laterite,25.8,60.3,106.3,6.12,Groundnut
Desert,27.0,66.1,95.9,6.83,Millets
Alluvial,30.8,85.8,155.4,6.02,Sugarcane
Black,18.1,61.7,97.7,7.03,Onion
Alluvial,20.3,70.9,79.9,6.32,Potato
Black,18.4,64.3,37.6,6.74,Chickpea
Loamy,20.6,68.1,62.0,6.79,Tomato
Red,31.0,48.6,62.4,7.42,Millets
Sandy,25.1,56.1,72.6,6.46,Groundnut
Clay,20.0,53.9,85.4,7.69,Chickpea
Alluvial,32.3,79.6,67.4,6.35,Maize
Alluvial,18.2,51.3,29.5,7.33,Mustard
Alluvial,27.6,51.9,78.9,6.01,Onion
Sandy,29.2,44.1,95.4,6.08,Groundnut
Alluvial,13.6,63.3,59.2,7.12,Mustard
Loamy,14.1,39.8,35.5,6.9,Mustard
Sandy,19.6,79.2,101.1,5.48,Potato
Loamy,15.3,62.0,87.7,6.53,Wheat
Red,28.6,64.6,103.5,7.21,Cotton
Loamy,16.7,72.2,72.2,6.15,Potato
Alluvial,21.0,56.5,81.7,6.1,Wheat
Black,24.1,56.7,109.3,7.46,Onion
Black,26.8,85.7,164.7,6.09,Sugarcane
Black,21.0,50.1,81.9,6.31,Onion
Sandy,25.9,49.0,95.5,6.19,Groundnut
Clay,31.8,59.1,35.0,7.68,Millets
Alluvial,17.3,53.1,74.4,7.49,Mustard
Loamy,25.1,86.7,146.5,6.31,Banana
Red,24.7,74.0,132.4,6.26,Tomato
Alluvial,22.2,85.8,83.9,6.46,Potato
Loamy,23.4,56.9,74.8,7.36,Chickpea
Red,25.6,83.2,125.2,7.06,Soybean
Loamy,21.7,76.4,120.2,6.12,Maize
Clay,33.3,71.3,207.9,6.48,Rice
Black,31.8,82.8,229.2,6.35,Sugarcane
Alluvial,23.7,41.6,58.2,6.9,Chickpea
Black,21.1,54.8,45.3,6.33,Chickpea
Loamy,26.2,72.5,173.2,6.59,Sugarcane
Black,29.1,65.3,44.2,7.1,Onion
Loamy,31.4,66.6,106.4,7.37,Cotton
Black,34.1,79.1,211.1,7.21,Sugarcane
Red,35.4,53.6,64.7,7.16,Cotton
Loamy,21.9,56.4,62.4,6.16,Wheat
Red,21.3,69.0,60.1,6.33,Tomato
Loamy,21.9,68.4,137.1,6.51,Soybean
Red,30.0,61.8,114.7,7.2,Cotton
Loamy,27.9,70.1,244.7,6.6,Sugarcane
Black,30.2,66.1,79.9,6.68,Cotton
Loamy,29.2,66.2,109.3,6.85,Tomato
Red,29.1,68.7,85.2,6.24,Maize
Alluvial,23.3,71.3,114.6,5.66,Potato
Red,23.2,79.5,85.7,5.8,Maize
Clay,33.7,81.1,291.3,6.27,Rice
Loamy,30.7,77.3,115.7,6.27,Maize
Loamy,30.9,69.6,88.7,6.38,Soybean
Laterite,20.0,60.3,90.8,6.52,Wheat
Loamy,14.9,51.6,58.6,7.1,Mustard
Red,21.5,58.0,54.3,6.74,Tomato
Black,24.2,82.1,186.6,7.08,Sugarcane
Clay,34.5,81.1,228.3,6.56,Rice
Loamy,34.8,44.0,56.3,6.71,Cotton
Red,28.1,50.8,70.0,5.69,Millets
Alluvial,25.4,79.4,177.6,6.93,Sugarcane
Black,28.1,67.0,104.1,7.46,Soybean
Red,31.0,47.2,52.8,6.73,Groundnut
Sandy,16.4,65.7,64.6,5.16,Potato
Clay,34.5,82.9,144.7,5.51,Rice
Alluvial,32.3,88.9,129.3,6.32,Banana
Black,30.9,70.4,238.5,5.99,Sugarcane
Black,25.2,44.1,56.5,6.21,Cotton
Loamy,33.7,71.9,184.9,6.99,Sugarcane
Loamy,28.1,68.1,104.2,7.1,Soybean
Laterite,29.1,91.3,178.4,6.17,Banana
Black,19.2,47.5,79.5,6.04,Chickpea
Laterite,24.7,54.8,121.6,6.77,Groundnut
Laterite,31.7,86.8,300.7,5.91,Rice
Laterite,31.5,78.1,244.2,5.52,Rice
Loamy,15.3,63.5,45.4,6.04,Mustard
Red,31.9,75.4,301.0,6.53,Rice
Alluvial,20.4,62.8,111.7,6.37,Potato
Alluvial,23.3,42.3,75.8,7.43,Chickpea
Alluvial,22.7,51.4,68.6,6.51,Onion
Sandy,19.8,76.7,60.3,6.47,Potato
Loamy,14.9,71.7,61.3,5.48,Potato
Alluvial,27.8,56.6,89.1,6.81,Tomato
Alluvial,27.1,90.1,156.4,6.2,Sugarcane
Black,32.4,74.6,163.3,7.14,Soybean
Black,25.0,73.5,112.7,6.71,Soybean
Red,34.6,56.1,63.5,6.15,Millets
Black,15.0,52.6,55.0,7.51,Wheat
Laterite,24.6,70.2,97.4,6.01,Groundnut
Red,27.8,58.5,48.3,6.27,Groundnut
Sandy,19.2,71.4,74.3,6.1,Potato
Clay,27.6,73.3,253.9,6.63,Rice
Red,27.2,76.4,76.9,6.57,Tomato
Sandy,32.0,47.7,102.0,6.07,Groundnut
Sandy,21.2,65.0,81.7,7.23,Mustard
Laterite,27.0,68.6,87.6,6.89,Groundnut
Red,29.7,69.6,100.5,6.29,Groundnut
Red,24.3,56.8,100.8,5.94,Maize
Black,13.6,43.3,56.0,6.85,Mustard
Loamy,21.9,56.3,85.9,6.07,Tomato
Loamy,21.6,45.4,73.1,6.66,Chickpea
Red,34.0,67.5,73.6,6.88,Groundnut
Laterite,28.0,61.5,88.7,6.9,Groundnut
Red,29.0,57.5,58.6,7.02,Tomato
Loamy,22.9,78.8,102.7,6.26,Potato
Loamy,21.3,62.6,36.6,7.39,Mustard
Laterite,33.6,64.4,92.5,5.88,Millets
Alluvial,24.6,76.2,73.0,5.91,Maize
Laterite,35.2,81.0,224.0,6.8,Rice
Alluvial,28.3,84.6,133.3,6.94,Banana
Black,19.8,62.2,86.6,6.07,Wheat
Alluvial,16.1,60.6,47.5,6.63,Mustard
Red,30.4,74.5,167.3,6.26,Soybean
Alluvial,23.5,59.5,84.7,7.46,Chickpea
Red,31.3,48.2,56.7,7.0,Cotton
Red,31.3,65.8,114.7,7.29,Cotton
Loamy,33.5,54.3,94.4,6.47,Cotton
Laterite,32.9,88.6,227.0,5.97,Banana
Loamy,18.3,49.5,73.1,6.76,Wheat
Black,33.1,87.0,237.7,6.56,Sugarcane
Sandy,30.9,45.3,101.5,6.22,Groundnut
Loamy,24.6,70.5,121.8,6.15,Maize
Black,24.2,39.0,68.0,6.09,Mustard
Loamy,30.2,63.7,54.8,6.75,Onion
Red,30.5,53.1,90.4,6.75,Millets
Red,28.9,62.1,172.7,6.21,Soybean
Loamy,18.0,76.5,76.4,5.0,Potato
Desert,25.9,34.1,34.1,6.5,Millets
Alluvial,25.5,55.2,46.3,5.98,Chickpea
Loamy,28.0,62.2,98.9,6.95,Tomato
Loamy,21.8,77.7,91.2,6.86,Tomato
Red,32.0,55.6,36.3,6.31,Millets
Alluvial,17.0,72.5,71.0,6.21,Potato
Desert,35.3,40.1,44.9,5.94,Millets
Alluvial,34.7,87.7,221.7,5.98,Rice
Sandy,28.6,61.4,71.6,6.98,Groundnut
Loamy,27.7,79.8,201.5,5.99,Sugarcane
Alluvial,24.3,76.7,146.5,7.37,Banana
Clay,30.3,87.3,246.8,6.22,Rice
Alluvial,17.4,47.8,50.2,7.31,Chickpea
Sandy,18.4,72.7,66.9,6.13,Potato
Loamy,34.4,74.2,234.3,6.21,Sugarcane
Red,31.6,85.3,159.0,6.28,Soybean
Alluvial,24.7,65.8,82.9,7.25,Onion
Laterite,26.6,69.8,163.3,6.72,Rice
Loamy,24.6,82.9,143.1,7.46,Sugarcane
Alluvial,25.1,62.7,83.8,6.3,Tomato
Alluvial,29.9,76.9,98.2,6.74,Tomato
Sandy,34.6,46.5,87.6,5.91,Millets
Alluvial,22.4,45.6,62.8,6.84,Mustard
Red,30.2,66.1,104.7,7.65,Cotton
Alluvial,23.8,71.9,142.5,6.08,Banana
Sandy,28.7,68.7,82.1,6.08,Groundnut
Alluvial,15.5,70.8,136.5,5.84,Potato
Black,19.7,58.7,52.7,7.46,Onion
Red,24.7,61.6,84.4,6.55,Tomato
Laterite,35.3,58.3,43.3,6.38,Millets
Alluvial,32.3,84.9,150.5,7.1,Banana
Loamy,17.5,52.0,70.4,7.09,Mustard
Laterite,27.8,54.2,49.9,6.24,Groundnut
Alluvial,26.2,68.9,115.7,7.02,Tomato
Alluvial,28.4,71.0,53.8,6.98,Onion
Alluvial,16.2,65.4,78.7,7.3,Mustard
Clay,32.4,86.5,270.8,6.25,Rice
Red,29.5,59.9,116.4,6.18,Tomato
Red,27.7,67.6,76.1,7.33,Soybean
Alluvial,16.1,45.2,53.8,6.88,Chickpea
Loamy,30.1,70.2,204.2,6.19,Banana
Loamy,23.5,46.2,72.1,7.61,Chickpea
Red,27.9,57.1,97.1,6.6,Tomato
Loamy,18.1,69.9,52.7,7.07,Onion
Alluvial,18.7,83.1,80.5,6.42,Potato
Sandy,17.1,60.2,71.9,6.74,Mustard
Alluvial,25.7,49.2,48.4,7.84,Chickpea
Loamy,28.2,70.2,83.9,6.03,Cotton
Black,31.7,75.6,207.7,6.54,Sugarcane
Loamy,28.4,75.1,138.2,6.23,Maize
Alluvial,21.3,80.1,135.9,6.46,Potato
Black,30.6,84.4,183.5,6.33,Sugarcane
Loamy,28.7,75.2,164.0,6.06,Soybean
Black,19.1,64.9,44.9,6.07,Chickpea
Desert,30.6,53.0,59.8,5.81,Millets
Loamy,15.3,62.0,56.3,6.97,Wheat
Loamy,23.0,53.5,40.6,6.93,Chickpea
Desert,18.3,65.8,74.9,6.25,Wheat
Loamy,23.9,69.4,236.8,6.03,Sugarcane
Sandy,20.1,69.1,97.5,5.45,Potato
Alluvial,17.3,62.7,120.4,5.66,Potato
Loamy,29.7,84.2,162.1,5.99,Banana
Laterite,32.3,37.8,63.7,6.45,Millets
Black,22.0,65.9,37.8,7.13,Mustard
Loamy,14.6,64.3,36.9,7.46,Mustard
Black,28.6,86.8,222.3,6.6,Sugarcane
Loamy,15.8,66.2,87.3,6.52,Potato
Loamy,25.7,57.6,116.5,6.59,Tomato
Loamy,17.3,59.9,54.5,7.32,Wheat
Red,29.3,55.5,97.3,6.54,Groundnut
Alluvial,18.4,45.7,91.6,7.6,Chickpea
Clay,28.6,84.6,284.5,6.09,Rice
Clay,25.1,73.0,254.9,5.93,Rice
Alluvial,19.9,46.4,62.0,6.55,Mustard
Loamy,19.7,49.5,68.0,6.13,Onion
Black,27.1,63.4,50.3,7.46,Onion
Loamy,18.0,61.2,60.4,6.22,Wheat
Black,14.7,63.8,66.8,6.11,Mustard
Red,31.5,40.9,53.0,7.96,Millets
Alluvial,21.1,59.7,33.8,7.02,Chickpea
Red,27.7,72.6,66.4,6.04,Maize
Alluvial,25.0,70.9,239.5,7.46,Sugarcane
Sandy,26.5,57.7,78.7,5.51,Millets
Loamy,25.8,84.9,159.0,6.42,Sugarcane
Loamy,35.8,53.7,89.4,7.42,Cotton
Black,25.9,56.7,80.9,7.28,Chickpea
Sandy,24.5,53.9,120.9,6.55,Groundnut
Sandy,15.8,81.6,135.3,6.26,Potato
Laterite,30.1,51.4,98.2,6.71,Groundnut
Alluvial,33.5,90.3,171.2,6.23,Sugarcane
Black,34.6,50.1,54.3,6.02,Cotton
Loamy,24.8,66.1,66.9,6.66,Cotton
Loamy,23.8,74.8,101.7,5.39,Potato
Loamy,19.5,40.2,33.3,7.52,Chickpea
Alluvial,25.4,61.3,85.8,6.23,Chickpea
Alluvial,25.0,69.4,132.3,6.92,Tomato
Laterite,24.6,64.0,68.6,6.11,Groundnut
Alluvial,29.6,78.7,220.8,5.63,Rice
Loamy,22.8,50.9,54.4,5.96,Wheat
Alluvial,23.3,74.6,60.8,6.07,Potato
Alluvial,19.2,66.1,89.6,6.65,Onion
Red,23.5,57.5,121.9,6.85,Tomato
Alluvial,31.1,91.1,295.1,6.0,Rice
Loamy,18.9,74.1,76.7,7.37,Onion
Alluvial,28.0,62.8,108.3,6.18,Tomato
Alluvial,26.6,77.0,126.8,7.2,Banana
Red,36.2,49.1,43.4,7.45,Millets
Black,24.2,74.1,112.5,7.2,Onion
Alluvial,22.6,71.8,103.8,6.52,Tomato
Red,26.3,70.0,112.2,6.56,Groundnut
Laterite,25.4,84.1,207.7,6.73,Rice
Alluvial,32.6,73.6,247.7,6.2,Sugarcane
Black,24.8,82.7,239.5,6.53,Sugarcane
Laterite,32.5,44.6,53.2,6.33,Groundnut
Loamy,26.8,74.5,80.1,7.4,Soybean
Loamy,26.5,84.1,98.6,7.09,Soybean
Alluvial,25.6,70.4,239.8,6.4,Rice
Red,33.7,54.2,60.8,5.83,Millets
Alluvial,25.4,65.0,42.5,6.19,Mustard
Alluvial,24.9,68.8,118.2,6.46,Tomato
Red,34.0,55.3,88.1,6.65,Cotton
Alluvial,19.5,59.4,91.4,7.14,Wheat
Red,27.7,37.0,52.6,7.14,Millets
Red,24.6,69.6,109.6,6.69,Tomato
Alluvial,19.3,57.8,72.0,7.42,Chickpea
Laterite,31.1,73.3,198.9,5.73,Rice
Loamy,18.9,65.5,102.1,6.21,Wheat
Alluvial,17.3,47.4,48.6,7.25,Chickpea
Loamy,30.1,67.5,156.0,6.68,Maize
Loamy,20.7,58.8,48.8,6.58,Mustard
Red,24.2,58.8,76.1,6.46,Groundnut
Loamy,20.7,56.6,104.9,6.26,Maize
Alluvial,19.5,64.1,98.6,6.03,Potato
Black,15.7,50.3,33.0,7.02,Chickpea
Sandy,22.9,66.9,102.6,5.26,Potato
Laterite,34.4,74.6,150.1,6.23,Rice
Alluvial,28.0,78.7,267.1,6.53,Rice
Black,27.9,86.2,205.9,6.12,Sugarcane
Loamy,32.8,78.1,135.7,6.59,Banana
Sandy,20.9,65.4,60.9,5.68,Potato
Red,32.4,87.3,267.5,6.12,Rice
Alluvial,16.3,65.2,89.4,6.17,Wheat
Alluvial,23.0,42.3,35.7,6.15,Chickpea
Loamy,29.0,67.6,153.7,6.03,Maize
Loamy,23.9,50.5,37.5,6.27,Mustard
Clay,30.8,89.7,241.7,6.03,Rice
Loamy,26.2,59.3,101.8,6.04,Onion
Loamy,22.8,56.2,71.3,7.51,Wheat
Alluvial,31.3,69.5,118.5,6.01,Maize
Loamy,28.1,58.3,128.7,6.16,Maize
Alluvial,20.9,62.3,72.4,7.04,Mustard
Loamy,21.4,49.6,99.7,6.89,Wheat
Alluvial,24.8,55.4,42.6,6.51,Chickpea
Red,30.1,59.2,79.3,6.13,Millets
Red,27.8,57.5,75.4,7.94,Cotton
Laterite,25.1,72.1,294.3,6.01,Rice
Loamy,23.7,63.0,67.0,6.98,Tomato
Loamy,30.6,88.7,245.9,6.9,Sugarcane
Laterite,33.2,83.4,259.6,7.05,Banana
Loamy,15.1,63.5,61.7,6.03,Mustard
Sandy,24.1,68.6,84.7,6.45,Groundnut
Red,31.9,85.9,115.4,7.46,Soybean
Alluvial,29.1,64.0,87.2,6.86,Tomato
Black,25.0,56.8,35.0,7.8,Chickpea
Loamy,21.4,79.3,123.5,5.81,Potato
Loamy,16.6,42.4,42.5,6.52,Chickpea
Alluvial,23.4,59.1,99.4,5.63,Potato
Black,24.4,84.0,135.8,7.03,Sugarcane
Loamy,22.5,47.7,62.4,7.5,Chickpea
Loamy,24.5,51.5,46.9,6.88,Chickpea
Loamy,24.2,56.8,80.7,6.71,Wheat
Alluvial,17.5,60.6,95.2,7.16,Wheat
Alluvial,25.5,69.4,56.1,6.71,Maize
Loamy,25.8,61.7,70.0,6.5,Maize
Loamy,25.3,58.2,113.1,5.89,Maize
Alluvial,23.6,41.0,36.6,6.64,Chickpea
Black,26.5,90.7,244.7,6.3,Sugarcane
Alluvial,18.8,68.2,58.9,7.38,Wheat
Loamy,17.0,67.6,76.1,5.82,Potato
Alluvial,17.6,59.5,64.2,6.31,Wheat
Loamy,26.6,75.7,74.1,6.44,Tomato
Loamy,23.6,82.6,246.6,7.21,Sugarcane
Alluvial,25.3,88.7,194.3,5.66,Rice
Alluvial,24.9,59.7,84.0,7.65,Chickpea
Loamy,22.2,67.7,105.6,5.56,Potato
Red,31.5,63.7,62.4,6.45,Groundnut
Black,17.7,51.4,64.5,6.58,Chickpea
Alluvial,19.3,69.1,48.0,6.14,Wheat
Black,25.3,47.1,95.7,7.23,Cotton
Red,32.7,64.9,116.9,7.56,Cotton
Desert,31.2,60.4,176.4,6.64,Soybean
Desert,28.6,64.6,46.1,6.86,Millets
Black,22.6,48.1,85.3,7.03,Chickpea
Alluvial,32.4,86.9,223.4,7.48,Sugarcane
Black,25.5,61.6,90.2,6.07,Chickpea
Loamy,30.2,63.8,54.0,6.78,Onion
Loamy,22.0,63.7,143.3,6.77,Soybean
Alluvial,30.0,81.7,242.6,5.97,Banana
Laterite,27.3,87.5,251.2,5.98,Rice
Alluvial,24.7,89.5,143.6,6.71,Sugarcane
Alluvial,17.4,39.2,61.6,6.02,Mustard
Loamy,35.4,54.3,102.9,7.3,Cotton
Black,22.4,63.6,93.1,7.53,Wheat
Black,36.2,68.2,101.7,8.04,Cotton
Black,27.8,73.6,48.1,6.86,Onion
Alluvial,19.8,77.6,60.3,7.03,Tomato
Black,28.3,81.2,201.2,6.02,Sugarcane
Loamy,25.9,63.6,103.6,6.55,Tomato
Laterite,33.0,45.7,104.4,6.95,Groundnut
Black,30.7,45.2,97.9,7.13,Cotton
Red,27.8,80.6,126.6,7.09,Maize
Clay,29.4,71.9,155.7,6.62,Rice
Red,31.2,67.1,69.9,7.5,Cotton
Black,25.7,85.1,150.9,7.3,Soybean
Red,31.9,70.5,113.9,6.52,Soybean
Red,26.5,84.2,97.5,6.24,Soybean
Alluvial,17.9,70.6,51.2,6.4,Onion
Loamy,29.0,67.4,105.4,7.24,Onion
Loamy,23.7,76.7,65.7,5.19,Potato
Red,25.5,47.7,58.3,6.61,Groundnut
Loamy,29.4,74.3,76.5,5.85,Maize
Loamy,25.9,61.2,107.4,7.52,Onion
Red,30.6,58.2,86.4,6.68,Millets
Black,24.0,77.4,175.3,6.43,Soybean
Alluvial,23.3,65.6,48.1,6.83,Chickpea
Desert,33.7,47.6,33.3,7.25,Millets
Loamy,21.9,73.9,63.9,6.23,Tomato
Laterite,29.8,49.0,101.9,6.05,Groundnut
Laterite,33.0,82.1,232.0,6.7,Rice
Alluvial,33.1,90.2,188.2,6.5,Sugarcane
Alluvial,23.7,91.6,179.3,6.59,Banana
Black,26.5,58.4,94.9,6.27,Cotton
Laterite,26.2,41.4,33.5,7.79,Millets
Loamy,26.1,70.4,66.6,6.23,Cotton
Loamy,27.2,80.4,82.6,6.03,Tomato
Loamy,22.9,75.6,92.7,5.98,Maize
Red,24.1,70.2,122.9,6.42,Tomato
Black,31.2,75.9,137.7,6.81,Soybean
Sandy,16.5,63.2,57.9,5.24,Potato
Alluvial,21.0,67.1,44.3,6.31,Wheat
Black,16.3,66.7,58.5,7.41,Wheat
Loamy,30.6,78.4,230.5,6.8,Banana
Alluvial,22.6,56.8,78.1,6.95,Maize
Loamy,30.2,75.5,200.4,5.97,Banana
Red,24.8,55.7,81.1,6.75,Mustard
Alluvial,32.2,80.1,250.9,6.29,Rice
Clay,29.3,60.4,122.0,7.15,Cotton
Red,23.7,66.6,129.6,7.15,Soybean
Black,23.9,40.3,56.6,6.06,Mustard
Laterite,32.0,50.7,58.2,7.72,Millets
Black,14.8,48.2,56.6,6.93,Mustard
Alluvial,19.7,67.7,81.1,5.62,Potato
Black,24.7,44.1,49.1,7.05,Mustard
Red,29.2,46.6,71.1,7.0,Cotton
Sandy,25.1,42.2,86.2,7.85,Millets
Alluvial,19.0,63.8,54.2,6.56,Mustard
Alluvial,22.1,66.5,78.6,7.32,Wheat
Alluvial,19.9,41.0,80.6,7.55,Chickpea
Black,32.0,78.4,149.1,6.53,Soybean
Loamy,33.9,67.1,105.8,7.43,Cotton
Black,16.4,64.8,51.5,6.62,Chickpea
Laterite,30.3,74.7,181.9,6.54,Banana
Loamy,29.9,78.1,190.9,6.29,Sugarcane
Desert,19.1,74.6,99.6,6.29,Onion
Loamy,23.8,74.8,48.3,6.93,Onion
Black,19.7,55.2,44.7,6.93,Wheat
Alluvial,15.2,61.8,44.1,7.3,Wheat
Clay,20.1,60.0,116.3,6.52,Tomato
Sandy,30.6,43.4,61.1,7.67,Millets
Laterite,28.1,81.0,174.0,6.9,Banana
Black,22.8,59.2,171.5,7.02,Soybean
Red,30.6,54.6,101.0,6.84,Groundnut
Alluvial,29.5,81.1,207.2,6.04,Sugarcane
Alluvial,33.3,73.1,167.8,6.65,Rice
Red,32.0,68.2,76.2,6.39,Groundnut
Loamy,27.5,73.7,113.0,6.38,Tomato
Red,24.6,58.2,57.3,6.13,Maize
Red,28.3,61.0,96.4,7.72,Cotton
Clay,34.9,80.6,298.4,5.69,Rice
