crop,area,rainfall,temperature,fertilizer,yield_per_acre
Sugarcane,3.74,162.9,31.0,74.1,32.226
Wheat,23.84,350.9,15.4,125.3,1.141
Chickpea,8.48,120.4,29.9,91.3,0.791
Cotton,1.51,361.9,38.9,91.7,0.514
Maize,21.22,116.9,31.6,162.2,2.284
Onion,24.2,205.0,14.3,202.2,6.036
Millets,3.9,298.2,32.6,30.8,0.619
Groundnut,24.25,174.0,16.0,77.4,0.889
Banana,7.86,252.3,12.2,179.6,19.425
Tomato,7.93,260.3,23.0,85.6,9.197
Onion,21.17,335.8,18.9,144.8,5.543
Groundnut,9.5,320.2,40.1,63.8,0.613
Potato,18.63,235.1,27.7,70.2,7.609
Groundnut,17.96,104.5,26.9,195.8,1.514
Wheat,4.65,299.1,18.4,171.6,1.423
Groundnut,23.39,126.5,16.5,47.3,0.924
Wheat,21.02,78.0,12.5,190.3,1.999
Mustard,1.18,361.8,27.7,134.3,0.618
Wheat,13.29,312.3,39.2,141.0,0.821
Mustard,15.3,96.5,16.8,30.0,0.658
Groundnut,20.67,30.5,30.1,15.0,0.895
Groundnut,4.35,197.0,18.9,83.2,0.959
Sugarcane,23.44,254.8,27.2,122.5,33.161
Mustard,14.47,207.0,35.7,86.0,0.43
Chickpea,16.25,322.5,35.4,55.5,0.429
Tomato,3.06,218.6,21.2,174.1,10.415
Millets,18.47,81.0,14.0,22.9,0.777
Soybean,1.32,344.3,23.2,129.5,1.029
Maize,22.73,211.7,14.7,139.4,1.685
Sugarcane,10.5,213.1,30.6,32.2,29.224
Cotton,1.17,285.7,17.5,98.3,0.434
Rice,19.88,216.2,38.4,210.1,2.375
Tomato,8.33,32.2,33.5,55.4,9.909
Groundnut,19.54,46.7,38.4,143.3,1.176
Rice,12.94,212.0,38.4,117.1,2.154
Cotton,18.35,39.1,41.0,133.4,0.676
Cotton,19.64,102.9,20.7,61.2,0.667
Tomato,20.76,224.4,29.7,108.2,9.877
Rice,11.18,131.6,38.8,154.3,2.081
Mustard,13.94,51.0,14.1,32.4,0.727
Tomato,20.83,251.1,12.5,69.8,6.896
Sugarcane,14.74,43.6,12.6,129.3,23.275
Sugarcane,17.32,315.5,30.3,217.7,31.853
Maize,16.2,326.1,23.7,95.6,1.453
Onion,14.62,162.4,41.6,132.7,6.653
Rice,19.63,326.3,31.1,0.5,1.784
Chickpea,22.79,351.2,32.1,6.0,0.373
Groundnut,4.16,258.6,25.9,166.0,0.952
Rice,0.6,264.3,37.7,187.5,2.232
Chickpea,3.43,305.6,30.8,106.6,0.604
Cotton,19.78,320.7,26.7,27.4,0.499
Rice,14.81,306.5,20.8,75.5,1.556
Banana,8.9,84.5,28.2,86.6,23.523
Rice,5.7,52.0,19.6,153.4,1.891
Soybean,15.69,346.1,19.6,103.6,0.839
Groundnut,9.59,288.7,37.0,67.6,0.702
Sugarcane,22.25,316.5,32.7,89.6,24.487
Sugarcane,2.79,226.5,13.8,137.1,27.673
Onion,1.96,179.5,17.8,175.6,7.79
Millets,1.22,361.1,37.3,175.3,0.754
Cotton,2.45,390.5,26.8,78.5,0.536
Mustard,1.53,384.2,28.7,41.4,0.449
Tomato,14.03,245.7,15.0,119.9,7.644
Potato,24.39,132.4,38.5,75.8,8.196
Groundnut,4.23,377.4,12.7,48.2,0.49
Cotton,9.71,27.8,27.5,194.6,0.912
Tomato,24.79,150.1,15.7,15.3,9.554
Mustard,15.88,208.8,25.7,108.7,0.528
Onion,12.13,99.9,15.5,46.5,7.184
Tomato,18.91,338.1,15.1,27.1,6.029
Millets,2.05,304.0,13.7,208.8,0.559
Chickpea,20.53,333.0,28.9,20.0,0.441
Maize,13.94,302.6,21.0,192.1,1.776
Banana,3.32,336.5,16.0,167.0,18.399
Millets,8.17,58.5,42.0,213.6,1.142
Soybean,3.79,178.9,33.6,33.5,1.081
Soybean,22.65,286.0,32.8,208.4,0.955
Banana,22.78,394.6,12.6,72.7,12.734
Cotton,3.23,104.2,12.7,153.2,0.852
Groundnut,14.81,155.3,36.3,143.1,1.164
Banana,22.01,326.9,35.4,160.6,21.573
Mustard,14.36,386.1,27.0,48.8,0.411
Tomato,10.66,198.0,29.4,208.6,10.721
Tomato,19.6,89.5,20.4,200.1,13.918
Millets,4.01,242.1,20.3,138.5,0.698
Soybean,10.02,224.3,19.2,160.1,1.073
Cotton,16.18,363.2,35.7,9.7,0.464
Chickpea,18.19,387.8,12.1,52.1,0.532
Tomato,22.34,196.5,26.5,187.8,11.319
Maize,23.74,119.5,20.2,206.5,2.401
Mustard,0.89,210.9,30.5,53.8,0.506
Rice,3.43,114.8,28.0,188.3,2.233
Sugarcane,21.3,44.4,23.2,95.7,27.433
Potato,19.73,148.7,40.0,179.0,8.462
Potato,6.94,22.5,30.5,108.4,8.631
Onion,15.09,95.6,27.4,34.8,8.141
Wheat,4.99,238.5,12.2,34.4,1.14
Wheat,5.02,296.1,38.0,166.9,0.83
Chickpea,12.66,62.2,24.3,184.7,1.108
Banana,20.75,174.3,19.1,208.9,23.854
Sugarcane,19.82,87.7,40.9,172.9,26.189
Cotton,3.3,346.6,33.0,38.3,0.54
Millets,0.79,237.8,29.5,89.9,0.794
Cotton,13.58,276.1,16.4,219.6,0.492
Millets,23.75,315.7,21.7,48.8,0.539
Rice,14.02,160.6,33.8,137.7,1.869
Wheat,18.47,138.2,19.5,92.1,1.721
Onion,6.87,28.3,21.0,102.7,9.596
Cotton,4.92,144.4,12.9,16.5,0.612
Chickpea,18.83,310.0,39.4,199.7,0.472
Groundnut,3.25,208.8,29.7,131.5,1.236
Tomato,12.97,375.4,41.6,97.7,5.54
Millets,8.48,156.2,38.6,211.6,0.852
Potato,20.85,232.3,34.5,73.0,6.074
Rice,6.98,38.4,23.6,21.8,1.444
Cotton,1.67,360.8,15.7,144.3,0.396
Mustard,21.2,23.9,24.6,211.6,0.903
Tomato,18.3,141.3,13.8,183.3,10.569
Onion,3.63,342.2,37.0,126.9,4.822
Onion,12.66,387.5,35.3,59.0,4.339
Rice,5.94,92.0,17.7,109.8,1.759
Mustard,22.41,205.3,17.7,219.6,0.631
Onion,13.97,103.5,40.1,71.5,7.84
Chickpea,23.6,321.2,34.2,209.6,0.47
Millets,20.34,63.1,22.9,88.4,1.211
Rice,14.09,260.7,32.3,26.4,1.958
Cotton,16.05,363.3,40.7,51.7,0.473
Sugarcane,12.49,302.6,37.5,2.4,21.275
Tomato,7.0,388.4,24.9,187.5,9.735
Banana,2.05,299.2,40.3,185.5,24.804
Chickpea,3.41,393.9,22.3,139.2,0.715
Millets,9.77,168.5,12.1,126.6,0.647
Mustard,23.09,317.6,40.6,85.7,0.345
Soybean,22.78,143.2,21.9,80.5,1.327
Groundnut,22.25,98.8,31.5,67.3,1.375
Sugarcane,19.75,381.8,24.0,166.5,27.6
Millets,15.67,35.3,14.2,43.0,0.788
Tomato,19.55,63.1,38.8,84.7,9.166
Maize,4.65,139.4,26.9,109.2,3.045
Onion,2.34,371.0,24.7,96.6,6.988
Chickpea,19.65,46.4,33.1,200.3,0.961
Wheat,6.56,377.6,15.5,3.0,0.963
Rice,21.64,194.9,12.2,128.4,1.836
Banana,4.73,363.8,35.0,98.6,21.888
Cotton,15.4,378.8,15.1,96.0,0.386
Groundnut,9.07,284.3,30.2,62.2,0.875
Soybean,17.82,258.2,25.6,57.2,1.036
Millets,20.6,253.1,29.1,30.0,0.648
Mustard,12.35,195.3,19.3,27.2,0.477
Maize,21.63,275.4,36.6,47.5,1.549
Chickpea,15.54,228.8,14.9,134.5,0.639
Banana,24.64,231.2,21.9,21.6,17.792
Wheat,23.59,117.6,25.1,142.0,1.377
Chickpea,5.86,105.6,30.1,68.2,0.865
Chickpea,6.93,205.3,40.0,106.6,0.438
Rice,21.49,279.1,12.9,25.9,1.363
Groundnut,19.12,64.5,27.1,141.3,1.338
Onion,8.89,256.7,35.0,210.3,5.497
Tomato,9.11,294.1,36.1,91.2,7.953
Groundnut,17.08,189.1,16.0,123.5,0.805
Maize,1.76,215.9,40.1,211.0,1.902
Maize,10.81,141.0,26.5,131.1,2.715
Maize,16.04,359.0,34.1,114.1,1.563
Banana,18.0,147.7,19.0,144.8,25.179
Mustard,19.79,106.2,29.8,66.8,0.7
Onion,7.53,32.6,14.3,16.4,7.379
Mustard,2.54,176.8,32.9,193.6,0.456
Sugarcane,24.46,257.8,34.1,106.3,29.808
Banana,24.02,379.2,21.7,43.1,17.285
Maize,23.16,35.6,30.3,183.8,2.277
Groundnut,15.49,188.6,14.0,111.0,0.914
Rice,8.1,325.0,29.6,205.7,1.811
Tomato,18.26,135.8,25.3,164.0,11.008
Millets,0.69,26.6,14.0,6.9,0.75
Tomato,13.9,211.9,14.6,170.4,9.8
Maize,20.56,283.2,14.8,16.3,1.267
Sugarcane,15.28,113.8,29.6,79.1,27.153
Wheat,21.16,94.4,14.6,26.0,1.465
Onion,8.45,30.9,37.0,186.8,8.095
Sugarcane,17.82,238.4,31.9,19.3,28.587
Cotton,7.1,168.5,19.4,218.7,0.787
Potato,23.8,240.9,36.0,199.2,6.747
Banana,7.09,172.6,30.7,169.0,29.094
Wheat,16.53,161.4,32.4,187.4,1.464
Mustard,9.98,282.9,24.9,39.1,0.435
Sugarcane,6.54,349.8,31.3,95.0,29.298
Maize,4.99,45.8,39.3,9.8,1.772
Soybean,22.4,289.7,19.3,59.5,0.757
Onion,17.65,334.6,25.4,170.8,6.071
Onion,8.35,36.3,34.1,52.9,7.745
Cotton,15.98,300.8,24.2,207.8,0.535
Soybean,15.62,254.6,31.7,139.5,1.13
Chickpea,20.45,391.4,40.2,114.4,0.382
Sugarcane,16.44,22.8,23.0,201.2,26.775
Soybean,0.92,218.6,23.0,177.9,1.134
Banana,17.95,246.3,20.2,174.5,22.41
Potato,9.34,121.3,31.9,80.9,10.19
Mustard,11.72,335.3,40.6,157.0,0.359
Groundnut,8.78,92.1,31.9,131.6,1.751
Rice,3.08,247.4,23.0,39.2,2.216
Groundnut,6.34,94.9,26.5,178.2,1.514
Tomato,11.49,340.3,41.7,187.0,5.175
Sugarcane,21.82,288.5,15.4,18.5,21.468
Cotton,11.73,271.5,21.1,154.3,0.58
Banana,9.04,187.4,25.7,207.4,28.199
Cotton,7.32,133.8,12.3,116.7,0.678
Maize,3.55,396.3,34.8,40.3,1.313
Tomato,16.0,198.8,16.2,101.2,10.436
Cotton,18.83,258.1,37.3,182.3,0.584
Tomato,3.67,323.6,41.9,123.8,5.547
Wheat,16.74,52.4,39.8,184.6,1.515
Maize,9.11,254.0,24.4,116.0,2.086
Onion,1.82,56.5,14.5,130.9,9.658
Cotton,12.76,35.4,35.9,154.2,0.845
Chickpea,1.34,267.7,27.0,167.3,0.575
Chickpea,24.06,343.4,38.8,16.7,0.328
Onion,6.54,227.1,33.2,164.3,6.891
Banana,6.56,367.9,38.5,159.2,21.032
Millets,5.11,185.5,13.2,62.5,0.632
Maize,15.61,62.3,38.2,21.3,1.786
Chickpea,12.77,241.2,21.6,156.9,0.748
Potato,11.6,63.1,41.0,121.0,8.375
Sugarcane,20.0,293.7,24.9,216.4,30.746
Chickpea,19.89,372.9,19.9,1.5,0.523
Maize,18.45,119.1,40.9,36.9,1.938
Mustard,4.69,210.5,12.8,141.2,0.599
Banana,19.57,210.5,22.6,30.1,21.307
Soybean,23.01,311.1,23.8,216.4,1.034
Chickpea,24.94,107.5,17.0,188.8,0.804
Banana,18.83,79.6,15.7,98.3,18.446
Banana,10.87,100.6,18.5,112.2,22.119
Potato,1.31,351.8,30.6,35.2,5.279
Groundnut,12.57,214.1,19.7,86.6,0.893
Wheat,15.78,102.4,25.3,117.3,1.571
Maize,2.42,203.9,24.3,202.6,2.334
Banana,23.24,27.2,38.4,210.9,18.952
Banana,16.08,151.5,15.0,57.8,20.356
Soybean,16.51,22.0,18.9,16.2,0.771
Groundnut,20.18,31.8,36.4,182.0,1.277
Millets,11.98,111.0,38.1,183.6,1.051
Banana,14.73,231.6,26.6,133.9,24.953
Wheat,7.36,20.9,27.6,80.2,1.524
Groundnut,3.23,212.1,20.1,0.1,0.72
Onion,13.43,256.4,21.7,27.1,4.682
Potato,19.83,251.1,35.7,198.5,8.488
Chickpea,12.83,198.1,14.2,12.0,0.414
Chickpea,5.49,52.9,12.7,215.2,1.193
Sugarcane,13.84,92.9,16.4,44.2,19.527
Millets,5.52,334.6,23.0,115.9,0.671
Soybean,24.94,188.6,21.7,214.3,1.057
Tomato,19.63,323.1,24.2,118.6,8.01
Rice,20.73,162.1,28.1,170.5,2.5
Potato,15.45,314.8,13.6,55.8,5.653
Soybean,12.2,286.3,23.5,136.6,0.985
Rice,20.99,157.8,33.2,28.6,1.566
Tomato,24.27,174.0,38.2,90.7,7.339
Chickpea,17.35,89.5,36.0,73.7,0.777
Sugarcane,13.66,299.2,32.0,146.1,31.73
Groundnut,14.84,326.7,21.0,39.9,0.633
Cotton,22.56,386.7,38.0,120.5,0.491
Chickpea,8.69,25.6,35.4,171.9,0.874
Cotton,22.1,141.8,12.5,192.7,0.639
Banana,6.19,226.2,36.5,172.0,24.343
Sugarcane,17.29,262.3,17.0,96.8,23.856
Mustard,0.95,174.1,18.8,19.7,0.474
Mustard,5.16,319.0,36.3,145.4,0.467
Sugarcane,16.0,291.1,19.0,29.2,21.502
Mustard,4.26,92.9,27.0,116.0,0.786
Soybean,24.56,35.1,35.6,77.4,0.943
Banana,15.69,259.8,31.9,164.5,25.083
Onion,9.34,340.0,28.4,30.1,4.788
Tomato,13.06,222.6,20.8,113.6,9.268
Millets,6.74,135.8,38.9,84.6,0.914
Maize,0.61,382.4,19.1,152.7,1.45
Cotton,18.83,103.6,36.0,212.7,0.968
Tomato,18.04,398.6,22.9,218.9,8.341
Soybean,18.12,165.1,28.1,158.5,1.404
Sugarcane,14.15,337.3,26.3,124.6,27.848
Cotton,4.42,45.1,24.2,139.0,0.898
Chickpea,8.3,327.0,15.4,218.5,0.655
Wheat,23.53,297.5,40.9,146.4,0.737
Maize,6.04,234.7,23.2,175.8,2.23
Mustard,21.67,113.8,41.9,177.2,0.561
Chickpea,9.06,60.3,30.5,24.8,0.777
Wheat,16.86,192.2,38.4,53.0,0.891
Millets,9.15,199.6,40.0,109.8,0.586
Banana,23.54,117.3,35.6,143.8,20.811
Wheat,19.92,151.4,30.2,171.3,1.549
Potato,6.67,50.0,41.3,132.6,8.28
Groundnut,23.43,394.1,21.8,172.0,0.854
Chickpea,10.25,308.1,20.1,93.8,0.558
Banana,9.79,384.5,24.6,150.3,22.558
Wheat,21.7,257.5,40.5,71.7,0.71
Potato,3.83,242.4,36.1,44.0,6.366
Maize,16.95,203.4,35.0,130.7,2.189
Potato,22.22,157.3,36.3,218.2,8.62
Onion,13.02,347.7,23.9,111.8,5.179
Wheat,5.39,168.6,23.8,33.6,1.19
Mustard,18.75,343.8,40.6,210.4,0.398
Tomato,10.22,51.2,32.3,213.9,12.574
Wheat,13.4,222.6,16.9,183.4,1.331
Millets,24.07,114.0,23.6,169.4,0.822
Soybean,15.28,201.6,20.5,35.8,1.104
Mustard,24.94,23.8,38.5,208.4,0.631
Sugarcane,15.88,317.4,30.5,193.6,31.202
Mustard,13.99,150.9,27.8,74.6,0.594
Millets,4.33,341.0,23.7,102.7,0.66
Banana,19.81,31.4,39.2,41.5,18.771
Banana,22.62,56.1,16.0,126.7,17.457
Millets,20.34,360.0,41.7,27.1,0.441
Soybean,21.85,111.4,26.4,1.6,0.944
Millets,17.84,256.5,13.2,131.1,0.455
Wheat,5.45,362.5,25.4,171.9,1.125
Groundnut,22.26,82.3,22.5,154.3,1.436
Wheat,23.24,395.3,16.4,49.8,1.026
Onion,13.78,161.7,38.6,202.0,7.063
Maize,2.84,396.6,16.5,38.2,1.223
Tomato,4.12,142.4,12.7,176.2,11.22
Cotton,20.54,265.8,26.4,213.9,0.602
Potato,14.65,73.3,20.3,199.7,11.464
Maize,11.91,201.7,29.0,18.5,1.85
Groundnut,8.37,101.1,31.4,124.6,1.588
Potato,23.47,315.5,29.9,46.1,5.046
Potato,14.74,262.4,16.9,73.7,7.274
Tomato,3.86,244.1,38.9,3.1,6.067
Tomato,18.02,289.5,38.0,37.6,5.696
Banana,8.91,352.7,28.0,168.5,23.644
Chickpea,21.04,170.2,27.8,159.6,0.611
Sugarcane,7.91,143.7,39.5,30.3,20.709
Potato,20.95,274.8,28.5,184.5,6.577
Millets,23.14,262.9,33.8,170.6,0.706
Maize,4.91,308.6,23.7,44.0,1.412
Onion,6.39,212.9,19.4,146.5,7.487
Potato,3.7,114.0,36.1,59.7,8.666
Rice,4.25,77.0,33.6,155.8,2.017
Potato,15.89,390.5,34.3,176.7,4.677
Groundnut,9.84,46.3,34.4,26.6,1.028
Wheat,14.18,159.5,27.4,53.9,1.422
Onion,10.61,42.2,41.4,98.5,7.613
Potato,11.51,179.7,38.8,7.6,6.81
Millets,7.08,306.0,37.1,136.4,0.668
Soybean,14.57,261.4,39.7,54.8,0.854
Chickpea,5.16,285.0,39.1,71.9,0.439
Banana,4.06,354.2,40.8,175.9,19.226
Millets,16.51,130.7,15.6,23.6,0.654
Soybean,16.55,142.1,29.4,136.2,1.374
Millets,7.58,228.0,37.2,28.5,0.499
Potato,12.5,74.7,28.5,77.8,8.982
Potato,22.06,195.0,14.4,66.5,8.648
Onion,6.46,212.4,34.4,34.9,5.594
Millets,16.51,355.1,31.6,17.6,0.6
Wheat,10.01,377.8,13.1,66.5,1.179
Cotton,2.62,203.7,15.2,184.3,0.662
Cotton,15.65,136.2,22.5,112.3,0.754
Chickpea,11.59,206.5,29.9,93.5,0.568
Mustard,12.33,370.7,30.5,107.0,0.478
Rice,10.13,197.6,17.9,27.3,1.666
Mustard,11.97,377.0,17.3,53.7,0.517
Onion,1.84,211.3,15.7,35.5,5.598
Wheat,5.69,123.1,20.5,31.2,1.491
Chickpea,17.46,62.1,22.7,38.0,1.043
Mustard,3.85,354.3,37.3,163.6,0.464
Millets,6.83,335.8,37.0,115.6,0.626
Mustard,1.87,88.3,27.3,187.9,0.868
Maize,15.22,304.2,31.2,97.6,1.815
Cotton,23.24,64.2,31.1,110.1,0.848
Cotton,11.03,36.0,34.5,77.5,0.867
Mustard,14.64,343.5,16.1,62.0,0.497
Mustard,22.22,317.0,37.0,125.1,0.355
Soybean,13.98,27.2,31.2,188.1,1.275
Soybean,17.15,203.8,12.1,62.5,0.913
Maize,10.35,90.8,13.8,157.2,2.641
Onion,16.35,104.3,34.6,75.8,7.606
Potato,18.42,374.3,41.1,100.4,3.643
Chickpea,14.15,222.7,15.4,147.6,0.638
Potato,8.14,49.3,24.1,106.0,9.568
Wheat,12.18,325.1,18.4,166.8,1.348
Chickpea,8.23,375.9,22.9,11.0,0.525
Potato,22.34,77.0,25.4,152.2,9.901
Chickpea,9.05,271.6,12.3,57.9,0.43
Tomato,11.65,75.4,28.4,39.7,11.557
Sugarcane,11.28,327.0,21.5,155.4,27.261
Wheat,6.24,135.3,21.1,163.3,1.797
Cotton,17.34,172.4,41.9,47.6,0.6
Millets,7.14,226.6,13.6,186.2,0.644
Tomato,23.22,31.5,41.0,115.5,8.746
Potato,12.09,330.0,38.4,84.0,4.172
Cotton,19.05,383.6,34.1,72.6,0.552
Millets,16.83,32.6,17.2,57.5,0.958
Sugarcane,20.76,45.5,14.2,65.9,21.077
Mustard,21.13,350.4,18.2,168.8,0.59
Chickpea,19.44,220.9,35.5,67.8,0.43
Banana,19.64,345.0,19.3,186.8,21.196
Millets,23.28,33.6,30.8,145.1,1.141
Onion,3.02,365.6,41.8,147.9,4.414
Soybean,1.84,306.2,14.1,71.0,0.842
Potato,18.29,245.9,33.0,14.2,5.949
Rice,15.26,58.9,31.4,86.8,1.971
Soybean,11.52,58.8,15.1,55.9,0.866
Tomato,18.2,49.1,37.5,21.1,8.234
Mustard,3.23,163.0,34.5,55.8,0.493
Maize,17.43,358.7,31.2,16.3,1.205
Mustard,20.65,51.8,16.1,149.1,0.952
Groundnut,18.51,83.6,25.3,164.6,1.335
Cotton,9.05,259.0,22.4,192.3,0.622
Chickpea,19.67,364.5,33.1,170.1,0.559
Potato,20.68,124.3,14.1,129.7,8.337
Mustard,15.43,57.4,38.6,213.2,0.693
Wheat,7.55,233.8,12.9,136.7,1.176
Tomato,4.88,394.9,18.2,91.7,7.207
Groundnut,13.77,364.0,16.9,31.0,0.553
Banana,15.25,332.1,37.1,22.4,17.872
Potato,20.82,266.0,22.4,164.0,8.339
Millets,0.82,245.1,29.3,34.0,0.706
Cotton,4.4,129.1,23.2,150.3,0.976
Soybean,10.65,89.5,15.4,90.7,1.138
Tomato,3.86,203.3,27.1,215.8,10.802
Maize,12.18,28.2,27.3,74.3,2.318
Rice,12.59,343.0,29.5,87.2,1.837
Cotton,19.97,355.5,21.7,108.8,0.483
Maize,11.65,350.4,16.1,64.1,1.247
Groundnut,9.67,277.0,41.5,196.3,0.705
Wheat,19.54,237.1,26.8,37.5,0.952
Maize,24.65,251.3,40.3,56.9,1.489
Groundnut,24.47,145.3,28.1,15.7,0.893
Sugarcane,22.7,82.8,17.5,181.7,26.725
Rice,6.77,246.6,19.6,63.0,1.914
Sugarcane,3.67,338.1,34.5,62.8,25.348
Chickpea,14.65,273.3,24.6,143.6,0.666
Banana,2.8,377.6,24.0,135.8,21.754
Groundnut,1.16,43.8,19.9,148.5,1.338
Mustard,12.47,159.5,29.1,73.6,0.503
Maize,12.07,182.1,33.1,171.8,2.434
Rice,2.58,144.2,34.0,143.8,2.331
Wheat,0.61,264.2,28.9,169.9,1.123
Banana,18.46,204.8,29.2,78.5,26.093
Sugarcane,5.3,97.7,19.1,173.7,29.061
Millets,4.03,30.7,32.5,118.6,1.069
Sugarcane,17.85,341.0,24.5,182.0,26.899
Maize,14.0,370.1,23.1,151.8,1.793
Tomato,24.97,49.4,29.9,51.1,9.878
Banana,16.72,202.5,32.4,122.0,24.532
Mustard,20.58,214.8,19.7,146.2,0.611
Potato,12.02,261.0,16.7,158.0,9.453
Onion,18.67,197.5,31.2,120.8,7.25
Wheat,10.63,329.7,21.7,164.8,1.266
Rice,9.15,20.2,24.9,86.4,1.834
Onion,23.91,66.1,18.9,139.1,10.006
Mustard,23.38,373.9,25.2,216.9,0.528
Wheat,14.13,323.8,30.6,180.5,0.961
Tomato,7.55,307.8,26.9,39.5,7.112
Maize,23.14,308.9,33.5,178.6,1.452
Mustard,14.7,245.8,40.4,3.4,0.241
Groundnut,1.05,217.1,14.1,132.7,0.919
Onion,19.42,240.2,35.6,81.1,4.336
Mustard,16.56,120.2,41.7,179.9,0.492
Banana,0.78,333.9,18.5,111.8,23.911
Maize,6.47,210.1,21.0,135.4,1.937
Soybean,10.5,244.8,41.7,109.0,0.964
Maize,23.17,275.7,28.3,59.6,1.823
Millets,20.93,393.0,17.1,60.3,0.492
Onion,18.06,59.4,33.2,103.2,7.21
Banana,6.64,140.8,28.1,35.6,22.869
Wheat,10.56,384.8,34.2,15.1,0.695
Rice,5.3,200.2,20.8,205.5,2.444
Soybean,17.68,157.9,38.4,89.4,1.052
Banana,19.8,128.8,14.2,191.0,22.338
Cotton,8.22,177.7,24.9,102.9,0.71
Millets,6.5,251.1,20.8,28.8,0.521
Tomato,15.37,120.2,41.6,79.8,10.942
Chickpea,1.36,284.2,21.1,118.1,0.805
Banana,9.31,298.3,24.4,14.0,19.919
Onion,23.45,51.8,32.6,184.7,9.577
Wheat,6.31,93.7,23.9,141.1,1.789
Groundnut,12.47,248.0,18.3,163.1,0.817
Millets,12.21,158.6,28.5,168.5,0.854
Potato,18.57,99.6,35.4,73.8,8.379
Mustard,20.84,256.8,37.2,123.5,0.329
Wheat,14.14,265.4,13.7,147.3,1.02
Tomato,3.26,151.9,13.8,132.2,10.572
Sugarcane,22.99,216.7,33.9,146.1,33.436
Cotton,10.68,65.5,31.5,66.5,0.851
Cotton,23.08,279.5,20.0,113.2,0.474
Maize,19.95,139.8,39.6,32.4,1.87
Mustard,1.33,138.3,24.4,53.1,0.647
Wheat,23.14,299.2,33.0,172.9,0.99
Rice,2.01,371.8,24.9,99.8,2.045
Banana,8.16,344.9,27.6,92.4,20.293
Maize,22.27,357.2,18.4,185.7,1.365
Banana,1.67,231.2,18.6,204.0,26.735
Tomato,15.63,112.4,24.6,116.5,12.205
Potato,3.27,191.3,20.9,118.6,9.436
Potato,1.05,98.9,31.8,119.8,11.179
Banana,12.83,77.1,12.1,73.8,17.462
Potato,3.76,378.9,28.3,166.8,6.035
Sugarcane,14.78,149.4,14.5,174.6,28.183
Sugarcane,21.79,321.9,31.2,130.1,26.617
Chickpea,18.54,88.6,12.6,68.7,0.782
Rice,5.22,290.1,28.8,202.4,2.429
Millets,22.61,326.4,15.5,40.8,0.454
Mustard,8.64,356.5,27.7,192.7,0.538
Onion,2.26,189.3,39.0,98.9,6.554
Banana,9.34,335.1,30.9,178.6,23.891
Groundnut,13.45,235.6,32.7,26.6,0.788
Potato,9.2,24.8,31.3,135.0,9.86
Cotton,11.81,389.9,29.3,78.7,0.523
Millets,5.31,387.2,25.2,2.3,0.543
Onion,2.68,29.0,38.5,7.4,6.534
Wheat,12.49,366.2,39.3,202.6,0.859
Cotton,20.73,65.7,15.4,202.8,0.816
Groundnut,9.88,94.1,14.5,214.3,1.345
Onion,6.78,206.6,35.0,145.1,6.66
Groundnut,13.01,70.1,24.1,199.2,1.501
Groundnut,21.09,334.7,36.1,179.3,0.709
Rice,1.85,165.8,41.1,121.6,2.003
Sugarcane,5.69,391.8,22.8,123.4,23.209
Soybean,24.19,118.2,39.4,64.2,0.907
Cotton,21.87,247.9,15.4,65.0,0.44
Soybean,16.85,155.3,17.9,182.3,1.263
Onion,9.08,165.3,12.9,207.6,8.714
Groundnut,12.33,155.7,22.7,150.8,1.149
Soybean,2.26,352.1,40.7,217.6,0.815
Mustard,12.42,376.8,34.8,13.2,0.3
Millets,19.61,176.5,31.0,157.5,0.851
Mustard,19.71,123.8,17.5,189.0,0.695
Maize,20.9,323.6,36.1,75.0,1.47
Rice,0.84,20.9,19.8,115.6,1.961
Wheat,21.76,384.6,15.6,181.2,1.244
Wheat,12.81,205.8,34.5,46.0,0.881
Mustard,2.59,230.1,20.1,163.4,0.677
Sugarcane,6.0,347.4,22.4,156.0,29.779
Tomato,21.58,369.1,22.6,69.3,6.445
Maize,6.07,348.4,12.3,31.3,0.934
Onion,21.72,263.2,15.2,17.4,4.259
Cotton,15.69,245.6,15.4,167.4,0.513
Millets,14.04,144.4,15.6,202.2,0.834
Millets,9.04,221.7,29.1,128.1,0.827
Cotton,18.12,358.0,12.9,7.9,0.318
Wheat,8.14,192.9,21.3,122.4,1.355
Cotton,9.21,119.0,28.4,84.5,1.009
Onion,15.48,359.9,12.1,22.4,4.218
Sugarcane,2.03,378.2,31.5,106.9,29.76
Potato,15.1,161.9,20.9,99.8,10.422
Chickpea,12.09,27.0,32.5,15.3,0.623
Tomato,17.85,247.2,25.6,37.9,8.417
Banana,15.31,89.7,29.9,33.3,21.692
Wheat,12.04,289.7,19.2,109.5,1.307
Potato,15.13,103.7,15.7,32.8,10.526
Chickpea,2.62,77.6,18.2,173.3,1.16
Chickpea,10.76,322.0,38.9,98.4,0.492
Mustard,23.36,25.8,28.9,144.6,0.697
Soybean,17.36,130.1,36.6,13.9,0.928
Tomato,5.45,310.9,35.7,38.5,5.482
Tomato,1.8,183.4,17.8,27.8,9.658
Mustard,7.68,264.7,12.1,17.5,0.459
Maize,22.05,51.3,30.7,154.6,2.429
Soybean,17.18,114.7,35.0,122.0,1.252
Sugarcane,3.61,170.3,23.7,28.3,31.242
Wheat,2.48,39.9,13.0,177.7,2.084
Potato,5.08,144.8,36.6,204.4,8.589
Soybean,1.25,137.3,23.6,0.7,0.967
Sugarcane,2.51,293.3,35.1,40.5,27.074
Wheat,7.79,137.1,15.7,49.8,1.58
Cotton,21.36,38.4,19.7,76.2,0.711
Tomato,20.69,36.3,30.4,117.1,12.086
Potato,2.99,69.6,30.9,120.1,8.51
Cotton,3.86,36.1,29.0,17.8,0.724
Onion,4.91,247.2,16.0,206.0,5.274
Mustard,8.29,278.6,12.1,63.3,0.437
Mustard,2.59,387.8,26.0,188.4,0.556
Cotton,21.2,268.2,32.4,177.4,0.594
Banana,22.54,67.5,13.7,216.2,19.445
Potato,13.09,316.7,38.5,102.7,4.218
Sugarcane,9.11,28.8,40.8,157.5,26.784
Groundnut,15.12,122.3,29.5,149.7,1.539
Onion,20.43,133.1,23.9,121.2,7.584
Wheat,8.16,35.9,41.2,210.6,1.643
Mustard,23.03,24.9,34.6,39.6,0.579
Mustard,1.01,282.7,36.5,7.8,0.339
Wheat,2.44,369.9,39.7,163.1,0.869
Wheat,0.91,214.4,38.1,196.4,1.131
Mustard,17.65,42.9,35.4,54.9,0.703
Cotton,5.22,299.1,40.7,119.0,0.53
Soybean,7.52,338.7,13.1,61.9,0.701
Soybean,5.13,358.4,26.5,54.1,0.943
Banana,17.67,61.8,37.6,32.7,17.544
Sugarcane,15.85,154.6,27.3,125.2,32.733
Rice,23.51,20.9,29.9,70.4,1.929
Chickpea,2.87,43.0,24.1,148.2,1.106
Rice,8.74,369.7,39.2,168.0,2.203
Mustard,15.22,321.9,17.3,179.8,0.565
Maize,12.6,259.8,22.2,93.4,1.999
Onion,18.64,96.2,39.9,182.4,6.814
Tomato,11.18,358.9,25.3,22.4,7.074
Banana,2.06,91.4,22.8,215.4,23.44
Wheat,20.36,347.2,35.5,214.1,0.869
Banana,12.23,150.3,20.5,98.3,19.951
Millets,6.98,366.4,17.0,146.3,0.633
Millets,24.03,261.2,13.9,203.2,0.495
Tomato,0.83,103.1,20.4,151.4,14.768
Banana,15.94,43.6,25.0,108.7,23.58
Rice,12.32,230.5,30.9,46.2,2.03
Soybean,20.78,318.9,36.2,115.6,0.905
Maize,10.79,330.2,38.1,98.8,1.158
Soybean,16.01,167.4,39.2,110.7,1.115
Soybean,2.87,351.0,16.9,179.0,0.862
Mustard,18.56,369.9,30.0,74.5,0.413
Groundnut,9.43,116.6,26.7,197.6,1.448
Tomato,22.48,200.5,40.4,174.1,7.757
Sugarcane,24.95,382.4,24.3,183.4,27.327
Groundnut,6.67,216.7,34.7,16.9,0.771
Onion,12.23,162.6,34.2,51.3,7.248
Maize,7.01,40.8,37.3,49.4,1.773
Rice,12.82,122.2,29.0,159.2,2.121
Rice,5.41,168.5,38.4,24.1,1.86
Groundnut,2.4,146.5,35.1,205.7,1.518
Millets,16.23,298.0,24.1,147.3,0.705
Tomato,13.7,216.3,32.1,33.5,8.003
Millets,1.74,258.3,28.0,184.7,0.875
Rice,16.65,135.3,23.6,17.2,1.379
Groundnut,20.56,389.3,26.7,28.2,0.577
Wheat,22.03,188.0,38.4,79.8,1.017
Rice,17.01,39.0,32.4,175.9,1.934
Wheat,13.29,389.1,41.2,24.1,0.63
Rice,19.94,353.2,13.3,213.9,1.617
Onion,2.14,111.3,22.4,188.6,10.558
Potato,23.55,180.6,39.5,197.1,7.478
Potato,20.1,272.7,18.7,171.9,8.683
Sugarcane,15.25,375.2,19.2,12.2,19.058
Rice,8.16,198.0,27.0,179.5,2.499
Onion,7.19,123.7,21.7,32.1,8.003
Cotton,20.88,118.8,37.5,125.6,0.884
Mustard,22.07,137.2,31.9,67.9,0.511
Millets,15.82,92.6,23.1,77.3,0.983
Cotton,7.52,144.4,12.3,69.5,0.628
Cotton,10.34,392.6,28.4,16.0,0.499
Chickpea,1.8,338.1,24.2,13.6,0.571
Groundnut,21.44,179.8,25.8,79.7,0.904
Groundnut,19.94,31.7,26.7,58.4,1.191
Rice,9.04,222.6,34.3,208.1,1.828
Sugarcane,9.04,250.3,23.0,21.3,28.086
Sugarcane,1.55,356.0,38.1,123.8,27.476
Rice,8.91,151.6,33.6,178.6,2.117
Onion,6.0,296.6,22.5,155.2,6.217
Soybean,4.33,356.5,36.7,128.3,0.777
Onion,2.76,196.2,20.0,182.8,8.083
Maize,11.58,370.3,29.3,85.2,1.434
Tomato,14.7,165.2,32.1,170.7,11.01
Groundnut,6.59,378.1,27.4,181.7,0.938
Mustard,23.42,281.5,15.4,156.2,0.528
Chickpea,9.53,109.9,19.6,9.1,0.848
Chickpea,7.65,243.0,26.9,218.5,0.613
Onion,23.68,333.2,31.7,15.7,4.428
Mustard,7.41,122.4,27.7,62.3,0.693
Onion,5.24,78.3,13.3,121.6,8.535
Tomato,5.6,370.9,23.4,31.0,7.227
Potato,11.24,226.9,30.0,16.1,7.132
Banana,6.86,281.3,30.4,218.4,26.603
Cotton,4.99,389.7,26.5,145.5,0.618
Groundnut,24.69,386.5,41.5,181.3,0.673
Cotton,14.51,48.4,35.8,164.8,0.93
Onion,7.01,327.8,41.2,93.2,4.14
Soybean,22.57,282.0,32.1,207.7,1.024
Onion,17.9,203.9,20.6,55.4,5.448
Potato,6.44,373.8,24.1,139.4,6.325
Soybean,10.29,306.8,13.7,88.5,0.89
Groundnut,16.88,315.4,34.9,145.6,0.788
Sugarcane,1.75,94.1,28.7,196.9,34.243
Soybean,20.88,190.5,19.8,17.6,0.929
Groundnut,14.73,293.9,30.2,77.1,0.95
Potato,3.93,132.5,28.1,15.2,7.906
Potato,9.62,192.7,32.4,34.1,7.706
Rice,10.94,115.4,15.0,203.6,1.842
Groundnut,4.92,212.4,21.6,36.5,0.865
Soybean,22.51,153.9,20.6,82.1,1.146
Cotton,4.56,260.3,24.0,3.8,0.419
Potato,3.31,177.1,31.7,128.9,9.091
Millets,18.32,342.7,17.5,8.1,0.463
Potato,17.17,192.9,33.8,34.6,7.669
Mustard,21.99,231.5,36.0,72.1,0.371
Tomato,9.17,360.8,32.9,100.4,8.057
Soybean,15.03,221.7,34.1,53.4,0.976
Potato,8.06,98.1,22.0,176.6,13.235
Onion,13.56,172.4,36.8,171.4,6.398
Sugarcane,7.42,28.1,21.4,132.2,29.669
Onion,24.67,300.3,24.4,175.4,6.126
Mustard,23.88,159.3,32.7,4.2,0.363
Groundnut,3.0,184.7,15.2,40.7,0.849
Cotton,2.05,257.5,13.8,158.0,0.55
Mustard,24.22,263.8,29.9,37.7,0.444
Groundnut,21.61,70.1,12.9,79.0,1.018
Chickpea,23.98,347.5,25.2,60.7,0.566
Cotton,23.47,320.4,38.0,167.4,0.506
Mustard,20.56,267.4,35.2,161.5,0.456
Wheat,7.5,345.4,24.2,39.1,1.051
Banana,16.25,244.2,31.9,218.6,25.911
Cotton,24.4,310.1,37.7,176.5,0.517
Mustard,3.09,275.9,13.8,7.3,0.449
Chickpea,22.97,257.0,25.8,182.3,0.559
Groundnut,3.04,363.9,15.0,157.1,0.661
Rice,13.28,57.1,33.9,132.4,2.074
Chickpea,22.85,89.9,18.1,208.8,0.919
Groundnut,6.3,73.7,33.3,171.7,1.459
Soybean,8.38,140.5,41.2,128.2,1.086
Maize,7.82,141.2,33.4,120.8,2.183
Onion,1.14,281.1,33.7,39.7,4.739
Groundnut,22.0,249.1,32.1,154.2,0.952
Rice,12.08,108.1,32.6,157.3,2.125
Maize,23.88,371.5,16.0,105.1,1.271
Groundnut,14.37,286.1,41.3,148.1,0.77
Millets,6.39,107.2,25.2,193.9,1.154
Wheat,20.71,87.4,30.5,15.4,1.362
Groundnut,8.31,326.1,13.2,80.3,0.656
Millets,12.23,210.1,39.2,192.7,0.709
Soybean,17.46,226.3,22.6,108.4,1.086
Soybean,14.42,86.7,30.6,109.6,1.137
Onion,23.62,397.2,40.5,162.6,4.506
Potato,23.71,193.1,18.0,24.4,7.818
Cotton,8.54,311.2,30.8,62.4,0.498
Banana,4.71,66.3,30.0,51.3,21.146
Mustard,23.45,86.7,26.1,64.9,0.802
Banana,6.87,310.1,36.4,118.7,22.41
Soybean,3.85,212.5,36.9,136.6,1.074
Groundnut,24.02,57.5,13.3,78.4,1.138
Potato,1.74,115.9,41.6,141.0,9.023
Chickpea,19.0,371.6,34.2,25.6,0.419
Wheat,10.37,363.5,34.9,176.4,0.967
Chickpea,19.11,260.7,16.2,166.5,0.618
Rice,18.62,291.2,12.2,170.5,1.843
Millets,24.13,369.5,23.5,156.1,0.648
Chickpea,20.64,141.5,26.1,24.7,0.671
Banana,7.26,241.5,23.4,34.3,22.722
Banana,20.66,129.9,27.5,198.6,25.087
Wheat,23.91,327.5,18.6,44.2,1.056
Chickpea,2.45,247.8,19.0,184.6,0.712
Soybean,19.96,53.5,30.0,211.8,1.192
Soybean,2.5,365.2,15.9,81.1,0.695
Cotton,6.99,119.2,24.4,62.9,0.817
Onion,14.12,81.4,39.4,76.8,8.149
Maize,24.02,250.7,13.8,42.4,1.489
Sugarcane,5.1,249.9,21.2,76.9,30.239
Mustard,3.27,161.3,38.9,186.2,0.473
Chickpea,21.17,54.8,15.7,4.1,0.757
Tomato,1.43,196.8,19.4,183.1,11.442
Mustard,19.27,163.7,39.8,197.1,0.4
Rice,8.76,299.6,40.2,69.6,1.822
Potato,6.96,393.6,28.2,212.9,5.464
Soybean,14.87,79.1,25.4,97.4,1.157
Cotton,9.99,193.0,38.3,39.7,0.591
Chickpea,15.91,59.6,16.4,161.2,1.125
Chickpea,13.21,83.7,35.9,201.9,0.926
Wheat,10.61,377.1,17.7,37.6,1.174
Maize,13.81,97.8,30.5,206.1,2.959
Mustard,21.98,258.2,20.0,20.6,0.527
Rice,1.21,90.2,32.1,166.7,2.226
Soybean,19.25,325.0,34.6,7.2,0.668
Onion,14.29,183.8,12.7,130.0,6.834
Groundnut,5.14,281.4,14.7,132.1,0.678
Chickpea,10.18,368.5,27.8,165.1,0.659
Rice,22.49,176.9,41.0,33.7,1.409
Mustard,13.38,72.6,30.8,28.9,0.686
Onion,16.53,108.5,40.9,187.7,7.229
Mustard,9.45,204.0,22.1,186.9,0.627
Wheat,5.75,172.4,30.7,183.0,1.491
Sugarcane,2.46,37.9,22.9,178.2,31.069
Rice,7.5,362.7,29.3,89.7,2.423
Maize,3.27,61.2,32.2,158.5,2.859
Banana,4.32,28.0,15.0,23.3,13.74
Potato,6.28,71.0,35.9,80.7,8.541
Soybean,3.91,50.4,32.4,96.8,1.181
Sugarcane,19.91,27.3,24.9,28.0,21.835
Soybean,4.31,46.0,26.4,185.6,1.287
Chickpea,7.96,189.5,20.4,74.3,0.676
Rice,20.22,97.7,35.6,86.8,1.968
Millets,15.62,278.0,22.9,156.9,0.678
Mustard,13.9,41.2,26.2,11.3,0.725
Potato,12.15,174.3,13.4,30.2,7.123
Potato,12.42,313.6,25.3,42.2,5.798
Millets,9.7,369.4,21.7,81.1,0.564
Mustard,15.41,148.5,40.4,77.6,0.411
Onion,21.16,375.4,40.7,117.3,4.745
Sugarcane,22.28,308.1,24.0,53.9,24.86
Maize,11.05,391.9,37.6,173.9,1.414
Mustard,19.02,175.6,14.8,161.8,0.541
Tomato,3.75,36.2,21.8,112.2,11.893
Wheat,22.44,247.2,27.7,51.1,1.013
Chickpea,15.21,348.7,38.5,99.4,0.408
Sugarcane,23.79,384.0,41.9,55.5,18.991
Tomato,1.77,25.7,32.2,26.4,9.655
Rice,2.63,99.3,28.6,73.0,1.977
Rice,16.4,21.3,37.4,12.7,1.269
Soybean,22.64,226.0,35.1,38.0,0.815
Millets,1.07,229.6,25.8,175.3,0.871
Rice,4.51,321.8,41.3,21.5,1.568
Cotton,13.13,138.6,12.4,159.3,0.712
Chickpea,6.98,245.1,20.5,154.5,0.652
Mustard,8.9,213.4,29.6,127.5,0.525
Maize,6.31,34.3,18.6,13.0,1.827
Rice,3.06,177.8,35.1,169.9,2.341
Soybean,6.69,236.0,39.3,131.8,0.962
Chickpea,5.61,122.0,16.5,17.2,0.73
Banana,11.57,376.8,37.9,163.7,19.988
Banana,6.97,345.4,32.4,131.9,25.067
Sugarcane,23.26,87.2,14.4,60.0,23.675
Banana,2.88,271.5,24.0,200.7,23.283
Rice,9.83,337.2,19.3,119.5,1.799
Chickpea,15.29,373.4,25.3,138.4,0.602
Rice,22.69,336.2,14.3,56.9,1.295
Onion,22.31,324.9,21.4,136.6,5.601
Wheat,14.9,394.7,28.3,42.8,0.919
Groundnut,4.81,281.5,39.1,148.7,0.779
Wheat,11.22,224.5,28.0,86.3,0.958
Onion,17.69,37.9,18.1,99.9,7.901
Sugarcane,19.97,179.4,18.6,5.8,23.703
Cotton,10.71,172.1,30.8,13.7,0.68
Sugarcane,21.86,171.1,29.5,156.3,32.811
Rice,3.81,240.5,39.1,196.4,2.224
Groundnut,9.16,113.2,40.9,7.6,0.904
Sugarcane,1.19,344.5,26.1,50.2,27.782
Soybean,3.14,379.8,32.9,140.5,0.894
Wheat,12.5,313.4,13.6,146.8,1.084
Groundnut,5.78,347.5,39.9,21.1,0.577
Cotton,16.84,314.1,26.7,203.9,0.519
Mustard,3.99,52.6,38.3,122.7,0.88
Wheat,18.37,298.2,15.8,24.1,0.916
Banana,24.85,142.8,30.6,126.0,26.064
Groundnut,13.21,371.3,25.6,104.0,0.841
Mustard,20.79,191.7,25.3,104.1,0.442
Onion,23.26,256.6,20.5,198.1,6.196
Chickpea,10.66,280.4,13.6,68.8,0.539
Wheat,16.65,52.1,18.1,159.5,1.794
Mustard,24.82,253.3,24.9,131.4,0.534
Rice,12.64,270.1,33.3,39.5,1.831
Banana,20.04,312.6,36.3,96.2,21.823
Cotton,17.79,142.4,41.3,83.3,0.745
Mustard,18.8,210.6,24.2,140.2,0.521
Mustard,15.0,324.0,15.7,153.4,0.586
Rice,5.62,207.5,20.0,70.8,2.014
Onion,11.06,205.3,42.0,26.8,4.509
Millets,20.44,127.3,23.8,180.7,0.97
Chickpea,21.47,44.5,20.6,122.7,0.978
Potato,12.86,369.7,40.4,70.2,4.041
Rice,22.85,235.5,29.4,179.3,2.3
Tomato,21.36,206.8,34.1,199.1,9.477
Soybean,22.28,144.4,39.9,67.2,1.118
Groundnut,23.09,311.9,34.2,214.1,0.842
Onion,22.25,34.1,16.0,59.7,7.074
Mustard,9.89,33.5,14.3,128.2,0.906
Maize,22.53,356.6,30.7,87.2,1.396
Potato,5.17,151.4,22.9,127.6,10.582
Groundnut,20.55,258.1,19.6,88.5,0.606
Cotton,2.75,290.2,24.2,27.3,0.454
Sugarcane,14.23,29.8,35.7,108.1,27.042
Soybean,14.84,386.0,20.4,90.8,0.716
Banana,22.89,320.6,31.3,175.0,20.27
Wheat,14.68,124.2,19.2,63.4,1.788
Onion,7.19,47.1,32.2,112.7,9.082
Chickpea,4.86,208.1,39.6,167.4,0.444
Tomato,14.83,44.4,24.8,67.6,12.21
Soybean,19.77,251.8,33.1,160.7,0.936
Millets,21.73,254.6,34.1,2.4,0.475
Tomato,1.86,265.5,39.9,161.2,6.979
Soybean,1.89,151.1,19.2,6.1,0.966
Tomato,3.77,94.0,38.1,218.6,12.259
Cotton,6.2,86.8,29.4,172.5,1.024
Wheat,12.43,395.4,35.6,11.2,0.617
Mustard,14.21,105.2,24.1,138.5,0.747
Potato,6.93,370.0,21.7,202.5,8.415
Banana,12.93,374.3,20.3,186.7,20.855
Mustard,16.76,95.4,31.8,38.9,0.651
Soybean,15.46,73.1,15.0,133.6,0.994
Tomato,24.98,66.7,26.2,203.4,12.036
Potato,1.23,327.0,19.2,164.2,7.299
Rice,12.03,86.8,24.7,86.9,2.027
Sugarcane,13.78,284.9,17.2,219.4,25.416
Tomato,15.43,140.9,20.8,69.7,11.605
Wheat,7.53,315.9,17.4,31.2,1.137
Maize,3.27,29.5,20.8,215.6,2.426
Soybean,2.06,241.6,26.9,22.9,0.998
Chickpea,12.62,226.6,35.9,21.6,0.38
Tomato,3.26,194.2,19.4,146.3,12.228
Banana,5.99,316.2,40.3,35.4,18.475
Potato,13.48,301.1,15.8,11.1,5.854
Cotton,7.79,241.5,36.1,6.3,0.511
Mustard,7.93,294.8,32.0,181.9,0.461
Sugarcane,11.11,170.5,32.0,209.9,36.48
Sugarcane,16.15,87.5,29.2,160.3,31.473
Chickpea,24.7,215.9,37.8,162.2,0.434
Millets,1.24,391.3,41.0,114.0,0.711
Mustard,1.85,325.3,24.3,123.8,0.55
Wheat,15.54,308.3,38.8,109.1,0.758
Rice,21.42,344.4,22.6,45.6,1.503
Wheat,19.04,294.3,14.1,216.5,1.141
Soybean,1.61,24.5,15.8,86.0,1.053
Potato,18.34,399.7,32.4,21.9,3.947
Maize,22.21,226.8,19.4,161.2,1.966
Potato,13.1,56.0,24.4,184.8,10.239
Mustard,6.71,144.9,22.1,29.8,0.493
Onion,18.23,172.5,21.0,154.2,7.722
Mustard,20.01,165.1,28.3,7.0,0.433
Groundnut,6.3,356.6,12.6,154.0,0.653
Onion,6.8,82.6,20.3,201.1,11.318
Cotton,11.69,120.5,32.9,73.5,0.794
Groundnut,22.81,218.2,14.1,165.4,0.822
Rice,11.8,392.1,18.8,185.7,1.54
Tomato,13.73,62.7,16.0,93.0,11.564
Chickpea,5.76,200.5,13.9,65.8,0.474
Soybean,5.23,58.3,13.6,114.8,1.084
Millets,5.3,114.1,21.6,2.1,0.78
Cotton,8.35,238.2,21.8,5.9,0.427
Onion,18.18,146.9,19.2,58.1,8.345
Maize,19.0,95.6,33.2,212.2,2.704
Groundnut,12.94,157.3,30.0,193.8,1.299
Mustard,19.06,214.3,35.2,194.6,0.393
Groundnut,1.99,113.2,35.6,4.3,1.04
Onion,20.59,326.5,14.2,149.5,5.324
Potato,3.08,204.5,31.5,75.3,6.919
Groundnut,19.47,110.1,25.0,113.6,1.377
Wheat,11.06,77.9,19.0,78.4,2.143
Soybean,2.25,153.1,13.2,55.2,0.956
Groundnut,4.6,210.9,39.8,42.8,0.927
Chickpea,8.73,172.5,15.3,140.1,0.725
Rice,20.12,244.8,34.2,36.1,1.724
Soybean,11.61,260.3,24.4,147.9,1.098
Tomato,7.84,355.0,34.0,15.0,5.396
Groundnut,15.98,371.3,32.3,45.8,0.713
Onion,13.54,208.6,40.1,155.8,5.747
Chickpea,16.69,234.0,29.4,111.6,0.501
Onion,6.25,367.8,28.8,96.2,6.372
Millets,14.81,77.7,12.1,57.0,0.806
Sugarcane,23.56,241.1,24.2,216.3,28.283
Chickpea,23.57,282.2,27.8,180.8,0.572
Millets,9.51,98.6,19.7,30.0,0.967
Mustard,10.9,158.4,23.6,185.6,0.671
Rice,16.75,281.9,36.1,84.7,2.05
Mustard,6.33,375.2,34.8,99.7,0.446
Sugarcane,18.7,380.4,39.8,157.1,25.131
Soybean,2.6,120.8,28.9,200.9,1.551
Wheat,8.0,159.2,21.3,116.6,1.742
Chickpea,22.21,218.3,31.7,209.9,0.515
Onion,4.59,144.2,14.3,24.3,7.276
Mustard,5.13,141.6,22.1,184.8,0.774
Onion,1.33,257.1,27.8,0.6,4.737
Banana,13.92,274.9,13.5,38.0,19.2
Soybean,4.71,64.3,21.7,93.9,1.106
Rice,23.27,193.7,26.2,68.5,2.126
Potato,4.71,45.7,33.1,76.8,8.452
Millets,6.74,359.5,36.7,66.8,0.682
Onion,24.83,331.5,39.8,3.7,3.367
Soybean,9.68,54.6,34.5,115.6,1.071
Sugarcane,3.35,399.0,22.5,209.3,29.696
Chickpea,19.66,233.1,17.7,41.2,0.569
Wheat,24.96,238.9,17.6,74.9,1.012
Onion,10.31,163.7,36.0,212.0,7.25
Potato,10.65,223.9,19.4,88.4,9.313
Soybean,19.77,148.9,33.2,18.2,0.945
Rice,16.51,332.2,18.1,121.2,1.838
Mustard,3.56,151.0,41.0,34.6,0.362
Sugarcane,24.94,169.4,16.5,122.9,27.23
Millets,1.39,234.8,30.7,0.8,0.582
Soybean,23.65,171.3,40.6,212.0,0.906
Mustard,20.84,289.5,34.8,57.4,0.363
Potato,6.27,265.0,38.5,79.1,5.871
Banana,23.25,190.3,30.1,31.2,21.165
Tomato,1.03,201.1,28.4,19.0,9.4
Onion,22.34,57.7,26.7,173.6,10.881
Sugarcane,17.48,120.9,15.6,34.7,22.483
Wheat,8.78,86.7,25.0,73.6,1.741
Cotton,1.33,195.8,15.4,117.8,0.613
Banana,4.09,254.3,24.4,79.1,24.481
Chickpea,24.86,169.2,25.7,20.8,0.522
Maize,18.63,45.5,20.9,164.0,2.238
Sugarcane,1.34,320.0,41.0,82.8,28.42
Onion,14.1,300.7,31.0,69.2,5.464
Soybean,13.84,270.6,29.2,28.2,1.021
Rice,4.1,355.7,26.0,174.1,2.286
Onion,9.3,387.5,29.0,22.4,5.016
Maize,17.9,68.9,37.7,211.0,2.268
Soybean,4.05,231.9,16.9,97.3,0.964
Groundnut,23.73,288.1,22.8,91.5,0.792
Wheat,12.16,395.1,13.9,59.7,1.063
Millets,9.23,217.6,19.8,36.2,0.539
Wheat,2.52,94.5,13.8,209.6,2.195
Mustard,23.96,308.3,20.0,193.4,0.526
Rice,18.65,245.0,29.5,213.2,2.223
Banana,3.26,286.3,41.7,2.2,16.637
Mustard,19.73,298.8,34.0,216.1,0.489
Soybean,16.21,98.2,18.4,143.0,1.216
Tomato,15.2,195.5,32.6,70.8,8.652
Onion,15.62,328.7,24.5,168.1,6.223
Potato,10.93,226.2,39.3,66.1,6.297
Banana,10.64,348.4,16.7,7.8,16.345
Potato,21.97,150.6,32.5,50.8,8.031
Onion,6.51,167.2,19.9,22.1,6.434
Chickpea,14.31,54.2,22.7,101.8,1.097
Wheat,23.59,219.3,36.1,21.2,0.759
Potato,9.15,296.8,38.3,156.7,5.425
Potato,18.73,31.3,17.1,149.7,10.172
Potato,2.02,358.0,40.6,82.2,4.123
Chickpea,14.12,303.9,40.1,160.0,0.469
Mustard,5.23,184.1,17.6,4.7,0.437
Wheat,2.83,351.2,15.7,138.7,1.323
Cotton,24.49,116.5,19.1,138.0,0.812
Millets,4.74,134.2,12.2,158.7,0.743
Mustard,6.28,249.9,19.6,12.5,0.395
Potato,15.09,199.0,26.7,219.3,8.972
Mustard,4.45,348.9,28.0,218.9,0.569
Groundnut,14.7,26.6,39.2,115.1,1.101
Onion,5.64,153.1,20.6,6.1,6.876
Wheat,14.93,144.2,14.6,165.3,1.47
Banana,0.56,397.5,20.0,57.7,17.902
Cotton,21.11,262.2,26.8,71.9,0.499
Millets,8.48,347.8,32.4,89.5,0.643
Rice,2.38,159.9,41.5,5.3,1.634
Maize,8.87,395.2,22.3,149.2,1.687
Sugarcane,2.7,76.4,19.8,175.1,32.659
Tomato,4.67,164.1,16.2,104.1,9.013
Wheat,10.02,39.0,27.6,199.6,1.483
Millets,20.55,178.4,29.1,110.5,0.863
Banana,9.79,311.5,13.5,60.0,18.689
Chickpea,14.44,337.0,28.6,100.8,0.536
Banana,7.74,69.3,37.0,195.9,22.144
Millets,13.94,317.7,12.7,217.1,0.526
Chickpea,1.65,62.4,21.6,202.7,1.221
Rice,8.48,191.4,20.0,137.3,2.142
Mustard,17.31,168.8,36.2,131.7,0.396
Soybean,4.5,117.3,39.5,181.2,1.376
Soybean,22.9,155.0,30.6,86.1,1.07
Onion,24.93,303.3,35.4,193.8,5.542
Maize,18.45,249.9,28.2,84.9,2.102
Groundnut,23.1,299.0,30.4,18.8,0.734
Mustard,3.58,76.6,14.4,64.7,0.833
Groundnut,18.44,247.8,27.2,217.1,0.944
Cotton,5.14,120.6,21.9,217.9,0.953
Banana,11.49,340.9,19.0,130.4,19.937
Groundnut,5.95,242.6,24.9,122.9,0.926
Potato,12.91,140.2,16.3,110.1,10.34
Millets,8.42,226.3,26.5,29.6,0.588
Soybean,14.14,336.9,13.8,20.0,0.59
Banana,6.79,107.3,41.1,112.4,21.358
Cotton,10.45,119.0,17.1,215.3,0.912
Soybean,22.51,98.1,15.8,57.3,1.107
Tomato,9.86,205.9,12.6,0.9,6.531
Sugarcane,19.88,381.5,39.8,102.4,22.299
Maize,12.35,59.5,40.3,147.7,2.125
Cotton,6.5,305.6,24.1,190.1,0.532
Onion,8.35,229.4,19.1,176.1,5.785
Banana,22.23,123.6,15.6,136.4,23.014
Millets,6.72,227.1,28.1,118.3,0.789
Cotton,5.0,293.7,26.0,103.3,0.462
Maize,22.99,44.7,35.9,54.5,2.186
Mustard,4.06,376.9,28.7,76.9,0.499
Maize,7.6,44.3,23.8,155.6,2.38
Potato,13.0,221.2,23.2,18.3,6.967
Groundnut,18.24,327.8,23.9,72.4,0.68
Rice,14.45,198.2,25.3,0.3,1.582
Rice,4.75,62.9,23.6,171.3,2.036
Millets,13.96,193.0,12.8,61.1,0.521
Chickpea,14.08,270.4,41.6,111.6,0.386
Soybean,7.33,192.4,33.6,124.3,1.174
Millets,14.37,370.5,16.5,176.8,0.531
Maize,3.24,240.7,20.7,31.7,1.769
Rice,12.45,164.6,28.1,189.5,2.509
Groundnut,20.65,347.8,23.3,33.0,0.582
Groundnut,16.15,375.8,13.2,109.4,0.681
Chickpea,21.49,319.0,41.1,106.6,0.375
Chickpea,22.51,285.1,40.9,54.0,0.362
Mustard,21.38,40.1,36.3,102.1,0.678
Maize,18.77,181.3,16.4,135.7,2.241
Tomato,6.06,352.3,14.1,2.2,5.158
Rice,19.32,116.5,41.0,156.7,1.625
Millets,21.69,273.7,29.6,91.7,0.736
Groundnut,15.53,78.5,36.3,46.1,0.998
Groundnut,20.47,197.8,24.0,114.7,1.061
Wheat,22.08,150.6,17.6,191.2,1.599
Rice,4.37,347.6,40.2,98.5,1.916
Potato,1.16,134.9,26.8,95.2,10.346
Tomato,24.37,126.6,40.4,125.7,10.617
Maize,15.08,394.5,37.2,66.8,1.348
Tomato,2.92,133.1,39.5,143.8,11.249
Groundnut,13.74,83.9,16.5,168.5,1.257
Tomato,4.88,157.4,16.0,45.0,9.657
Groundnut,18.06,343.7,38.2,129.7,0.756
Soybean,0.96,330.6,36.1,111.8,0.892
Groundnut,4.73,48.7,21.7,206.2,1.361
Tomato,13.45,187.5,15.7,15.7,7.557
Millets,15.17,185.0,20.6,2.9,0.529
Banana,15.35,80.1,35.8,32.7,19.824
Onion,13.06,292.4,14.5,163.0,5.795
Potato,3.87,304.5,24.5,142.5,7.13
Maize,5.0,303.5,18.0,17.7,1.286
Rice,8.99,221.4,29.3,82.0,2.607
Mustard,6.79,80.0,39.3,162.8,0.688
Wheat,0.55,304.6,26.5,170.4,1.288
Mustard,9.26,249.8,21.1,196.6,0.621
Rice,22.25,58.3,26.8,127.9,1.779
Cotton,3.44,35.0,24.5,99.8,0.879
Soybean,15.17,99.8,39.0,42.6,1.046
Onion,23.68,391.6,20.5,30.2,4.739
Onion,10.02,231.4,32.7,73.1,4.644
Soybean,15.45,47.1,33.0,175.8,1.147
Wheat,12.92,352.0,26.7,173.2,1.17
Onion,17.87,52.0,12.8,110.5,6.918
Chickpea,19.47,229.1,34.0,172.4,0.459
Cotton,24.65,96.8,14.5,70.1,0.712
Banana,11.94,237.1,36.2,186.1,22.884
Wheat,7.22,279.9,37.8,37.0,0.711
Groundnut,4.93,148.3,35.8,163.4,1.142
Sugarcane,18.0,174.2,18.3,185.5,31.733
Mustard,19.83,295.0,29.1,178.2,0.506
Banana,14.98,119.2,31.2,148.4,23.142
Onion,14.89,377.4,31.9,106.5,4.973
Maize,20.56,298.5,25.1,108.1,1.801
Mustard,7.47,287.4,38.2,121.5,0.392
Mustard,1.11,275.8,18.7,8.6,0.519
Cotton,14.01,83.6,30.1,90.4,0.903
Potato,21.92,49.8,27.8,38.2,7.652
Wheat,16.91,250.4,39.7,174.8,0.874
Potato,16.08,255.7,31.4,94.4,6.977
Banana,19.84,202.9,35.6,87.0,23.246
Groundnut,12.75,228.2,15.5,146.3,0.924
Groundnut,9.73,175.8,37.8,219.6,1.198
Banana,2.01,40.6,25.9,172.6,25.539
Wheat,4.69,32.5,29.9,130.6,1.703
Tomato,8.39,154.5,39.9,190.6,10.556
Chickpea,14.75,58.6,26.6,196.8,1.118
Millets,23.84,221.7,39.4,168.6,0.527
Onion,7.9,258.7,19.7,187.9,5.957
Millets,4.81,180.1,17.5,100.7,0.734
Groundnut,15.12,396.5,17.2,84.6,0.678
Millets,17.45,46.6,38.5,41.5,0.926
Mustard,17.91,271.0,12.2,54.9,0.48
Onion,10.31,48.1,32.3,196.1,10.7
Potato,5.46,214.3,39.5,14.7,4.866
Mustard,6.99,251.6,40.5,106.2,0.332
Soybean,21.36,128.8,30.8,203.6,1.364
Potato,9.87,62.5,39.7,202.6,8.386
Cotton,5.04,265.8,21.1,52.8,0.455
Wheat,6.48,385.0,25.2,93.0,1.117
Rice,3.32,184.8,29.6,111.8,2.249
Wheat,24.83,35.5,17.0,121.8,1.845
Groundnut,9.49,107.8,41.0,33.8,1.078
Sugarcane,1.06,248.6,23.8,124.4,35.464
Chickpea,2.76,337.4,33.7,28.2,0.47
Wheat,11.19,57.5,37.2,79.8,1.585
Mustard,22.9,301.9,13.0,34.1,0.424
Potato,10.1,391.4,18.2,155.0,7.323
Banana,2.91,59.5,21.0,211.3,28.312
Rice,3.51,46.7,41.1,37.7,1.581
Sugarcane,14.09,106.1,31.9,81.7,27.087
Mustard,2.87,354.5,29.9,1.0,0.369
Wheat,22.69,72.6,22.0,168.2,2.142
Soybean,8.17,313.1,33.4,79.1,0.844
Millets,22.25,271.4,29.8,178.4,0.761
Chickpea,11.38,280.9,24.1,105.4,0.637
Wheat,16.19,345.4,14.6,197.9,1.129
Potato,18.76,243.8,24.2,203.2,9.202
Maize,13.25,222.3,34.3,78.8,1.729
Rice,9.06,249.0,28.3,186.3,2.484
Sugarcane,24.4,139.2,25.1,218.7,32.181
Chickpea,14.55,160.7,13.4,167.4,0.664
Onion,10.74,75.0,19.4,183.2,8.968
Banana,6.78,114.6,29.5,56.5,23.126
Wheat,4.32,183.0,18.2,171.3,1.578
Rice,15.2,344.5,36.0,34.9,1.755
Groundnut,24.57,336.1,30.5,24.4,0.663
Potato,17.23,374.9,33.3,22.8,3.795
Tomato,10.82,260.5,39.0,167.2,7.124
Soybean,4.1,158.0,32.5,139.5,1.308
Cotton,19.84,56.4,29.9,177.9,0.946
Groundnut,5.46,275.9,17.3,107.4,0.752
Wheat,22.77,92.3,26.5,29.1,1.61
Rice,24.95,134.8,39.7,160.6,1.662
Wheat,17.21,378.6,33.8,186.4,0.921
Tomato,4.64,263.2,19.6,94.6,8.925
Millets,23.62,154.8,20.4,47.0,0.706
Potato,11.03,369.6,22.3,63.3,6.362
Rice,13.35,187.3,26.0,183.6,2.383
Potato,1.75,22.3,26.9,180.0,10.622
Potato,15.44,213.5,29.4,194.1,8.283
Millets,11.93,176.2,40.6,41.2,0.616
Rice,15.81,141.3,28.2,131.3,1.995
Potato,10.8,73.9,35.1,85.6,8.789
Chickpea,4.48,286.2,24.5,40.8,0.556
Soybean,22.39,296.3,29.3,137.5,1.115
Wheat,15.01,301.2,26.9,197.0,1.148
Sugarcane,9.72,181.7,33.1,6.0,28.864
Maize,14.09,137.8,31.7,198.2,2.563
Onion,18.61,95.4,26.2,64.1,9.372
Wheat,23.71,175.3,27.0,115.3,1.527
Sugarcane,6.35,162.9,34.4,154.2,29.278
Groundnut,19.1,94.1,27.3,43.2,1.159
Wheat,12.93,198.4,21.2,98.8,1.214
Banana,14.48,57.8,15.1,64.5,16.8
Tomato,5.96,69.9,14.9,67.1,11.164
Maize,7.43,187.4,30.9,79.2,1.88
Tomato,17.47,239.8,26.9,108.2,9.629
Maize,21.03,364.1,41.2,88.9,1.145
Wheat,17.71,180.4,39.6,213.1,1.065
Sugarcane,19.53,251.4,24.7,29.6,21.441
Onion,2.26,71.2,23.2,87.7,10.565
Potato,22.54,215.0,41.1,193.2,5.624
Wheat,10.01,116.9,41.8,133.1,1.297
Banana,5.99,371.4,35.8,100.0,19.755
Millets,14.95,169.6,16.8,160.1,0.734
Tomato,9.61,40.9,28.7,132.0,11.849
Maize,1.14,65.5,12.9,207.8,2.33
Banana,0.97,56.7,33.6,105.7,24.658
Sugarcane,7.0,187.0,30.7,46.7,30.718
Maize,17.94,241.3,25.3,124.8,1.955
Wheat,20.42,307.1,17.5,194.9,1.268
Groundnut,13.52,321.3,16.9,58.3,0.664
Groundnut,23.48,327.4,17.1,130.9,0.689
Groundnut,2.35,345.6,14.7,59.7,0.621
Wheat,14.59,308.8,20.0,172.1,1.264
Groundnut,6.45,192.6,41.4,162.1,0.941
Cotton,24.18,278.9,25.6,201.6,0.546
Groundnut,5.42,68.6,38.0,149.6,1.501
Onion,19.26,363.2,23.3,77.0,6.049
Mustard,12.33,209.3,15.4,132.8,0.538
Wheat,11.68,213.8,21.3,150.7,1.362
Sugarcane,10.54,29.0,35.1,212.6,28.929
Groundnut,7.59,341.8,33.3,68.7,0.774
Wheat,5.88,278.3,36.4,21.0,0.771
Banana,24.0,298.6,27.5,132.9,23.498
Banana,7.72,58.3,23.1,163.9,23.656
Maize,9.6,254.1,29.8,104.0,1.809
Maize,2.33,152.3,41.1,209.7,2.344
Maize,14.68,260.6,24.9,63.4,1.831
Onion,24.32,302.9,32.7,185.8,5.523
Rice,16.86,320.2,15.8,41.3,1.459
Tomato,16.66,336.2,37.1,71.1,5.697
Wheat,23.99,366.7,21.4,196.7,1.224
Wheat,9.4,374.1,34.3,135.9,0.878
Cotton,21.69,48.4,27.0,197.1,0.814
Potato,21.55,315.4,17.0,39.8,5.474
Wheat,5.62,74.7,39.2,177.1,1.823
Millets,11.04,124.3,41.6,120.0,0.878
Potato,10.5,210.3,20.6,94.4,9.167
Maize,20.16,24.3,28.0,82.1,1.907
Mustard,22.1,314.5,21.9,162.6,0.527
Cotton,6.03,171.9,27.3,87.5,0.781
Wheat,3.54,218.2,20.2,80.2,1.322
Chickpea,10.01,309.1,20.3,168.2,0.787
Wheat,18.98,93.9,40.5,33.8,1.16
Groundnut,2.51,29.5,16.4,89.8,0.939
Cotton,12.22,259.6,14.9,148.8,0.464
Sugarcane,19.9,115.0,25.3,177.3,29.585
Sugarcane,12.84,160.5,28.9,114.3,34.139
Sugarcane,10.6,243.2,33.2,39.0,25.164
Wheat,15.93,45.6,13.8,151.0,1.854
Rice,4.47,103.5,23.8,139.0,2.059
Cotton,19.89,114.6,36.3,203.3,0.864
Onion,17.78,357.1,22.4,190.0,5.428
Banana,5.15,398.7,40.4,27.5,16.782
Onion,13.94,208.9,17.9,92.3,7.289
Millets,17.99,191.0,31.0,22.3,0.647
Soybean,16.23,334.0,35.0,32.4,0.785
Rice,2.44,45.2,36.7,40.2,1.571
Millets,5.62,316.6,29.5,89.3,0.87
Millets,10.55,334.4,36.4,82.2,0.696
Cotton,18.83,39.0,22.1,73.9,0.658
Chickpea,5.59,222.0,41.4,9.6,0.336
Soybean,14.77,111.5,39.1,70.0,0.947
Wheat,0.6,336.2,19.9,44.4,1.181
Mustard,14.81,300.0,24.6,22.3,0.456
Cotton,16.36,359.1,35.0,170.3,0.615
Rice,22.13,335.8,33.8,193.2,1.971
Rice,7.41,79.7,31.4,96.4,2.205
Sugarcane,8.81,206.4,19.8,35.5,29.125
Potato,6.04,173.9,23.5,206.9,10.228
Soybean,19.9,132.4,26.4,167.6,1.353
Cotton,23.94,195.9,34.8,202.6,0.722
Groundnut,14.1,176.0,28.0,171.5,1.366
Sugarcane,12.19,251.0,20.1,133.5,29.297
Onion,4.01,314.8,17.8,142.1,5.703
Potato,10.92,265.3,37.4,26.4,4.784
Groundnut,17.01,352.5,31.6,35.2,0.749
Soybean,13.96,68.2,31.3,156.9,1.224
Mustard,17.78,159.1,18.3,115.4,0.576
Wheat,11.69,339.5,16.7,89.6,1.182
Tomato,8.81,292.9,27.7,92.1,7.325
Rice,8.16,66.4,29.7,179.4,2.114
Onion,11.14,229.8,36.1,43.2,4.813
Sugarcane,23.32,75.4,41.7,131.8,28.044
Chickpea,21.58,85.4,24.0,10.6,0.753
Maize,18.37,98.9,30.0,159.1,2.798
Maize,6.41,330.8,18.2,129.9,1.42
Tomato,19.93,39.5,23.0,187.6,14.468
Soybean,3.16,173.6,40.8,23.4,0.908
Potato,10.74,303.0,13.6,2.3,4.732
Groundnut,17.16,252.5,41.9,76.4,0.726
Banana,3.19,84.9,26.3,211.1,25.839
Chickpea,23.9,311.0,34.1,121.3,0.474
Wheat,3.19,255.5,15.8,129.8,1.206
Soybean,20.76,176.2,25.1,13.2,0.924
Potato,2.49,73.9,24.8,89.6,11.31
Sugarcane,4.16,305.3,12.7,143.2,25.237
Wheat,15.91,129.4,15.1,218.7,1.961
Cotton,5.08,183.7,33.3,22.3,0.688
Onion,23.9,77.2,17.9,80.1,8.376
Mustard,17.36,198.7,17.5,57.4,0.504
Groundnut,13.22,370.7,14.9,177.0,0.713
Maize,6.83,166.4,25.3,165.2,2.571
Onion,8.99,220.8,31.7,16.7,4.968
Chickpea,4.56,120.0,29.9,209.7,0.804
Soybean,20.03,251.2,23.1,211.7,1.203
Banana,6.83,251.0,41.5,185.3,21.948
Mustard,20.67,192.4,23.8,114.1,0.553
Mustard,3.61,359.2,34.1,13.6,0.346
Groundnut,19.09,347.4,21.9,138.8,0.793
Wheat,21.94,49.1,20.6,22.6,1.599
Mustard,0.63,317.5,24.9,117.5,0.519
Soybean,8.21,317.5,31.2,48.0,0.884
Tomato,19.03,82.9,15.4,92.5,10.987
Banana,20.05,122.6,37.1,91.4,23.555
Onion,14.46,250.4,39.5,208.6,4.598
Soybean,15.55,21.4,21.5,43.2,0.968
Sugarcane,15.13,91.8,28.1,87.3,33.419
Wheat,21.1,399.8,28.2,149.7,1.044
Rice,9.1,89.0,29.5,207.3,2.354
Chickpea,18.23,183.6,28.2,99.7,0.559
Groundnut,2.18,227.8,27.4,40.0,0.925
Banana,15.03,234.3,24.1,171.8,23.93
Groundnut,12.13,182.0,26.6,176.0,1.121
Sugarcane,12.62,67.4,33.9,217.1,34.251
Rice,9.81,47.5,22.0,115.6,1.844
Maize,24.62,160.3,12.0,138.3,2.063
Chickpea,6.47,26.6,27.9,54.5,0.928
Chickpea,18.17,154.5,14.1,147.2,0.717
Mustard,11.32,40.1,28.8,123.1,0.873
Chickpea,6.09,112.0,24.5,154.6,1.039
Onion,22.2,115.8,15.8,131.8,8.133
Mustard,2.0,196.7,21.1,37.4,0.522
Soybean,19.37,310.2,22.8,214.3,0.984
Mustard,24.48,237.7,13.8,202.6,0.542
Mustard,4.71,358.7,24.8,109.9,0.539
Maize,12.84,357.5,17.1,135.7,1.404
Banana,8.46,100.8,14.1,57.6,20.45
Soybean,18.34,352.6,32.8,177.1,0.893
Sugarcane,23.69,309.9,21.7,159.1,26.487
Maize,8.32,213.6,38.4,214.7,2.308
Onion,12.42,145.7,33.5,8.5,5.689
Banana,7.14,34.2,28.8,129.0,23.123
Chickpea,13.37,216.0,21.1,42.7,0.59
Wheat,19.45,64.9,31.3,8.4,1.396
Soybean,7.2,155.7,17.7,195.0,1.336
Soybean,24.86,116.5,30.6,164.2,1.245
Groundnut,1.91,320.7,20.7,70.7,0.724
Wheat,21.36,348.1,38.1,40.2,0.663
Rice,16.71,245.3,33.7,166.3,2.169
Maize,14.84,23.0,12.3,103.6,1.747
Potato,17.83,306.0,29.6,62.6,5.02
Chickpea,20.53,180.9,38.8,28.1,0.447
Sugarcane,11.02,68.4,28.8,46.6,28.914
Maize,9.43,167.7,23.9,3.7,2.059
Groundnut,10.14,245.2,26.4,38.0,0.891
Cotton,8.67,255.6,30.7,39.7,0.623
Rice,11.71,176.3,32.6,162.8,2.401
Cotton,22.02,367.3,13.7,194.4,0.399
Onion,8.79,165.0,21.0,64.8,7.775
Groundnut,14.72,253.1,27.6,48.6,0.77
Tomato,16.52,39.7,41.6,127.6,9.742
Potato,17.42,269.6,36.0,35.5,5.069
Chickpea,5.88,386.1,22.7,69.6,0.604
Wheat,22.68,276.2,17.6,184.2,1.245
Groundnut,17.97,245.6,32.2,161.9,0.779
Soybean,13.52,89.3,23.2,18.6,0.857
Tomato,24.81,56.5,25.2,154.0,12.549
Cotton,19.97,131.4,31.8,133.6,0.778
Groundnut,6.38,84.0,12.5,105.7,1.296
Soybean,13.95,336.8,36.1,79.5,0.813
Tomato,2.51,307.4,26.9,74.0,8.461
Maize,12.21,185.7,20.1,173.9,2.154
Sugarcane,13.23,282.7,14.7,94.6,27.337
Banana,18.0,218.4,23.5,91.4,24.391
Soybean,2.11,338.5,13.7,29.2,0.705
Sugarcane,11.76,161.6,14.8,133.9,27.264
Soybean,5.15,305.8,15.0,170.5,0.861
Chickpea,20.43,340.9,40.7,185.8,0.432
Banana,5.31,306.9,31.0,211.5,28.316
Millets,4.52,126.9,26.4,143.6,0.91
Sugarcane,6.2,134.7,36.2,80.4,28.609
Onion,0.65,276.0,37.3,36.6,4.074
Chickpea,17.14,57.5,18.8,50.0,0.851
Chickpea,22.74,105.2,39.8,120.9,0.71
Cotton,17.01,326.2,40.7,0.6,0.363
Potato,4.22,75.9,33.3,11.3,8.651
Maize,18.94,175.5,24.8,149.2,2.412
Banana,4.91,88.7,28.5,54.1,23.191
Soybean,18.07,255.9,21.9,10.9,0.779
Wheat,10.83,322.6,14.5,187.0,1.329
Groundnut,9.09,346.8,37.1,113.3,0.861
Wheat,19.16,119.7,17.5,109.3,1.452
Potato,6.37,350.2,38.2,144.8,4.37
Chickpea,15.66,316.9,26.2,66.9,0.554
Sugarcane,9.84,368.2,28.0,135.1,28.115
Cotton,12.19,218.1,14.6,172.3,0.539
Onion,9.98,176.0,30.1,91.4,7.703
Chickpea,24.0,217.1,21.1,215.9,0.615
Mustard,23.21,56.4,36.2,171.6,0.809
Wheat,2.66,161.9,22.1,215.9,1.697
Onion,1.72,118.5,37.3,196.2,9.336
Soybean,17.36,172.9,34.1,181.4,1.187
Maize,12.76,144.4,25.7,63.9,2.481
Maize,7.81,239.6,30.0,202.6,2.237
Sugarcane,16.61,386.9,26.0,171.4,30.865
Chickpea,2.47,93.4,20.8,151.0,1.14
Mustard,3.86,190.8,24.7,151.8,0.568
Sugarcane,15.12,51.5,32.1,96.7,27.589
Sugarcane,20.15,88.8,18.3,198.2,33.554
Cotton,18.16,193.7,30.5,173.1,0.833
Sugarcane,15.47,148.6,27.5,80.0,32.547
Mustard,21.24,117.6,22.9,173.2,0.813
Potato,25.0,270.8,38.9,23.0,4.489
Rice,24.29,75.0,34.4,138.8,1.707
Cotton,24.44,326.2,19.6,183.5,0.476
Mustard,7.37,330.1,25.3,177.8,0.589
Tomato,15.61,59.1,14.8,209.7,13.201
Chickpea,15.14,316.9,30.0,98.7,0.593
Maize,1.74,260.7,26.2,142.6,2.132
Soybean,24.37,348.4,39.3,169.1,0.781
Maize,15.88,164.9,22.0,54.8,2.18
Wheat,3.47,290.4,39.9,83.7,0.912
Wheat,5.92,303.9,22.5,145.8,1.197
Banana,16.55,104.4,40.0,115.0,23.934
Onion,14.38,177.8,39.5,68.2,5.728
Potato,17.16,89.9,14.6,190.2,12.091
Onion,24.15,216.2,29.7,219.4,6.559
Rice,20.78,132.3,27.8,52.3,2.058
Soybean,23.4,352.1,24.0,160.3,0.886
Millets,20.21,41.4,13.5,145.4,0.945
Soybean,9.9,276.4,39.1,22.0,0.792
Mustard,10.85,39.7,23.5,174.7,0.985
Potato,4.82,108.2,37.4,95.2,9.573
Tomato,6.71,322.7,12.4,56.4,5.451
Millets,21.56,304.2,21.2,173.2,0.601
Tomato,12.94,213.6,17.0,178.8,10.566
Chickpea,21.31,330.0,35.6,171.7,0.445
Banana,20.78,324.5,20.1,124.5,23.468
Potato,3.03,221.6,12.1,52.9,8.693
Maize,19.39,262.2,20.0,3.8,1.363
Cotton,13.22,309.6,30.1,12.3,0.504
Banana,22.65,302.1,20.5,4.9,16.302
Millets,9.67,276.8,14.1,203.1,0.546
Tomato,21.7,183.5,31.9,186.0,9.253
Millets,0.74,136.9,25.1,137.4,0.987
Groundnut,16.39,333.3,18.8,176.0,0.658
Groundnut,10.53,229.8,12.3,156.2,0.793
Soybean,4.15,340.0,28.3,81.4,0.9
Mustard,15.5,34.7,35.0,40.1,0.623
Banana,12.45,218.6,28.9,117.3,25.778
Maize,17.96,79.1,35.6,8.2,1.674
Tomato,19.99,132.8,37.5,152.1,8.876
Onion,0.99,320.4,30.7,217.6,6.598
Rice,22.05,143.8,33.1,73.0,1.78
Sugarcane,13.39,141.5,36.7,13.7,22.616
Banana,8.42,87.1,29.6,56.0,19.453
Mustard,20.6,357.9,37.0,194.9,0.387
Mustard,22.72,280.7,41.9,190.4,0.357
Tomato,12.79,124.7,38.3,206.2,10.506
Soybean,8.99,91.7,27.9,216.7,1.227
Rice,18.48,335.8,36.9,32.9,1.541
Cotton,7.78,37.8,28.2,163.0,0.932
Sugarcane,16.18,227.3,15.0,52.8,28.784
Potato,15.88,134.5,15.8,59.2,9.442
Groundnut,18.84,285.7,32.1,135.9,0.807
Wheat,15.18,298.4,36.3,159.8,0.929
Wheat,20.7,309.5,40.3,1.3,0.57
Rice,10.33,149.4,34.4,117.8,2.1
Potato,1.72,195.3,30.2,61.6,7.737
Mustard,22.84,64.2,21.3,12.8,0.78
Chickpea,17.52,141.1,24.0,205.8,0.88
Rice,23.37,213.2,17.1,31.5,1.588
Chickpea,22.2,115.4,30.7,36.6,0.697
Soybean,10.34,99.2,27.7,187.2,1.521
Banana,16.72,329.1,35.4,212.0,23.255
Chickpea,22.69,157.4,26.8,189.0,0.86
Potato,10.82,244.1,37.1,114.1,6.484
Rice,5.7,145.9,24.0,170.8,2.151
Rice,2.27,243.4,12.2,204.8,2.088
Mustard,9.8,399.6,27.0,211.8,0.529
Mustard,18.0,44.2,25.3,59.6,0.774
Chickpea,16.18,116.5,15.5,149.7,0.962
Chickpea,10.72,386.3,15.5,141.6,0.61
Soybean,14.21,296.2,34.5,29.0,0.772
Tomato,6.68,251.1,19.8,113.5,8.575
Onion,9.11,371.5,41.0,77.2,3.942
Potato,19.93,105.9,28.9,83.1,8.983
Millets,15.75,259.5,33.6,108.9,0.721
Banana,14.3,331.0,31.4,31.7,19.789
Soybean,16.65,168.6,23.5,197.0,1.226
Soybean,12.15,292.9,25.6,132.7,1.035
Tomato,16.24,187.9,34.8,58.8,8.576
Groundnut,22.9,157.2,19.6,104.7,1.099
Mustard,7.27,157.5,28.2,0.7,0.436
Millets,6.23,51.0,34.8,191.8,1.198
Millets,15.51,56.1,26.1,211.1,1.275
Chickpea,2.56,126.6,28.4,191.1,1.018
Sugarcane,8.91,339.5,26.1,72.9,30.337
Cotton,3.58,390.2,26.6,15.9,0.46
Wheat,6.31,140.1,40.8,3.5,1.067
Millets,11.04,312.7,23.0,74.5,0.678
Tomato,2.79,74.1,31.8,69.2,11.474
Mustard,4.76,325.5,21.6,73.7,0.589
Millets,15.16,241.0,36.7,138.7,0.695
Maize,20.18,26.3,33.1,119.5,1.839
Sugarcane,24.67,151.7,31.2,96.7,30.083
Potato,8.03,107.0,19.1,170.3,13.083
Millets,5.73,100.7,29.6,128.2,1.173
Chickpea,17.48,262.1,18.0,12.2,0.486
Cotton,5.6,203.3,13.1,105.0,0.518
Groundnut,24.0,353.1,40.5,144.9,0.734
Potato,13.54,302.4,26.5,47.0,5.717
Maize,24.29,218.8,19.4,8.9,1.704
Millets,12.39,99.3,37.8,95.9,1.052
Onion,20.38,292.8,41.2,197.3,4.341
Onion,23.88,269.1,25.3,189.7,6.056
Cotton,9.58,123.1,37.5,186.3,0.863
Banana,5.03,167.6,21.8,56.7,22.885
Onion,3.55,202.1,38.0,173.6,6.267
Chickpea,10.64,245.5,37.6,116.2,0.47
Rice,17.42,172.6,36.8,5.2,1.578
Maize,14.89,156.3,24.1,161.7,2.573
Soybean,6.34,58.9,19.7,111.2,1.187
Rice,24.91,193.0,36.9,162.5,1.995
Wheat,13.05,235.8,16.7,24.6,0.989
Tomato,7.3,115.9,28.4,64.8,11.797
Sugarcane,1.78,256.2,35.2,96.2,31.64
Sugarcane,3.38,240.8,30.7,85.7,30.021
Cotton,22.83,133.2,34.0,25.6,0.681
Groundnut,9.24,167.0,29.6,61.6,1.032
Onion,22.25,189.0,18.1,122.8,6.96
Maize,1.08,274.3,13.1,91.8,1.561
Chickpea,21.24,347.8,35.3,180.3,0.452
Potato,18.86,315.7,35.8,35.9,4.169
Onion,19.7,76.0,15.7,214.9,8.242
Potato,0.71,171.3,12.8,31.6,9.391
Cotton,21.06,162.6,12.2,140.1,0.593
Millets,6.51,110.3,23.9,23.6,0.883
Banana,22.9,348.2,39.5,148.9,19.751
Sugarcane,17.86,177.8,34.0,124.8,34.181
Millets,20.69,375.7,35.9,197.1,0.617
Onion,16.91,231.4,13.7,126.7,5.716
Cotton,9.55,295.3,38.6,43.4,0.482
Potato,14.62,342.3,39.2,67.9,3.672
Maize,22.03,85.7,23.5,170.8,2.529
Chickpea,10.66,216.7,24.6,43.0,0.579
Potato,21.6,252.2,26.3,155.3,7.299
Sugarcane,13.94,24.4,16.4,157.8,24.236
Wheat,7.49,165.4,32.4,177.1,1.4
Soybean,24.33,53.4,18.7,159.8,1.099
Mustard,7.46,340.9,32.4,141.0,0.422
Soybean,19.29,348.8,35.9,106.2,0.797
Chickpea,19.01,193.2,22.0,90.2,0.606
Cotton,5.85,58.7,14.2,124.5,0.738
Maize,15.53,296.2,24.2,175.8,2.114
Banana,19.27,107.9,29.1,170.5,29.101
Tomato,6.55,206.5,24.4,201.1,11.491
Onion,11.9,309.8,32.1,118.3,6.223
Rice,22.92,177.7,16.4,18.6,1.461
Potato,6.67,222.6,40.4,108.5,6.462
Potato,8.04,89.3,39.3,37.8,7.3
Soybean,4.97,181.4,39.3,29.7,0.959
Wheat,11.21,363.4,39.8,209.2,0.838
Millets,16.36,31.6,32.2,153.3,1.088
Tomato,5.78,146.3,28.6,30.5,10.92
Onion,4.56,26.3,17.6,16.6,7.025
Tomato,19.13,318.7,14.1,125.5,5.416
Groundnut,19.71,389.4,20.1,170.9,0.813
Maize,19.72,236.7,28.4,177.9,2.24
Soybean,9.39,382.9,36.8,108.6,0.74
Millets,22.6,243.2,22.1,9.1,0.454
Wheat,3.66,275.6,23.9,20.8,0.941
Sugarcane,3.94,247.5,24.8,205.5,36.972
Onion,8.71,306.7,34.0,218.0,5.419
Onion,22.95,349.4,39.6,126.1,4.128
Millets,23.08,389.7,40.4,97.0,0.52
Potato,12.47,282.9,24.9,66.6,5.771
Wheat,10.87,277.5,18.0,148.9,1.257
Cotton,0.54,108.6,18.1,183.3,0.896
Wheat,17.8,271.9,36.8,117.5,0.846
Tomato,21.65,198.8,39.9,196.5,8.752
Tomato,1.94,271.7,32.4,184.8,8.857
Millets,6.39,36.8,26.0,99.7,0.925
Sugarcane,13.52,63.9,13.4,195.9,23.446
Potato,11.85,208.5,15.4,58.0,8.893
Sugarcane,3.06,232.1,37.2,83.4,29.788
Wheat,22.6,358.7,26.0,65.0,0.905
Soybean,17.18,383.0,29.4,4.7,0.669
Banana,22.63,32.8,30.5,83.1,21.417
Rice,10.58,369.7,21.1,167.0,2.104
Chickpea,8.65,80.0,18.6,124.2,1.017
Rice,21.65,276.6,40.7,176.1,1.707
Rice,11.78,379.7,24.7,119.9,1.831
Soybean,21.22,113.9,16.3,160.2,1.021
Sugarcane,23.23,273.5,22.5,112.3,26.855
Maize,22.46,342.6,20.4,83.7,1.26
Maize,10.1,144.4,18.0,89.7,2.118
Tomato,9.0,194.2,21.6,70.3,9.96
Onion,12.7,183.0,13.7,204.7,6.811
Tomato,22.72,24.3,15.7,41.9,8.759
Onion,13.87,138.2,13.3,7.8,6.334
Banana,9.95,129.3,36.2,190.4,25.308
Tomato,18.83,350.4,23.4,35.4,7.696
Rice,1.37,333.5,37.6,142.4,2.236
Rice,23.42,280.8,39.3,202.3,1.965
Soybean,24.6,126.3,30.8,48.4,1.113
Millets,15.79,34.2,31.4,106.9,0.892
Groundnut,23.59,20.9,25.1,27.8,1.042
Tomato,12.54,130.7,31.5,58.1,10.513
Tomato,22.73,172.1,13.7,21.9,7.916
Maize,22.82,215.8,25.5,170.0,2.309
Mustard,5.85,341.2,38.4,42.8,0.346
Tomato,18.22,268.1,30.6,112.1,7.85
Groundnut,4.48,226.3,22.4,73.0,0.977
Onion,11.68,207.5,38.9,122.9,5.771
Wheat,17.53,74.7,15.6,95.5,1.793
Banana,7.87,99.2,13.2,87.8,21.344
Wheat,18.39,366.8,30.6,204.5,1.055
Wheat,19.32,175.3,26.7,146.1,1.416
Wheat,10.01,310.7,28.0,75.2,1.066
Rice,0.68,181.5,26.5,50.4,2.049
Rice,5.11,91.4,37.9,202.2,1.938
Onion,17.32,373.0,16.5,34.3,4.66
Groundnut,5.92,236.1,12.2,116.4,0.758
Chickpea,18.28,159.5,14.0,53.9,0.632
Banana,19.52,375.4,17.3,1.2,12.231
Sugarcane,20.17,40.4,34.4,89.1,25.383
Tomato,8.34,328.0,14.8,158.1,7.143
Onion,4.52,230.8,31.2,29.2,5.15
Banana,18.96,235.8,24.3,163.4,26.035
Sugarcane,5.66,29.7,19.4,194.2,28.617
Potato,9.54,165.6,25.6,99.0,9.18
Maize,7.84,323.9,31.9,149.5,1.463
Groundnut,18.71,121.5,14.3,162.2,1.156
Tomato,24.16,296.5,39.9,139.5,6.028
Sugarcane,20.56,33.3,29.5,32.9,27.338
Millets,17.06,191.5,40.8,74.0,0.633
Millets,3.73,77.0,29.7,15.3,1.058
Soybean,8.53,142.0,16.2,77.2,1.256
Banana,5.22,87.5,16.2,126.3,23.956
Millets,2.66,302.7,35.8,69.2,0.606
Chickpea,1.7,261.2,20.6,90.0,0.699
Onion,18.1,198.1,34.8,69.3,5.899
Rice,11.23,239.0,32.1,200.7,2.393
Banana,15.5,336.7,41.8,197.8,19.075
Potato,16.31,75.1,32.8,64.6,8.233
Soybean,9.61,39.0,30.0,165.0,1.143
Sugarcane,20.2,36.1,12.1,49.3,22.368
Onion,14.29,107.1,22.9,99.8,9.025
Wheat,17.37,121.0,22.5,9.6,1.336
Millets,14.93,380.8,20.0,53.6,0.559
Cotton,24.9,161.0,26.9,12.8,0.537
Potato,5.65,25.9,32.5,32.5,7.971
Onion,3.87,256.7,20.0,147.6,6.164
Sugarcane,9.16,93.5,32.2,115.4,35.615
Banana,20.15,228.9,36.4,120.9,24.102
Chickpea,21.4,116.6,33.8,29.0,0.602
Banana,12.2,27.8,38.0,208.6,24.746
Cotton,5.1,283.6,20.9,211.2,0.504
Millets,1.71,396.1,29.3,214.6,0.749
Potato,13.42,27.0,35.1,36.6,6.633
Tomato,2.51,317.8,36.2,116.9,7.399
Tomato,2.81,190.5,37.2,19.6,7.103
Maize,0.81,149.2,27.0,211.0,2.438
Groundnut,14.74,387.3,20.8,83.5,0.726
Onion,5.87,305.4,20.0,123.0,7.262
Potato,7.24,309.2,37.8,69.8,4.338
Mustard,11.93,138.3,12.3,42.7,0.564
Banana,20.81,210.9,20.3,204.4,23.193
Maize,23.66,170.6,26.5,182.6,2.533
Maize,13.45,349.2,19.7,196.7,1.569
Rice,10.14,228.3,28.5,45.1,2.286
Mustard,17.93,333.7,16.1,165.3,0.614
Potato,13.6,302.5,28.3,20.6,5.034
Potato,10.25,237.4,17.1,74.2,7.705
Sugarcane,13.05,375.9,17.3,6.1,18.83
Cotton,15.39,250.9,22.4,8.3,0.429
Maize,19.52,170.8,36.9,172.6,2.437
Chickpea,1.76,76.8,36.7,59.3,0.849
Groundnut,10.95,190.7,21.8,20.7,0.825
Tomato,22.3,390.4,36.8,67.3,5.481
Millets,2.82,367.7,35.0,214.2,0.826
Chickpea,10.52,139.4,37.0,129.3,0.68
Tomato,13.89,195.7,17.5,119.0,8.654
Cotton,9.69,222.7,16.4,165.8,0.536
Rice,1.09,281.8,24.0,173.8,2.017
Onion,9.81,272.2,23.6,78.4,5.804
Millets,15.57,368.3,12.0,35.4,0.448
Tomato,16.91,54.1,20.8,217.5,11.686
Chickpea,6.35,26.6,20.6,35.4,0.889
Soybean,6.19,173.5,20.1,201.4,1.179
Maize,19.17,328.5,28.9,75.9,1.416
Maize,16.91,164.8,23.7,0.5,1.734
Onion,6.56,371.9,36.6,9.0,3.977
Wheat,14.86,163.1,36.1,214.0,1.484
Groundnut,22.37,180.4,24.5,154.9,0.892
Maize,6.25,301.8,17.6,8.6,1.18
Tomato,19.88,391.4,40.5,32.8,4.995
Rice,3.24,154.7,14.5,181.0,2.239
Maize,19.19,164.7,35.7,71.6,1.967
Tomato,11.77,289.9,13.2,177.4,6.856
Rice,3.29,168.0,26.0,103.1,2.196
Tomato,13.47,125.4,17.0,29.3,9.576
Millets,10.18,115.7,30.5,76.1,1.043
Wheat,24.24,398.8,16.0,152.4,1.132
Mustard,7.8,318.1,21.8,136.8,0.593
Millets,17.83,366.8,15.4,49.0,0.522
Tomato,14.17,317.5,33.0,168.6,6.815
Soybean,1.24,351.3,25.5,139.8,0.922
Mustard,2.99,319.2,13.8,18.3,0.519
Tomato,5.69,394.1,25.5,103.1,8.015
Wheat,2.07,258.7,41.4,72.5,0.784
Groundnut,24.15,387.8,34.4,191.4,0.899
Tomato,16.74,102.6,21.4,79.5,10.944
Potato,11.69,317.7,31.5,137.5,5.433
Soybean,0.58,84.3,39.4,188.6,1.119
Rice,9.94,386.2,14.0,21.4,1.568
Chickpea,24.54,325.0,40.1,158.8,0.391
Chickpea,17.33,219.8,29.4,198.3,0.494
Potato,10.11,271.9,30.1,87.9,6.969
Chickpea,13.63,91.2,31.1,5.9,0.738
Wheat,2.41,117.6,15.8,169.8,2.125
Banana,13.76,167.5,34.5,140.6,26.453
Millets,19.49,201.3,24.6,5.6,0.526
Chickpea,9.56,239.9,32.2,211.8,0.581
Rice,19.02,138.0,28.5,92.1,2.005
Chickpea,2.04,29.2,20.9,200.7,1.085
Tomato,15.7,384.2,13.7,164.0,6.256
Rice,3.82,375.7,33.0,123.0,2.139
Tomato,2.03,169.9,33.1,125.0,11.353
Chickpea,3.34,308.3,40.7,199.7,0.495
Maize,13.08,219.1,37.7,81.2,1.794
Wheat,5.49,379.7,15.6,198.9,1.268
Banana,19.5,148.3,18.7,88.5,21.164
Rice,10.27,112.2,27.7,90.1,2.095
Onion,0.92,218.4,31.2,158.0,7.588
Maize,20.22,176.2,13.5,204.1,2.002
Mustard,1.49,25.3,28.9,193.3,0.915
Chickpea,0.64,262.4,22.5,26.8,0.575
Wheat,18.24,82.7,15.5,113.2,1.855
Potato,14.76,302.8,31.9,148.8,5.447
Mustard,15.2,217.1,21.1,207.7,0.618
Soybean,24.38,317.2,29.9,28.0,0.787
Mustard,23.33,128.5,24.0,140.1,0.697
Wheat,13.78,291.6,18.2,33.9,1.026
Onion,11.26,132.3,24.3,68.7,9.397
Chickpea,10.19,185.4,12.0,152.4,0.646
Onion,20.18,394.0,41.7,130.3,4.127
Maize,20.95,267.1,41.6,120.8,1.548
Millets,5.26,273.4,41.8,104.6,0.575
Rice,10.29,68.0,40.8,31.1,1.5
Maize,9.52,360.9,30.0,10.4,1.168
Onion,11.98,187.0,25.6,12.6,6.456
Chickpea,18.48,248.6,16.1,94.8,0.549
Rice,2.19,91.9,23.7,51.9,1.805
Potato,19.28,297.1,40.0,41.1,4.038
Millets,24.58,242.8,39.1,179.5,0.573
Rice,17.06,229.8,23.5,10.4,1.67
Cotton,2.9,173.6,12.8,32.6,0.621
Sugarcane,23.36,92.2,22.8,147.7,24.877
Groundnut,17.65,362.8,13.5,66.8,0.582
Chickpea,4.66,84.5,34.8,34.8,0.746
Chickpea,4.94,99.1,23.9,26.0,0.867
Potato,18.92,218.1,22.4,135.1,8.543
Maize,2.52,137.5,27.7,22.9,2.113
Onion,5.52,23.1,14.5,52.2,7.118
Cotton,4.26,227.1,17.8,210.0,0.603
Soybean,10.83,97.9,25.5,90.7,1.127
Mustard,2.87,291.8,12.0,174.8,0.592
Tomato,2.72,97.4,28.5,72.0,13.426
Mustard,11.73,183.2,17.5,123.6,0.52
Mustard,7.15,251.4,37.1,4.5,0.361
Groundnut,17.1,288.5,20.8,63.0,0.797
Cotton,10.03,41.1,31.6,64.4,0.75
Chickpea,18.2,196.0,19.6,47.1,0.549
Banana,24.51,325.2,30.1,190.2,23.57
Banana,22.11,183.5,29.9,37.4,20.77
Soybean,9.48,247.3,38.5,181.7,0.926
Cotton,18.48,228.1,22.4,199.8,0.601
Wheat,5.7,359.1,33.6,102.3,0.887
Mustard,4.91,82.7,34.8,136.8,0.666
Cotton,8.08,267.9,21.9,169.1,0.602
Soybean,6.44,143.1,28.5,199.7,1.564
Rice,15.18,143.3,20.7,95.0,1.824
Soybean,15.28,353.8,39.3,103.7,0.767
Soybean,6.09,247.4,16.0,70.0,0.89
Soybean,5.53,275.2,41.8,148.6,0.875
Potato,15.88,349.6,33.4,32.0,4.984
Soybean,5.33,162.2,40.9,196.3,1.179
Banana,8.57,23.0,37.5,180.9,22.765
Onion,19.42,32.0,28.2,215.9,8.683
Sugarcane,9.46,299.4,41.3,42.3,25.084
Potato,9.74,216.4,19.4,135.6,9.157
Chickpea,7.0,325.1,40.9,109.9,0.452
Millets,22.31,172.9,28.3,10.8,0.583
Sugarcane,17.48,381.4,29.5,59.7,24.028
Chickpea,2.24,76.3,22.6,4.9,0.979
Rice,4.95,333.7,22.5,198.5,2.182
Rice,21.65,100.5,22.3,103.0,1.948
Banana,6.35,255.7,32.3,80.2,22.837
Wheat,14.86,272.1,33.3,178.4,1.077
Banana,9.02,33.0,24.5,191.1,23.441
Soybean,15.03,105.0,29.9,39.7,1.187
Soybean,1.61,138.3,14.7,36.1,1.162
Potato,17.47,121.6,12.6,87.8,11.537
Banana,20.64,275.0,30.4,160.7,24.599
Onion,16.45,179.5,24.9,173.5,7.769
Chickpea,23.46,225.8,26.6,110.3,0.569
Soybean,24.2,282.2,22.2,113.7,0.845
Tomato,24.98,348.7,26.2,75.3,7.371
Tomato,8.25,396.8,18.1,178.1,7.375
Potato,23.11,245.0,30.5,7.9,5.383
Tomato,13.74,160.8,30.3,84.5,9.767
Millets,21.21,387.9,18.0,68.5,0.537
Mustard,23.29,247.0,39.7,195.9,0.412
Sugarcane,10.63,205.0,41.9,38.2,25.331
Soybean,6.08,301.0,18.1,116.0,0.893
Mustard,24.17,288.1,16.7,81.9,0.561
Groundnut,7.74,100.5,17.6,191.4,1.539
Banana,19.89,106.5,27.7,43.4,20.627
Maize,10.56,287.9,26.2,178.2,1.81
Sugarcane,3.11,64.8,21.3,23.1,23.281
Potato,12.93,264.9,13.7,49.5,6.646
Rice,4.43,28.3,39.3,94.9,1.651
Wheat,11.78,357.3,17.7,52.3,0.953
Soybean,13.94,90.7,18.6,189.5,1.29
Mustard,9.1,29.9,16.1,160.4,0.908
Rice,15.0,306.9,31.3,52.7,2.044
Soybean,1.08,231.4,18.7,155.7,1.063
Soybean,12.89,217.5,24.6,9.3,0.949
Maize,24.24,91.6,25.8,64.7,2.315
Onion,18.03,262.1,27.1,211.3,5.559
Potato,17.38,282.4,26.0,141.4,6.572
Onion,24.48,203.6,30.0,63.9,6.389
Banana,17.91,371.1,30.2,155.9,19.693
Chickpea,9.73,213.1,21.8,63.2,0.656
Potato,14.16,116.2,35.0,16.5,7.909
Sugarcane,4.85,340.2,32.2,147.5,28.684
Cotton,9.77,270.4,34.1,118.5,0.527
Maize,2.56,35.7,33.4,76.7,2.305
Sugarcane,12.94,189.8,30.9,40.3,26.001
Millets,19.35,114.2,26.0,109.8,1.003
Cotton,9.04,185.4,37.1,110.0,0.766
Potato,24.66,54.2,31.4,46.5,8.103
Sugarcane,9.25,391.3,28.5,55.0,28.21
Potato,23.2,150.8,38.5,178.0,8.356
Rice,24.08,396.8,36.2,99.3,1.845
Chickpea,23.07,104.3,33.5,176.3,0.873
Wheat,20.68,330.9,33.2,126.9,0.922
Potato,11.5,322.8,23.3,100.3,7.491
Millets,24.76,100.3,27.1,34.0,0.939
Onion,3.85,285.3,36.8,179.5,4.78
Chickpea,3.95,256.2,33.0,167.1,0.596
Mustard,18.33,343.9,29.1,32.0,0.418
Potato,16.69,280.9,20.8,32.9,6.196
Chickpea,10.36,213.4,12.5,131.3,0.54
Rice,6.42,397.6,28.8,213.0,2.304
Rice,1.43,130.7,20.5,15.4,1.639
Mustard,12.86,245.3,27.6,54.7,0.442
Soybean,3.53,195.5,12.0,148.4,1.105
Tomato,22.65,380.0,14.9,19.7,5.304
Mustard,12.01,236.9,26.0,135.1,0.487
Chickpea,15.35,141.9,18.4,212.5,0.805
Sugarcane,1.32,369.0,26.1,219.9,32.023
Chickpea,8.49,99.8,23.4,214.9,1.016
Sugarcane,19.0,133.2,29.4,187.4,34.635
Mustard,6.99,348.0,28.7,215.6,0.521
Sugarcane,11.18,354.4,41.4,90.3,23.49
Groundnut,1.47,142.5,22.3,93.7,1.214
Banana,23.61,108.3,32.5,8.4,17.674
Groundnut,23.47,127.3,36.5,18.1,0.898
Mustard,9.2,137.7,32.8,64.8,0.584
Rice,7.64,104.9,26.8,144.4,2.192
Wheat,13.35,391.8,20.9,219.9,1.306
Mustard,6.93,165.5,29.6,104.3,0.498
Onion,12.55,272.1,40.6,210.3,4.556
Cotton,14.44,285.3,37.1,163.9,0.572
Banana,21.79,271.8,16.8,131.6,19.74
Groundnut,5.48,266.6,31.3,210.0,0.891
Soybean,4.87,73.4,41.2,87.1,1.098
Soybean,15.72,41.8,31.4,192.7,1.313
Millets,3.35,111.7,20.0,84.7,0.953
Soybean,14.6,159.2,26.9,62.7,1.073
Maize,2.66,213.8,30.5,146.9,2.161
Tomato,19.64,300.8,38.0,201.2,6.423
Soybean,21.16,144.0,40.6,38.2,1.009
Potato,4.38,315.3,25.0,162.4,6.939
Maize,22.46,184.2,30.6,188.9,2.095
Soybean,10.37,75.1,28.3,173.7,1.361
Wheat,18.66,289.6,24.1,79.4,1.117
Rice,2.01,215.1,30.5,190.4,2.437
Sugarcane,8.05,318.3,30.5,169.6,31.822
Maize,2.15,359.0,22.5,18.3,1.379
Chickpea,12.21,253.3,24.5,179.0,0.63
Onion,18.14,27.6,27.5,172.8,9.4
Rice,22.65,339.9,41.6,109.4,1.92
Sugarcane,0.7,288.3,36.5,94.2,28.684
Soybean,5.06,44.1,41.0,119.3,1.044
Mustard,23.89,328.0,26.0,142.6,0.511
Onion,3.96,284.4,37.9,79.0,4.388
Banana,6.62,53.5,12.8,116.6,18.749
Millets,9.7,22.6,18.8,162.4,0.986
Potato,18.28,329.7,35.9,147.5,5.507
Cotton,11.89,43.4,41.3,184.9,0.803
Chickpea,16.28,239.2,14.8,70.3,0.586
Maize,15.32,171.3,21.8,187.9,2.464
Mustard,20.42,170.3,26.4,126.1,0.472
Mustard,12.53,274.7,25.5,34.0,0.48
Soybean,13.52,267.3,37.6,51.1,0.781
Groundnut,17.33,352.2,26.3,185.7,0.87
Soybean,22.85,319.6,16.0,148.6,0.8
Sugarcane,7.96,251.4,27.7,48.6,27.637
Millets,18.7,226.8,40.3,203.9,0.585
Wheat,22.41,136.2,29.1,214.4,1.407
Maize,5.39,343.7,12.4,38.3,1.191
Chickpea,12.27,169.5,39.6,166.3,0.554
Onion,8.83,346.4,19.6,208.1,6.337
Potato,22.9,106.1,18.9,17.3,7.955
Mustard,12.76,52.7,16.4,92.9,0.957
Wheat,8.4,37.6,16.6,67.6,1.805
Onion,5.78,98.5,24.6,115.3,11.607
Potato,17.36,95.5,25.5,160.5,10.102
Banana,4.65,319.3,17.9,75.7,17.189
Soybean,22.31,388.5,23.9,95.9,0.752
Millets,12.08,316.6,14.1,70.2,0.517
Potato,7.78,375.3,22.3,182.8,7.385
Maize,6.8,91.1,13.9,91.4,2.388
Millets,10.48,97.7,32.5,55.6,0.995
Chickpea,24.13,378.1,18.4,52.5,0.508
Cotton,22.25,182.2,16.1,120.3,0.664
Soybean,11.46,239.4,40.4,64.5,0.866
Rice,21.85,140.5,19.2,22.6,1.561
Rice,1.89,254.8,21.5,156.5,2.423
Tomato,15.68,160.8,27.3,18.3,9.879
Sugarcane,19.96,151.1,12.0,70.6,25.521
Mustard,21.43,307.6,39.9,145.1,0.355
Millets,13.72,378.8,12.1,113.4,0.495
Sugarcane,20.67,340.7,27.7,182.3,29.46
Rice,23.61,38.6,13.1,115.3,1.615
Banana,13.98,317.8,30.2,187.0,26.411
Tomato,24.54,354.7,38.9,80.0,5.84
Tomato,2.41,171.5,40.0,212.9,8.046
Wheat,18.92,224.5,15.4,143.7,1.228
Wheat,6.39,120.1,32.2,102.3,1.462
Tomato,17.17,132.1,35.3,14.2,7.706
Sugarcane,7.9,218.6,39.2,56.5,26.148
Soybean,6.68,282.6,34.1,116.9,1.003
Potato,20.35,310.8,34.7,83.9,4.25
Mustard,16.71,83.0,30.1,24.2,0.594
Potato,19.42,104.4,39.9,144.8,8.262
Wheat,1.57,250.7,23.3,175.6,1.276
Chickpea,7.06,85.7,26.9,99.5,0.928
Tomato,13.55,208.1,26.4,110.9,9.168
Wheat,0.96,104.3,21.3,134.7,2.18
Maize,17.97,399.4,12.0,41.8,0.92
Groundnut,10.96,138.3,21.4,196.5,1.168
Tomato,8.18,210.0,24.3,151.3,11.719
Maize,21.18,172.0,38.0,139.1,2.088
Mustard,1.13,270.0,41.0,204.7,0.382
Cotton,21.88,178.3,27.5,219.5,0.73
Groundnut,5.16,34.7,25.8,113.2,1.396
Potato,2.04,330.4,14.1,3.1,5.341
Mustard,13.48,140.2,25.8,202.5,0.654
Banana,23.38,81.9,17.3,51.3,16.678
Cotton,2.24,137.7,28.5,49.0,0.93
Mustard,10.79,268.3,19.4,166.3,0.734
Tomato,6.9,263.0,35.0,119.5,8.064
Wheat,16.34,202.4,37.1,19.7,0.765
Sugarcane,9.59,200.3,31.2,25.1,31.57
Rice,22.78,361.9,27.6,197.8,1.954
Mustard,2.3,390.0,12.1,62.9,0.47
Chickpea,14.4,262.4,16.2,3.8,0.469
Chickpea,1.76,33.4,19.9,219.7,1.205
Maize,9.71,373.3,31.9,184.1,1.729
Soybean,4.65,26.1,20.0,130.8,1.184
Millets,21.33,271.6,31.6,157.6,0.708
Cotton,17.0,321.4,29.7,8.6,0.454
Rice,21.95,22.0,13.5,80.9,1.328
Potato,12.37,136.0,32.8,111.0,8.87
Tomato,18.26,25.9,12.1,150.2,10.054
Soybean,8.76,159.2,30.4,169.9,1.24
Cotton,4.48,392.7,13.3,179.0,0.447
Sugarcane,12.39,263.8,26.3,124.2,32.122
Mustard,14.06,334.5,28.5,109.9,0.407
Maize,10.05,166.5,14.2,172.3,2.259
Banana,1.89,93.1,25.2,9.2,18.796
Wheat,12.29,62.1,13.7,69.2,1.842
Rice,3.6,54.9,17.6,192.4,1.776
Potato,13.28,362.9,15.9,144.6,6.618
Cotton,18.58,200.5,37.7,29.9,0.555
Groundnut,9.76,68.9,17.4,10.5,1.047
Wheat,14.14,155.5,12.4,112.0,1.53
Onion,6.35,191.6,17.1,70.8,6.466
Potato,24.75,258.6,14.9,146.5,8.947
Potato,22.86,230.7,15.6,141.5,8.152
Mustard,5.69,56.9,25.4,207.7,0.979
Rice,17.51,325.4,19.2,125.9,1.754
Sugarcane,10.0,286.5,36.3,79.6,28.048
Cotton,16.78,373.0,35.6,42.8,0.467
Maize,9.77,310.8,28.2,96.3,1.671
Millets,10.92,140.9,34.8,117.2,0.985
Tomato,19.35,79.8,34.8,191.5,11.904
Rice,15.05,66.6,40.8,71.8,1.593
Maize,18.6,336.5,36.1,123.0,1.386
Rice,22.72,272.2,22.5,209.1,2.173
Rice,14.37,376.0,35.3,26.1,1.438
Potato,18.25,300.8,24.0,1.9,4.989
Mustard,11.67,286.5,25.5,81.9,0.471
Cotton,19.33,319.3,22.9,47.9,0.414
Tomato,19.43,318.3,38.1,166.0,6.53
Tomato,7.05,162.0,20.5,21.9,9.259
Groundnut,5.32,337.4,28.1,85.7,0.938
Rice,14.95,389.9,22.4,186.5,1.818
Banana,14.99,134.8,13.0,162.0,19.269
Mustard,17.39,33.8,16.2,86.5,0.909
Soybean,8.29,229.7,15.4,25.9,0.803
Wheat,12.82,128.9,13.2,110.4,1.784
Millets,17.27,229.2,35.4,13.7,0.507
Tomato,17.73,147.6,19.2,6.0,10.509
Potato,1.98,135.7,18.4,45.5,10.154
Mustard,7.78,288.5,41.1,10.0,0.263
Groundnut,8.0,92.6,17.0,131.5,1.338
Tomato,2.87,304.9,22.3,196.8,8.247
Banana,5.22,355.0,15.8,69.4,19.293
Wheat,24.7,390.3,32.8,51.8,0.86
Chickpea,2.0,377.5,30.1,43.6,0.507
Rice,2.37,218.5,17.9,98.7,2.304
Cotton,23.21,369.6,26.8,173.0,0.578
Wheat,10.23,105.7,14.5,93.3,1.65
Sugarcane,11.36,189.6,30.1,205.3,38.044
Onion,10.42,364.2,28.5,174.4,5.499
Cotton,22.31,189.5,12.2,124.6,0.502
Banana,6.39,183.3,25.5,189.3,28.619
Banana,15.99,256.4,21.5,39.1,19.677
Cotton,22.36,119.9,26.8,207.3,0.761
Soybean,18.71,204.5,40.5,16.4,0.681
Banana,5.34,154.6,15.7,109.0,23.546
Wheat,1.96,135.9,16.9,150.8,1.892
Sugarcane,16.8,276.9,15.1,47.0,26.637
Groundnut,15.94,41.5,23.6,96.4,1.131
Groundnut,22.85,238.3,34.8,141.6,0.846
Chickpea,6.56,104.5,39.4,131.4,0.812
Mustard,17.65,127.1,36.3,116.1,0.588
Groundnut,6.88,386.9,24.1,168.5,0.875
Tomato,10.72,300.5,32.9,206.6,7.702
Potato,21.65,370.0,40.6,198.1,4.589
Cotton,20.0,266.2,21.6,179.5,0.469
Cotton,8.92,85.4,36.0,103.8,0.911
Groundnut,12.8,282.0,17.3,110.2,0.699
Chickpea,1.97,372.8,13.8,24.0,0.527
Millets,16.37,143.3,29.7,36.6,0.86
Rice,7.12,88.2,24.1,192.9,2.133
Rice,10.26,65.9,41.7,32.0,1.637
Soybean,11.65,148.5,33.5,7.3,1.028
Millets,14.72,396.6,41.0,137.8,0.619
Potato,23.38,273.5,16.5,213.7,7.574
Chickpea,5.81,269.6,38.3,48.5,0.406
Chickpea,9.25,378.4,40.4,5.1,0.362
Maize,17.5,351.3,25.9,215.9,1.856
Wheat,10.96,169.1,18.2,12.8,1.254
Onion,14.97,232.1,22.1,162.7,6.866
Groundnut,2.46,114.0,20.5,5.1,0.962
Mustard,17.69,177.1,35.9,209.8,0.394
Maize,11.52,230.3,20.6,53.7,1.861
Tomato,12.28,105.5,26.0,178.7,14.971
Chickpea,11.45,208.3,20.2,132.0,0.634
Cotton,12.41,266.6,26.0,215.2,0.583
Soybean,7.65,363.2,17.4,114.7,0.836
Groundnut,22.97,231.9,26.0,129.0,0.873
Sugarcane,6.55,109.6,24.5,126.8,32.227
Rice,14.36,89.0,27.8,94.3,1.95
Onion,16.67,399.0,12.8,167.7,5.829
Potato,6.51,307.8,15.1,119.4,7.303
Groundnut,16.36,173.0,17.0,133.5,1.012
Sugarcane,1.53,331.9,41.6,75.3,22.211
Chickpea,11.88,369.9,35.5,183.6,0.578
Millets,19.62,109.9,34.4,51.9,0.885
Rice,12.79,184.6,16.4,51.9,1.507
Banana,18.4,312.3,36.4,128.4,22.91
Rice,1.17,327.7,37.9,75.4,1.922
Cotton,14.66,269.8,31.5,43.3,0.499
Maize,0.92,254.8,24.5,194.7,2.451
Onion,14.8,171.9,40.1,59.4,4.474
Onion,4.26,359.8,19.5,175.0,6.335
Cotton,16.84,61.4,24.0,203.9,0.828
Rice,18.28,281.3,29.4,79.8,1.897
Rice,6.12,244.9,41.9,172.4,2.111
Banana,17.78,210.7,37.4,128.0,26.133
Chickpea,14.3,113.3,28.1,177.0,0.774
Onion,18.37,67.0,31.4,69.3,8.864
Sugarcane,21.63,70.8,32.9,150.3,28.913
Rice,12.33,71.8,32.9,120.0,2.027
Millets,19.93,298.6,23.9,104.7,0.676
Potato,14.87,279.7,15.5,169.3,7.677
Groundnut,24.56,236.0,17.0,172.5,0.763
Potato,1.51,219.3,31.2,37.0,6.709
Maize,13.4,348.2,36.5,29.0,1.178
Groundnut,11.92,81.7,34.4,191.0,1.337
Chickpea,1.22,251.5,41.4,149.3,0.449
Tomato,13.68,213.7,13.7,13.3,6.592
Banana,20.26,306.2,40.2,110.6,21.646
Soybean,9.81,21.1,37.2,14.8,0.772
Potato,21.17,59.4,15.7,162.2,9.624
Banana,7.6,355.8,28.3,124.4,18.906
Tomato,19.4,281.7,38.0,218.0,6.486
Mustard,5.19,351.9,38.4,131.4,0.388
Mustard,15.78,227.1,17.5,144.7,0.583
Chickpea,22.58,61.5,40.7,125.0,0.886
Chickpea,5.42,40.6,30.6,115.9,0.869
Maize,13.1,363.0,21.7,59.7,1.405
Potato,9.12,234.0,30.4,64.8,8.024
Banana,7.35,143.9,12.5,181.1,22.81
Rice,4.84,250.1,25.3,28.1,1.953
Banana,2.45,358.6,35.7,159.3,20.081
Tomato,3.11,258.2,18.2,114.3,7.837
Sugarcane,18.5,134.7,15.7,193.5,28.015
Wheat,5.53,29.0,27.6,181.6,1.641
Rice,12.05,358.0,35.0,195.6,1.822
Onion,15.23,28.2,27.6,192.9,10.388
Wheat,8.27,171.3,41.6,58.8,0.946
Onion,10.03,311.6,27.7,9.6,4.962
Mustard,15.27,85.1,17.7,89.6,0.923
Onion,3.0,346.5,39.7,31.6,4.296
Chickpea,10.52,240.5,25.6,99.3,0.613
Groundnut,17.91,240.4,13.7,82.6,0.573
Wheat,3.41,252.0,29.4,130.4,1.243
Soybean,18.19,340.2,24.5,95.3,0.9
Cotton,12.99,300.1,21.3,7.2,0.372
Potato,16.33,182.8,13.4,206.8,10.201
Soybean,5.43,231.0,12.6,100.6,1.059
Soybean,18.61,394.3,23.9,19.2,0.713
Maize,14.28,107.3,34.2,4.2,1.844
Banana,17.58,86.8,16.9,12.8,16.1
Wheat,13.24,156.1,28.5,152.9,1.624
Wheat,5.41,148.3,40.1,97.7,1.227
Rice,4.92,310.8,21.6,216.2,2.218
Chickpea,15.48,130.4,17.4,17.1,0.78
Millets,5.77,397.5,30.5,173.1,0.741
Millets,24.39,235.9,27.8,148.7,0.724
Banana,20.78,61.7,25.8,69.5,22.746
Soybean,5.14,372.7,35.8,17.9,0.697
Chickpea,3.52,181.0,21.9,114.5,0.721
Rice,8.64,384.1,38.2,2.9,1.346
Cotton,19.84,337.7,31.8,148.1,0.607
Wheat,2.99,288.9,15.6,9.3,0.992
Sugarcane,1.62,44.0,41.4,49.1,23.023
Sugarcane,7.03,375.4,14.2,119.5,21.965
Millets,22.51,20.2,12.5,83.0,0.79
Tomato,22.32,126.0,37.5,19.6,7.776
Potato,19.18,55.9,41.8,17.7,6.262
Onion,5.25,28.4,37.6,40.6,7.253
Wheat,4.29,301.6,27.9,56.3,0.96
Mustard,6.94,181.4,23.0,157.7,0.607
Chickpea,20.4,196.3,41.6,126.4,0.44
Soybean,22.11,177.3,30.4,31.0,0.98
Chickpea,12.35,90.0,38.0,17.6,0.657
Soybean,23.63,60.4,25.0,128.7,1.012
Cotton,10.65,387.8,21.9,74.8,0.48
Banana,19.6,93.0,34.3,0.6,17.144
Potato,16.58,195.8,34.0,95.8,8.796
Millets,12.69,383.1,20.2,11.6,0.469
Sugarcane,8.7,205.3,39.9,55.1,27.521
Groundnut,13.58,196.1,16.5,127.7,0.909
Onion,10.63,130.2,21.8,183.6,9.555
Potato,10.25,253.0,22.5,189.8,9.393
Potato,1.88,32.7,12.8,109.3,10.514
Wheat,17.03,203.4,14.8,1.3,0.984
Mustard,14.87,154.1,14.4,205.6,0.625
Chickpea,11.02,165.0,13.8,156.3,0.711
Potato,7.08,227.8,23.3,219.5,10.776
Maize,22.11,97.8,28.7,70.8,2.221
Wheat,16.52,48.9,26.6,127.5,1.737
Chickpea,18.53,197.3,28.8,79.4,0.575
Mustard,12.9,360.3,19.1,191.1,0.618
Wheat,6.15,50.7,34.9,210.9,1.789
Soybean,9.3,356.6,21.1,166.3,0.88
Maize,9.78,377.5,18.8,154.4,1.379
Chickpea,23.73,378.6,15.4,132.4,0.545
Onion,17.23,302.2,19.4,176.0,5.79
Soybean,10.98,151.5,32.8,119.2,1.372
Tomato,19.76,350.0,35.0,201.7,6.953
Onion,2.52,209.9,37.8,159.6,6.514
Potato,17.5,85.8,39.9,46.7,7.192
Chickpea,23.44,195.1,28.0,83.4,0.554
Wheat,2.13,26.0,28.2,42.6,1.574
Maize,13.55,359.3,13.3,108.7,1.21
Groundnut,23.2,368.6,16.2,25.8,0.519
Rice,4.37,79.2,16.9,32.7,1.569
Wheat,6.72,178.5,38.8,77.4,1.105
Potato,8.38,66.4,30.6,62.0,9.257
Banana,19.32,234.9,36.3,75.8,20.263
Banana,10.59,292.1,32.6,68.1,22.702
Soybean,7.25,398.7,13.0,148.2,0.571
Onion,19.59,244.5,30.3,193.0,5.546
Potato,13.51,290.6,21.2,48.3,6.671
Banana,16.82,253.7,17.2,108.1,20.728
Sugarcane,23.43,295.2,17.2,63.7,24.175
Mustard,9.22,247.4,23.7,200.5,0.66
Chickpea,4.43,277.4,37.1,46.5,0.461
Onion,8.04,393.9,32.6,63.9,5.212
Soybean,16.26,290.5,18.3,135.7,0.949
Soybean,7.71,388.7,12.4,171.4,0.71
Mustard,23.56,347.2,38.4,55.4,0.32
Tomato,11.46,363.6,33.6,140.9,7.047
Cotton,13.69,66.9,14.3,208.2,0.854
Maize,11.99,129.0,16.6,180.2,2.533
Rice,4.58,108.4,33.4,42.0,1.753
Maize,14.35,85.7,37.8,112.7,1.98
Banana,2.43,81.5,14.8,105.9,21.15
Cotton,9.48,181.2,23.4,35.1,0.582
Soybean,21.79,397.8,15.5,90.5,0.645
Tomato,9.33,353.5,40.1,71.5,5.85
Chickpea,13.61,261.5,34.6,22.0,0.421
Onion,12.23,275.6,21.0,37.9,4.37
Tomato,19.77,173.2,14.5,54.3,7.297
Onion,21.41,379.2,14.0,207.5,4.693
Groundnut,17.61,173.2,30.4,147.3,1.184
Mustard,5.56,65.3,29.8,149.7,0.908
Groundnut,0.68,388.9,26.2,143.4,0.872
Groundnut,19.18,38.0,27.7,31.2,1.062
Potato,15.56,255.3,28.6,112.2,8.017
Cotton,8.69,117.8,20.0,199.8,0.898
Groundnut,9.68,211.6,34.3,171.0,0.922
Groundnut,4.5,330.5,38.2,200.8,0.914
Cotton,9.35,78.3,32.1,142.9,1.067
Potato,24.96,84.0,23.4,86.0,10.776
Potato,19.81,288.8,18.5,188.7,7.528
Maize,17.28,352.2,18.8,130.3,1.334
Chickpea,22.22,313.5,39.4,16.6,0.347
Maize,12.68,328.1,26.8,7.7,1.414
Cotton,0.75,57.1,33.8,182.8,1.084
Mustard,13.91,41.1,28.3,2.4,0.685
Chickpea,18.83,127.8,19.9,41.8,0.694
Banana,21.02,197.2,36.3,130.1,23.074
Mustard,11.05,175.5,22.6,53.3,0.503
Chickpea,5.31,73.9,32.7,115.8,0.838
Potato,22.74,195.3,22.0,47.6,8.374
Mustard,21.74,359.0,24.4,57.4,0.476
Sugarcane,18.05,354.1,24.3,192.5,25.299
Soybean,2.49,234.0,31.2,141.8,1.217
Potato,2.82,125.9,32.8,130.3,10.69
Banana,12.04,222.8,31.8,2.3,17.65
Onion,3.49,111.0,36.9,120.7,10.033
Banana,20.25,309.6,17.0,59.2,16.608
Banana,7.88,162.6,40.1,155.3,28.827
Potato,19.95,367.1,32.6,21.1,4.299
Onion,16.58,193.3,34.8,115.5,5.943
Millets,6.02,187.4,18.0,72.8,0.682
Millets,13.04,20.2,35.7,35.0,0.902
Banana,9.17,49.3,37.8,91.3,21.637
Maize,1.65,85.6,37.1,102.0,2.249
Groundnut,22.42,119.4,24.3,197.3,1.246
Rice,19.38,199.2,32.9,128.6,2.101
Maize,23.18,151.2,26.8,91.5,2.215
Potato,15.86,201.3,13.4,58.2,7.526
Onion,10.21,163.8,25.4,95.0,8.674
Onion,16.92,309.9,18.2,163.1,5.899
Tomato,16.17,24.5,14.9,9.0,8.471
Rice,5.59,327.5,22.7,73.7,1.98
Sugarcane,17.56,98.5,34.9,111.5,30.367
Onion,13.16,128.7,34.8,6.4,6.628
Cotton,4.8,29.2,13.4,18.0,0.493
Chickpea,17.84,70.8,16.8,179.1,0.984
Wheat,2.83,338.0,34.0,32.5,0.711
Mustard,8.66,70.9,23.3,149.1,0.753
Rice,18.18,121.3,13.3,42.8,1.596
Maize,1.38,56.2,22.7,203.4,2.655
Mustard,1.41,349.9,16.1,52.1,0.552
Millets,10.57,96.9,34.2,166.1,1.094
Potato,4.51,35.3,17.0,54.1,9.897
Mustard,3.19,135.0,37.6,188.2,0.638
Soybean,0.55,234.9,30.1,52.0,1.003
Wheat,23.92,146.0,40.4,22.9,1.029
Tomato,14.82,47.0,27.1,38.1,10.934
Maize,17.36,146.8,28.2,213.7,2.613
Onion,4.84,207.8,35.5,204.4,7.171
Millets,24.7,187.7,35.2,114.0,0.749
Cotton,4.47,266.0,28.6,95.2,0.614
Wheat,12.93,73.7,19.8,95.0,1.99
Cotton,23.58,222.9,20.0,175.8,0.625
Banana,12.56,397.8,38.2,204.5,18.186
Sugarcane,19.34,79.3,35.1,75.2,26.148
Groundnut,10.73,115.1,39.5,156.8,1.359
Rice,15.26,243.1,22.8,183.6,2.29
Millets,15.73,375.8,20.1,174.0,0.604
Onion,18.2,335.5,28.1,24.5,4.432
Rice,1.08,159.1,30.6,125.4,2.4
Mustard,17.18,355.6,36.8,157.3,0.392
Soybean,23.54,347.3,40.4,136.2,0.595
Chickpea,8.52,153.4,24.8,205.7,0.767
Groundnut,10.41,263.0,20.6,1.9,0.539
Mustard,6.32,223.3,16.8,61.2,0.535
Cotton,24.37,112.7,26.0,116.2,0.764
Cotton,18.47,348.4,20.5,183.8,0.498
Chickpea,20.33,261.9,29.1,102.1,0.57
Chickpea,12.7,251.2,23.4,84.0,0.718
Sugarcane,20.54,166.1,29.4,213.9,32.303
Chickpea,23.17,292.3,23.3,19.7,0.505
Sugarcane,19.7,180.7,37.3,63.9,29.582
Soybean,13.38,347.2,16.6,134.1,0.744
Wheat,9.16,23.3,28.0,216.8,1.747
Groundnut,6.04,233.6,17.7,209.4,0.848
Sugarcane,15.82,21.5,26.1,178.1,29.358
Mustard,17.21,373.2,23.0,181.6,0.569
Onion,14.16,254.8,25.3,22.5,4.932
Wheat,12.44,27.8,26.5,83.0,1.631
Maize,15.76,138.9,29.5,194.9,2.719
Banana,12.05,222.7,23.7,64.9,22.729
Chickpea,22.92,43.4,22.4,36.6,0.881
Soybean,11.67,232.4,38.8,150.4,1.009
Maize,14.06,96.5,37.5,104.4,2.335
Millets,11.42,148.8,20.9,148.5,0.911
Rice,21.67,324.3,36.3,183.7,1.911
Millets,5.92,383.8,27.1,57.8,0.566
Onion,20.67,283.1,16.6,96.5,5.143
Groundnut,5.14,302.3,32.2,53.8,0.77
Tomato,10.78,276.0,40.5,218.8,6.656
Chickpea,2.18,245.3,26.5,147.6,0.598
Soybean,4.59,160.8,29.3,77.2,1.156
Wheat,1.46,163.3,41.2,105.2,1.123
Potato,20.94,88.0,19.5,211.7,12.084
Soybean,16.36,205.4,38.8,123.3,0.992
Cotton,4.15,114.9,12.8,129.4,0.759
Maize,6.19,192.2,15.1,187.6,2.284
Cotton,15.11,362.6,30.4,108.0,0.654
Potato,5.83,232.2,15.4,178.1,9.528
Wheat,10.75,204.1,16.7,53.3,1.112
Onion,5.09,28.8,27.2,180.9,9.119
Wheat,9.19,281.2,41.7,93.1,0.707
Cotton,4.83,188.8,39.9,36.9,0.58
Onion,7.05,21.8,15.8,93.8,8.152
Groundnut,21.32,395.4,25.9,218.3,0.811
Maize,1.98,62.0,27.4,202.8,2.595
Soybean,20.37,393.6,39.2,23.3,0.499
Potato,5.53,126.4,38.0,141.9,8.642
Potato,10.55,126.3,25.1,174.0,11.973
Soybean,19.85,335.7,12.1,52.2,0.661
Tomato,3.38,44.6,40.3,186.7,10.812
Groundnut,16.16,75.8,16.0,73.4,1.109
Sugarcane,1.1,228.0,37.6,5.7,23.837
Millets,9.81,102.0,19.1,179.2,1.059
Maize,10.52,330.4,32.7,210.1,1.699
Rice,4.69,45.4,25.9,97.9,1.862
Wheat,6.73,395.6,26.8,157.3,1.147
Tomato,17.27,393.7,16.6,95.9,6.821
Chickpea,16.11,107.9,31.4,137.0,0.805
Mustard,15.37,222.4,20.7,52.6,0.528
Cotton,7.47,286.4,18.3,25.9,0.407
Rice,14.36,122.1,16.6,1.6,1.415
Mustard,17.56,328.0,31.7,201.7,0.422
Banana,4.33,22.5,13.0,187.8,21.463
Groundnut,3.11,284.7,23.5,170.4,0.854
Rice,16.42,246.2,37.4,44.1,1.968
Groundnut,12.2,130.6,12.8,177.2,1.202
Potato,9.75,208.5,21.9,145.7,8.813
Cotton,2.83,185.1,29.5,189.6,0.905
Chickpea,8.8,118.5,16.6,84.8,0.882
Banana,7.17,384.1,33.5,81.3,17.897
Soybean,16.14,344.8,15.3,118.8,0.684
Onion,15.24,73.5,41.1,100.9,8.847
Millets,6.7,329.2,27.9,214.3,0.788
Tomato,19.37,76.1,20.5,206.7,10.788
Maize,19.53,98.6,34.3,130.7,2.56
Potato,11.6,142.5,28.1,8.0,6.766
Groundnut,22.48,168.5,40.5,170.8,1.112
Banana,8.84,328.8,16.4,214.9,19.5
Banana,17.51,136.4,13.0,35.9,18.017
Rice,7.67,378.9,37.2,118.8,2.133
Groundnut,14.83,369.6,34.4,161.7,0.8
Mustard,19.42,50.8,13.7,193.9,0.783
Mustard,15.31,84.9,24.6,4.6,0.739
Groundnut,8.71,233.8,32.9,199.6,0.988
Wheat,5.18,61.4,31.8,28.3,1.495
Mustard,10.7,119.1,39.1,157.6,0.596
Groundnut,10.88,157.0,24.0,187.8,1.322
Mustard,23.12,245.3,17.0,27.8,0.456
Rice,15.5,376.9,13.6,77.6,1.555
Millets,19.91,80.2,40.0,56.4,0.92
Soybean,16.17,228.2,37.3,133.6,0.982
Sugarcane,18.15,38.0,31.4,195.6,30.569
Potato,20.54,396.6,16.7,151.6,6.772
Millets,4.75,114.9,38.4,215.0,1.07
Rice,12.11,273.7,15.1,215.4,1.953
Wheat,4.01,380.0,38.9,217.9,0.896
Potato,9.03,163.3,26.9,200.7,10.215
Rice,22.92,124.0,27.8,174.8,2.135
Tomato,13.42,311.3,16.9,157.3,7.234
Millets,1.97,53.2,34.1,86.1,1.302
Wheat,18.34,218.8,30.0,187.1,1.026
Mustard,13.32,172.7,19.8,160.7,0.763
Banana,20.3,227.7,38.0,63.2,19.189
Millets,3.29,220.8,18.9,13.6,0.467
Soybean,24.45,359.8,41.4,6.3,0.498
Mustard,18.55,391.7,24.2,128.4,0.496
Sugarcane,15.92,362.0,31.8,143.7,26.322
Rice,9.56,331.7,31.3,65.9,1.955
Groundnut,3.33,37.4,16.1,190.9,1.253
Cotton,8.79,175.7,36.4,49.3,0.693
Millets,16.51,43.6,40.7,63.2,1.034
Potato,8.47,294.6,13.0,202.6,7.107
Banana,4.88,392.9,34.3,174.6,22.175
Soybean,7.63,216.9,23.4,93.5,1.14
Tomato,20.37,102.8,26.2,145.0,12.636
Maize,6.96,70.5,36.4,119.2,2.6
Cotton,3.75,215.4,20.0,27.8,0.52
Onion,1.89,41.4,34.2,45.5,8.0
Tomato,24.07,88.4,32.5,179.3,13.128
Sugarcane,14.08,96.2,20.9,211.9,31.104
Groundnut,20.4,223.3,31.4,100.6,0.993
Mustard,12.31,325.1,38.4,56.2,0.346
Chickpea,20.37,100.5,38.0,22.6,0.669
Chickpea,0.79,304.1,23.9,208.0,0.768
Maize,17.72,279.6,21.7,196.4,1.838
Banana,10.26,185.4,13.6,68.2,21.561
Chickpea,20.87,354.5,33.4,143.7,0.517
Cotton,22.94,177.8,29.9,103.8,0.763
Chickpea,5.37,372.6,29.9,10.2,0.479
Banana,17.94,127.6,20.8,190.4,25.151
Banana,6.32,83.2,33.5,84.0,22.435
Chickpea,24.62,133.6,26.2,145.2,0.807
Mustard,8.94,144.2,30.8,146.4,0.63
Maize,9.75,180.0,16.2,142.6,2.38
Groundnut,1.12,208.5,13.2,146.5,0.865
Wheat,2.83,67.1,32.0,7.1,1.381
Chickpea,19.21,83.4,26.9,21.7,0.817
Maize,18.95,91.6,18.4,104.2,2.28
Banana,14.77,128.2,40.4,183.7,23.346
Mustard,7.7,133.9,21.3,35.3,0.649
Banana,22.78,345.9,28.5,145.3,26.152
Tomato,11.32,274.4,32.4,132.9,7.289
Rice,5.63,120.2,14.4,206.0,2.049
Chickpea,24.65,182.5,22.0,45.9,0.621
Soybean,17.3,367.4,17.7,152.3,0.77
Maize,7.36,34.9,23.8,196.4,2.424
Mustard,7.54,83.8,41.4,95.2,0.68
Potato,11.49,200.2,19.7,109.4,10.614
Wheat,6.54,158.8,31.1,103.0,1.346
Onion,16.3,262.0,18.7,165.0,5.413
Mustard,5.73,176.9,38.7,6.2,0.286
Tomato,6.14,174.0,15.0,182.5,11.381
Wheat,14.84,82.0,15.2,101.8,2.052
Millets,2.09,133.7,35.5,187.3,1.116
Rice,4.71,148.9,31.5,62.7,2.31
Wheat,17.2,205.2,32.1,0.9,0.794
Potato,15.43,267.4,17.8,73.1,8.981
Potato,7.75,355.2,38.5,115.7,5.149
Banana,2.38,67.9,24.2,152.2,20.915
Soybean,0.68,89.0,25.1,151.8,1.571
Groundnut,21.96,120.9,28.2,31.7,1.132
Groundnut,13.08,190.3,17.6,205.5,0.961
Onion,20.47,29.2,19.5,106.1,8.243
Groundnut,8.76,191.1,23.0,8.8,0.886
Soybean,19.4,138.3,41.0,217.1,1.13
Wheat,13.87,119.2,14.1,75.8,1.555
Mustard,23.1,389.1,28.0,123.9,0.488
Rice,4.47,381.7,29.1,4.5,1.532
Onion,20.02,68.6,37.5,173.0,9.144
Banana,12.92,48.9,29.4,215.7,29.435
Cotton,12.6,349.4,40.9,198.3,0.484
Onion,15.58,106.1,27.6,184.5,9.046
Wheat,8.67,342.5,27.1,144.9,1.138
Millets,19.62,247.4,36.7,25.5,0.501
Rice,2.04,267.0,30.5,93.6,2.305
Wheat,6.84,21.1,40.5,37.4,1.221
Rice,20.07,398.1,30.6,55.7,1.878
Tomato,3.17,289.6,36.9,59.4,7.357
Rice,16.19,213.7,20.7,216.7,1.733
Millets,16.65,362.5,16.0,23.0,0.443
Wheat,16.68,388.2,33.3,169.8,0.876
Maize,14.44,156.1,26.1,113.5,2.522
Sugarcane,15.41,156.2,36.4,12.4,22.822
Cotton,2.79,177.2,24.3,165.7,0.826
Soybean,20.84,38.2,27.5,142.8,1.153
Sugarcane,7.2,165.0,22.4,213.7,32.482
Rice,22.32,378.9,17.3,166.9,1.46
Banana,12.82,308.4,34.0,183.3,21.182
Sugarcane,3.46,277.0,22.2,142.1,37.638
Millets,22.1,263.4,30.7,213.6,0.733
Groundnut,17.37,155.1,30.0,179.8,1.272
Maize,20.89,147.3,31.8,193.1,2.524
Soybean,17.79,338.3,19.6,164.3,0.851
Mustard,24.39,176.8,19.0,184.6,0.599
Chickpea,18.76,372.7,36.6,139.3,0.48
Potato,2.35,299.3,33.5,190.4,6.382
Groundnut,4.05,59.0,22.4,174.5,1.44
Potato,6.42,152.4,26.4,184.7,11.916
Maize,15.18,167.9,17.5,112.4,1.988
Mustard,8.44,334.8,31.8,99.1,0.474
Cotton,12.87,86.3,38.1,20.0,0.67
Maize,11.8,246.2,39.6,62.9,1.635
Chickpea,3.47,42.4,35.7,100.6,0.89
Sugarcane,19.55,376.1,24.0,151.7,27.825
Tomato,21.7,365.3,30.9,145.0,7.556
Soybean,11.25,301.3,41.3,164.1,0.937
Potato,12.76,246.9,14.5,108.2,7.415
Maize,2.63,157.3,40.6,1.6,1.628
Chickpea,9.61,244.2,41.0,140.7,0.444
Onion,7.57,357.1,12.2,99.8,5.307
Maize,23.68,190.7,39.2,128.8,1.827
Potato,12.51,26.7,22.1,115.1,9.503
Maize,11.38,386.3,16.4,219.4,1.487
Tomato,16.04,101.7,34.5,186.6,12.335
Mustard,21.91,44.1,40.9,206.6,0.719
Wheat,21.24,249.9,26.8,204.8,1.203
Potato,21.36,187.4,20.8,111.4,9.164
Banana,18.9,170.0,33.1,34.6,20.439
Maize,4.46,88.6,34.8,108.4,2.505
Chickpea,6.51,366.1,35.1,18.8,0.386
Onion,10.61,194.6,23.0,109.2,8.501
Onion,13.85,297.6,16.5,29.4,5.115
Groundnut,12.14,234.3,30.4,60.3,0.883
Banana,12.65,245.7,30.4,135.7,23.827
Groundnut,12.74,377.6,40.4,73.8,0.66
Mustard,24.37,372.4,25.2,76.9,0.455
Soybean,9.51,270.9,24.6,110.4,1.076
Maize,15.23,279.6,36.6,175.2,1.693
Mustard,6.73,158.1,28.6,52.5,0.507
Onion,8.71,260.4,32.9,86.8,5.205
Sugarcane,22.6,82.5,39.5,118.4,27.326
Onion,19.71,279.4,24.3,58.8,5.067
Mustard,14.55,234.3,39.7,100.5,0.369
Onion,18.43,396.8,36.1,8.7,3.926
Tomato,25.0,34.4,29.9,131.9,11.148
Soybean,20.45,85.4,15.1,36.6,0.906
Banana,2.91,265.5,32.5,48.0,20.788
Sugarcane,10.79,209.8,23.9,40.3,30.003
Mustard,7.1,134.1,18.1,137.8,0.716
Wheat,20.31,238.8,37.8,171.9,0.885
Maize,14.26,395.1,22.7,52.7,1.332
Cotton,6.61,372.5,29.8,129.8,0.627
Millets,10.2,141.9,33.9,162.5,0.925
Banana,16.07,206.7,36.7,14.3,19.914
Groundnut,13.35,213.5,23.7,117.1,1.043
Onion,10.26,131.7,18.4,189.2,8.639
Groundnut,12.39,108.0,25.5,203.6,1.489
Cotton,17.72,295.1,16.5,76.3,0.421
Mustard,4.84,48.6,37.4,171.8,0.828
Chickpea,1.52,76.4,19.7,154.9,1.073
Chickpea,20.36,28.9,12.1,66.0,0.84
Tomato,8.23,231.6,13.2,0.3,6.189
Millets,2.88,352.3,31.2,197.6,0.832
Tomato,9.17,70.9,15.1,5.5,9.411
Onion,0.97,281.4,23.7,116.2,6.34
Soybean,3.31,226.1,37.9,164.9,1.169
Sugarcane,9.22,341.4,33.7,207.5,29.937
Wheat,12.95,186.0,26.0,95.2,1.325
Mustard,23.64,271.9,17.8,92.5,0.471
Millets,2.22,268.6,26.0,57.4,0.602
Tomato,1.8,359.0,29.3,121.3,7.926
Mustard,5.66,165.7,31.4,29.6,0.431
Onion,20.96,217.4,23.0,55.4,5.733
Mustard,20.33,298.3,22.6,50.4,0.525
Cotton,8.89,383.5,30.8,144.7,0.647
Soybean,11.92,391.2,32.0,33.9,0.554
Soybean,7.1,256.3,38.3,135.5,1.06
Groundnut,1.36,281.0,33.6,81.8,0.803
Mustard,20.12,159.5,18.7,46.8,0.505
Tomato,16.25,76.6,28.5,55.1,11.021
Potato,21.48,63.9,19.6,207.8,10.807
Onion,1.74,167.4,30.4,87.9,7.44
Mustard,24.51,215.1,25.9,155.0,0.508
Tomato,11.22,209.9,21.2,167.0,10.486
Rice,21.21,260.8,35.8,51.2,1.873
Tomato,10.54,355.1,35.7,84.0,6.231
Chickpea,7.23,157.0,32.3,198.7,0.635
Onion,18.35,154.2,12.5,7.2,5.236
Mustard,21.25,260.1,35.2,110.6,0.403
Sugarcane,20.52,200.2,38.3,81.4,28.976
Rice,16.84,249.7,33.1,20.0,1.633
Mustard,13.93,55.3,24.9,139.4,0.978
Chickpea,5.07,372.6,13.0,60.0,0.493
Millets,17.29,29.0,13.2,45.3,0.8
Sugarcane,10.06,107.5,21.7,184.2,29.772
Potato,13.9,61.6,13.8,72.0,9.39
Rice,3.24,133.4,26.5,55.3,1.953
Groundnut,16.46,288.5,24.2,126.1,0.732
Banana,9.24,335.9,35.2,63.2,19.162
Groundnut,12.81,328.3,28.9,78.0,0.837
Maize,17.47,215.4,28.6,134.1,2.119
Potato,17.27,273.1,39.8,162.0,5.205
Potato,22.5,362.2,22.5,177.2,7.486
Onion,10.23,177.9,30.3,211.8,7.426
Maize,18.97,315.9,32.9,129.4,1.495
Mustard,3.86,146.9,18.9,143.6,0.816
Sugarcane,4.39,270.6,15.7,83.6,27.896
Wheat,21.54,179.5,15.3,43.8,1.292
Cotton,10.55,375.7,28.8,111.6,0.625
Soybean,20.97,68.3,24.3,62.2,1.099
Onion,18.5,131.1,24.3,92.2,9.269
Millets,0.95,297.4,14.9,138.8,0.573
Groundnut,19.19,229.1,17.3,196.7,0.876
Onion,15.43,229.9,28.0,19.8,5.603
Soybean,6.02,323.2,37.5,4.1,0.571
Chickpea,0.74,25.2,26.0,179.1,0.972
Wheat,23.15,180.0,17.7,101.0,1.4
Maize,11.3,91.6,33.0,77.1,2.481
Chickpea,10.32,104.2,37.8,45.9,0.658
Rice,7.8,178.6,25.5,172.4,2.453
Onion,18.66,395.2,33.3,61.3,4.747
Soybean,11.05,270.6,26.7,28.1,1.012
Mustard,11.37,151.6,26.0,128.1,0.618
Chickpea,17.26,397.8,16.7,34.0,0.533
Banana,16.02,347.6,32.4,2.8,17.695
Maize,11.45,282.8,31.7,84.2,1.901
Maize,23.63,107.7,15.6,29.7,2.09
Chickpea,11.95,52.1,19.4,76.4,0.96
Cotton,7.78,38.3,21.3,206.1,0.786
Potato,7.05,71.6,26.9,154.4,11.633
Mustard,6.41,394.9,26.7,110.5,0.48
Wheat,19.06,235.7,16.1,7.2,0.87
Soybean,21.73,393.7,32.2,142.1,0.845
Maize,12.47,163.4,32.5,18.7,1.887
Potato,19.07,335.4,26.7,77.6,6.339
Rice,2.74,331.3,15.8,91.8,1.801
Wheat,24.59,288.0,35.0,147.4,0.889
Wheat,4.99,226.0,14.3,198.9,1.344
Soybean,5.73,204.1,21.6,36.6,1.151
Sugarcane,18.62,295.9,19.3,61.1,25.061
Sugarcane,21.6,301.0,21.1,9.5,19.574
Sugarcane,8.93,265.6,40.6,198.8,31.142
Groundnut,24.0,170.3,15.0,99.5,0.885
Rice,23.48,216.5,23.2,62.0,1.69
Mustard,17.47,260.3,17.9,98.2,0.513
Potato,5.75,357.9,36.2,160.9,4.765
Chickpea,11.45,88.5,13.3,88.5,0.937
Tomato,23.19,375.2,12.4,114.2,5.767
Banana,15.31,213.2,24.9,11.6,18.201
Tomato,6.43,88.0,37.5,6.3,10.231
Cotton,22.97,351.2,22.7,177.0,0.53
Mustard,22.14,199.3,17.0,127.3,0.467
Potato,21.71,164.1,20.5,150.8,12.783
Banana,11.26,295.4,15.2,93.7,20.188
Soybean,13.85,319.4,38.8,46.8,0.705
Tomato,9.41,329.1,27.5,178.4,9.425
Banana,24.08,104.0,34.1,3.1,18.134
Banana,9.65,340.4,26.3,146.0,20.002
Maize,14.11,341.3,38.8,100.4,1.134
Sugarcane,23.52,296.5,24.9,109.6,29.334
Groundnut,23.55,116.9,17.4,99.5,1.31
Wheat,6.74,120.7,19.1,132.7,1.979
Tomato,22.29,211.7,23.3,87.1,8.875
Tomato,1.51,48.7,26.4,117.1,13.613
Tomato,3.96,326.9,38.9,83.1,6.203
Soybean,16.74,46.5,38.6,166.5,1.022
Sugarcane,18.64,68.9,33.9,131.8,26.65
Sugarcane,10.87,226.3,17.4,116.0,32.024
Sugarcane,9.19,77.6,26.1,99.1,31.201
Soybean,6.46,105.3,13.0,163.1,1.204
Groundnut,19.8,229.1,33.3,44.7,0.848
Cotton,9.24,212.3,34.4,199.9,0.867
Soybean,6.03,132.3,39.2,46.1,1.185
Maize,1.15,304.6,16.4,146.6,1.553
Banana,22.48,38.9,21.1,172.3,22.572
Groundnut,11.17,210.9,41.8,148.2,0.988
Soybean,8.39,211.4,39.7,48.2,0.88
Sugarcane,15.92,311.5,31.0,178.6,31.646
Rice,24.33,191.9,14.5,117.8,1.764
Mustard,11.51,300.2,12.5,144.6,0.549
Soybean,24.28,297.4,15.9,109.6,0.862
Onion,19.73,240.8,33.9,164.1,5.474
Soybean,19.07,103.1,15.0,35.5,1.029
Rice,23.45,24.9,41.9,195.0,1.558
Millets,14.16,394.2,26.1,209.8,0.746
Sugarcane,4.43,59.5,33.2,72.1,27.425
Cotton,23.46,95.9,23.2,200.1,0.959
Sugarcane,9.89,67.7,35.7,184.6,26.82
Mustard,8.77,267.9,33.1,195.2,0.485
Onion,10.39,328.4,38.8,61.3,4.282
Sugarcane,15.39,82.9,35.8,103.6,28.643
Groundnut,20.91,38.7,25.2,92.2,1.244
Chickpea,14.26,305.2,26.8,183.0,0.658
Maize,4.59,318.0,16.4,32.9,1.318
Cotton,10.01,186.0,25.5,168.6,0.803
Mustard,15.43,85.1,12.8,171.0,0.968
Rice,19.0,263.9,38.5,78.8,1.901
Mustard,19.68,145.1,30.0,119.0,0.597
Chickpea,1.33,363.1,31.2,134.9,0.649
Onion,6.19,267.0,33.6,138.5,5.578
Rice,14.93,286.0,24.2,124.1,2.193
Mustard,19.43,164.4,35.3,148.3,0.399
Maize,19.39,68.0,16.8,90.0,2.125
Cotton,8.42,347.5,39.0,200.8,0.529
Cotton,20.06,309.5,19.7,49.9,0.398
Maize,15.38,26.0,18.8,182.8,2.049
Mustard,21.47,75.7,40.6,45.6,0.598
Banana,8.17,246.2,22.3,162.7,23.555
Banana,11.31,51.8,39.6,199.3,20.383
Rice,15.27,52.5,14.1,172.9,1.637
Banana,7.29,34.2,41.5,21.3,14.226
Tomato,15.77,68.0,30.6,74.0,10.912
Tomato,15.62,362.2,34.5,35.7,5.97
Mustard,1.02,27.9,19.6,23.5,0.822
Groundnut,1.56,112.5,13.7,116.7,1.107
Cotton,9.18,20.2,36.8,80.0,0.722
Wheat,17.86,230.9,29.7,94.3,1.016
Potato,2.25,152.8,25.9,29.4,9.135
Cotton,0.71,105.0,32.4,181.2,0.858
Millets,7.19,382.6,31.3,28.9,0.694
Potato,3.63,173.3,26.7,158.9,11.264
Rice,17.06,275.5,17.5,141.4,1.94
Soybean,14.12,202.3,31.4,177.5,1.262
Rice,16.46,33.1,36.8,66.5,1.474
Maize,19.23,104.7,24.0,91.1,2.572
Potato,16.01,399.5,30.0,31.0,4.564
Sugarcane,13.61,142.5,27.5,119.5,33.553
Sugarcane,17.6,103.0,24.7,181.5,30.782
Potato,4.96,44.3,31.6,97.7,8.949
Rice,9.85,87.9,13.0,87.8,1.795
Rice,22.34,110.5,20.2,21.7,1.528
Wheat,23.46,263.7,35.6,48.4,0.625
Rice,3.17,270.3,30.0,181.3,2.481
Banana,12.51,229.7,14.3,23.8,19.049
Millets,3.4,72.2,19.8,61.3,0.962
Maize,23.21,150.3,13.9,185.7,2.37
Groundnut,9.4,46.8,38.4,205.4,1.202
Banana,3.61,163.6,29.6,9.5,21.284
Soybean,23.58,36.8,16.5,127.8,0.928
Sugarcane,6.81,253.2,41.0,138.5,27.464
Millets,17.49,214.3,26.8,107.4,0.725
Groundnut,9.0,90.2,25.2,141.5,1.387
Mustard,20.57,340.5,30.6,121.4,0.433
Millets,12.0,220.2,36.0,164.1,0.66
Soybean,24.46,386.8,20.4,219.7,0.746
Potato,18.15,38.2,32.6,183.7,9.838
Sugarcane,8.7,123.5,24.2,126.2,32.213
Maize,13.94,200.5,23.2,131.0,2.206
Banana,11.94,213.3,30.9,15.1,21.957
Soybean,19.71,226.4,38.2,166.0,0.958
Onion,19.93,296.9,37.7,21.3,3.746
Rice,3.18,79.0,24.0,124.1,1.891
Mustard,14.24,102.3,37.4,58.3,0.643
Potato,1.49,202.2,31.6,193.6,9.038
Groundnut,24.79,164.7,19.4,97.5,1.006
Banana,2.71,257.2,23.5,172.3,26.624
Wheat,11.12,215.7,40.3,1.6,0.688
Rice,24.79,70.2,36.7,114.4,1.836
Wheat,7.89,200.7,41.3,20.9,0.719
Potato,3.6,339.2,20.3,44.1,6.115
Millets,18.52,33.6,24.6,153.3,1.049
Millets,4.24,29.9,25.7,109.3,1.046
Sugarcane,18.34,388.7,34.7,215.3,25.362
Soybean,10.09,206.9,36.7,119.1,1.007
Maize,7.57,240.0,31.5,34.3,1.82
Millets,5.2,177.1,31.2,161.3,0.956
Potato,18.2,119.1,21.2,2.6,7.698
Maize,15.25,386.9,42.0,82.4,1.188
Maize,24.04,218.9,22.0,34.3,1.833
Mustard,6.85,122.9,34.4,184.1,0.696
Mustard,17.37,189.7,20.3,114.5,0.566
Potato,2.24,366.5,40.9,116.3,4.343
Wheat,2.42,79.3,20.5,150.4,2.377
Chickpea,17.97,117.8,18.5,128.2,0.875
Wheat,15.91,27.3,19.0,99.1,1.81
Chickpea,22.04,369.2,26.4,59.9,0.559
Maize,23.5,70.8,21.0,72.4,2.15
Mustard,5.57,304.4,18.2,168.1,0.643
Rice,2.48,334.3,31.1,134.7,2.237
Banana,20.02,398.6,32.1,95.1,20.649
Potato,1.73,179.3,34.0,79.1,8.71
Wheat,4.6,335.9,33.6,168.1,1.037
Wheat,7.91,302.4,22.9,172.9,1.231
Chickpea,19.05,22.2,33.0,22.4,0.661
Millets,4.35,208.0,35.8,63.6,0.626
Mustard,4.75,89.8,32.9,155.0,0.77
Cotton,6.68,221.3,40.5,84.4,0.567
Onion,4.87,113.0,32.7,35.5,8.691
Groundnut,9.95,136.4,28.5,49.7,1.256
Banana,16.6,337.8,36.7,109.5,20.236
Chickpea,5.11,20.2,17.6,6.8,0.787
Banana,1.38,254.7,36.4,6.3,19.253
Chickpea,12.04,36.1,12.6,128.1,0.881
Mustard,2.41,360.9,12.6,66.3,0.526
Mustard,6.48,329.8,15.8,44.4,0.57
Cotton,15.26,359.9,14.1,1.3,0.298
Rice,21.3,375.4,36.0,142.9,1.963
Mustard,19.04,89.8,33.5,174.4,0.736
Mustard,18.38,298.3,39.0,42.7,0.345
Banana,15.98,373.9,13.5,47.1,16.807
Banana,2.42,256.6,24.0,53.3,25.079
Soybean,1.46,187.0,33.6,22.7,0.975
Tomato,15.59,292.9,19.5,164.5,7.44
Soybean,5.55,121.9,32.1,73.4,1.279
Banana,2.03,331.6,25.8,86.5,20.494
Onion,14.21,20.9,14.6,134.8,8.349
Chickpea,24.6,114.5,16.6,9.8,0.634
Wheat,7.21,62.0,13.6,50.7,1.812
Cotton,16.72,58.5,23.0,218.3,0.84
Sugarcane,2.45,173.9,18.9,207.1,32.635
Millets,14.44,136.7,28.3,191.6,0.934
Rice,17.35,57.1,34.7,45.9,1.44
Onion,8.09,234.4,20.6,1.9,4.81
Soybean,23.13,237.6,17.6,37.6,0.817
Onion,8.6,175.0,18.7,217.5,8.747
Wheat,14.41,231.1,30.4,198.9,1.142
Onion,7.14,122.3,36.8,105.2,8.551
Wheat,18.59,181.2,26.8,204.3,1.238
Soybean,6.01,221.9,12.3,61.4,0.972
Chickpea,11.66,247.6,18.8,47.9,0.563
Rice,24.37,136.8,18.2,216.5,1.964
Banana,1.63,374.8,37.1,65.9,21.083
Millets,10.73,248.9,15.3,212.6,0.597
Chickpea,3.65,274.3,38.7,30.3,0.392
Banana,5.5,282.1,31.4,191.8,23.715
Rice,5.2,264.2,38.3,159.1,2.213
Onion,15.93,229.5,39.5,71.1,3.84
Cotton,20.45,209.1,26.8,7.5,0.486
Tomato,9.99,229.8,17.9,135.6,10.548
Millets,18.52,251.8,12.9,177.3,0.537
Potato,6.34,143.0,36.3,206.0,9.994
Onion,12.5,178.4,36.6,86.8,6.516
Banana,15.52,78.1,21.3,46.7,19.391
Cotton,5.36,47.2,18.2,136.2,0.761
Soybean,11.84,251.5,31.5,143.3,1.147
Groundnut,13.88,349.4,30.6,100.8,0.942
Potato,5.99,275.6,35.0,140.5,6.982
Soybean,20.34,173.0,39.8,10.6,0.793
Chickpea,6.21,266.5,40.5,126.5,0.464
Chickpea,11.86,234.4,21.2,120.9,0.604
Banana,12.98,100.1,12.6,48.0,19.968
Banana,14.28,335.0,13.4,187.8,18.973
Millets,4.8,125.3,26.9,129.3,1.037
Cotton,17.76,305.1,19.0,54.2,0.448
Cotton,15.43,208.9,28.4,109.9,0.715
Banana,22.27,263.1,20.1,214.4,21.366
Mustard,23.83,231.3,33.3,93.2,0.391
Rice,3.25,138.9,19.6,117.4,1.809
Sugarcane,2.55,303.9,20.0,141.0,29.794
Rice,0.87,20.5,17.1,215.7,1.992
Onion,15.82,137.0,26.6,96.3,8.334
Millets,5.17,126.3,24.5,175.0,1.103
Soybean,5.3,114.0,35.7,54.4,1.21
Potato,7.92,163.7,25.4,92.4,9.499
Cotton,24.95,283.4,38.4,196.6,0.518
Chickpea,12.03,246.0,34.0,128.0,0.518
Onion,0.79,388.5,13.1,26.5,4.757
Mustard,7.91,359.6,29.8,171.9,0.503
Potato,10.56,257.3,17.6,84.0,7.969
Sugarcane,22.6,232.1,18.2,193.3,25.303
Tomato,12.4,52.1,19.6,165.5,12.251
Tomato,9.54,319.6,25.1,115.6,8.511
Cotton,19.73,148.5,17.2,40.0,0.654
Banana,11.3,89.6,35.5,0.0,19.016
Wheat,0.82,143.6,34.6,191.9,1.278
Wheat,18.91,194.8,30.8,80.8,1.066
Mustard,1.31,22.6,27.8,2.5,0.749
Maize,16.01,274.2,34.6,214.1,1.909
Wheat,5.59,153.7,28.8,9.7,1.217
Millets,10.5,204.2,34.1,177.9,0.661
Mustard,22.42,131.9,31.5,24.5,0.476
Millets,23.3,259.5,20.6,19.0,0.446
Soybean,14.97,274.0,16.9,155.3,0.833
Maize,16.51,368.9,12.9,198.7,1.262
Millets,13.01,391.0,34.5,218.9,0.728
Millets,5.33,94.9,27.2,160.4,1.159
Banana,10.72,85.5,39.8,163.8,21.677
Banana,24.85,170.5,30.1,208.5,23.922
Rice,2.85,261.5,41.8,39.5,1.782
Chickpea,2.35,167.1,18.2,12.5,0.679
Onion,8.87,240.1,40.6,205.8,4.41
Sugarcane,1.5,174.1,35.4,212.8,32.941
Onion,17.68,398.2,30.7,171.3,6.216
Sugarcane,3.73,392.1,36.1,58.2,27.634
Tomato,2.45,377.1,37.2,60.5,5.296
Mustard,23.83,249.8,27.6,218.0,0.488
Rice,13.05,299.4,15.4,3.3,1.309
Millets,12.3,256.5,23.6,47.2,0.656
Cotton,5.09,292.1,16.0,213.9,0.481
Rice,20.17,54.2,29.6,63.9,1.933
Cotton,5.87,47.0,30.4,82.7,0.928
Soybean,19.98,68.9,31.7,20.3,0.959
Banana,5.33,207.9,25.5,170.7,27.78
Soybean,3.92,236.5,32.2,46.8,1.018
Sugarcane,21.58,112.0,36.6,209.1,30.407
Tomato,1.7,296.1,23.5,39.1,7.856
Wheat,13.8,81.5,13.1,172.0,1.738
Chickpea,23.9,308.4,24.1,60.0,0.617
Sugarcane,18.25,355.9,12.4,138.5,24.146
Onion,1.11,205.2,33.3,165.3,6.973
Millets,12.07,365.6,29.3,114.7,0.833
Potato,15.39,145.0,18.4,101.3,9.367
Groundnut,1.42,204.9,31.7,11.4,0.993
Wheat,1.5,56.8,33.5,118.6,1.936
Cotton,17.2,385.8,20.6,128.1,0.505
Potato,22.49,220.5,19.9,154.4,9.141
Chickpea,2.54,243.7,16.1,157.1,0.63
Groundnut,10.42,170.6,24.9,157.0,1.238
Banana,8.86,121.8,23.6,200.6,25.948
Onion,3.66,239.0,36.0,79.4,5.251
Chickpea,9.11,81.0,36.8,124.4,0.869
Soybean,20.71,397.2,32.7,127.5,0.766
Banana,9.22,88.8,36.8,1.5,17.411
Millets,6.37,22.7,22.8,19.5,0.776
Sugarcane,17.36,177.8,12.3,69.7,25.54
Rice,21.58,154.2,19.2,23.5,1.693
Banana,3.45,274.4,19.8,160.4,23.815
Chickpea,7.3,282.2,32.6,131.4,0.502
Wheat,16.06,36.0,30.1,171.9,1.697
Potato,22.67,384.4,12.9,197.0,5.941
Mustard,9.8,228.4,18.7,75.8,0.588
Mustard,13.7,334.3,19.2,205.7,0.679
Maize,7.02,199.7,12.3,211.4,2.093
Rice,16.98,267.2,31.6,3.8,1.517
Soybean,18.78,227.2,33.9,0.1,0.818
Millets,8.17,97.4,17.6,92.3,1.082
Wheat,13.81,338.0,23.8,89.7,1.129
Mustard,15.26,67.8,17.7,37.7,0.814
Onion,1.43,315.9,21.5,202.1,6.827
Chickpea,23.06,84.0,37.4,33.3,0.77
Soybean,21.91,80.7,13.1,52.7,0.923
Sugarcane,18.72,38.2,29.2,159.6,28.323
Soybean,24.18,333.6,15.1,38.7,0.569
Banana,6.55,342.7,25.8,87.3,19.187
Maize,6.79,53.3,41.3,64.2,1.915
Millets,4.16,58.8,13.5,143.2,1.045
Rice,11.69,272.7,22.9,33.0,1.616
Maize,7.74,155.4,23.9,49.1,2.175
Maize,16.17,28.8,25.2,204.4,2.406
Millets,13.94,393.1,33.5,129.7,0.729
Cotton,22.41,94.0,29.4,77.0,0.771
Tomato,19.93,90.0,28.9,203.1,13.172
Rice,8.53,174.3,28.3,50.6,1.868
Potato,2.78,213.7,22.8,77.1,10.583
Potato,10.43,29.1,22.6,131.9,9.977
Sugarcane,4.62,312.4,12.2,50.7,24.554
Wheat,16.56,113.3,17.8,91.6,1.804
Groundnut,18.82,35.9,17.8,129.9,1.244
Maize,16.97,119.5,23.6,8.3,1.999
Banana,13.81,332.0,40.9,131.8,20.535
Soybean,3.7,330.3,19.6,90.1,0.867
Groundnut,16.46,115.8,36.3,203.8,1.42
Groundnut,6.48,288.0,20.8,35.8,0.667
Cotton,6.03,148.2,23.9,165.8,0.902
Groundnut,20.71,93.4,36.3,140.9,1.131
Onion,8.96,185.4,37.3,90.6,6.658
Soybean,18.56,319.1,29.2,104.5,0.914
Groundnut,14.81,381.7,35.8,60.6,0.661
Rice,5.46,227.8,30.7,7.5,1.884
Potato,4.93,179.3,33.2,137.6,7.594
Chickpea,23.07,372.1,23.8,26.8,0.523
Wheat,19.35,284.9,36.1,90.2,0.817
Banana,5.4,275.2,22.4,58.8,21.959
Millets,13.73,334.0,39.5,68.0,0.51
Chickpea,7.39,134.8,33.9,138.4,0.694
Mustard,21.27,42.9,39.2,56.5,0.586
Potato,10.29,74.1,15.0,52.9,9.711
Millets,3.79,55.5,28.9,130.4,1.222
Potato,12.84,356.0,15.7,173.0,6.787
Rice,6.25,380.1,38.0,38.1,1.508
Banana,6.46,74.0,23.6,117.7,22.879
Wheat,8.53,81.2,18.7,116.5,2.08
Cotton,20.82,299.7,41.7,69.7,0.395
Soybean,9.07,370.0,29.7,210.9,0.946
Wheat,9.8,186.4,21.0,163.2,1.497
Cotton,23.01,318.5,40.0,54.9,0.423
Rice,16.03,66.8,19.8,42.2,1.617
Soybean,21.72,395.4,18.5,148.3,0.816
Tomato,6.36,342.0,40.2,213.5,5.937
Wheat,9.54,286.4,16.6,26.9,1.062
Onion,8.13,360.9,12.7,182.9,5.171
Groundnut,10.04,327.1,12.1,67.1,0.581
Rice,3.78,53.4,19.5,44.0,1.818
Cotton,3.67,326.7,34.9,103.0,0.569
Rice,8.99,389.9,38.0,57.6,1.827
Maize,20.71,66.4,40.7,180.3,2.106
Onion,12.77,212.7,36.5,120.2,5.233
Potato,17.71,37.8,25.4,56.2,8.302
Banana,16.39,214.9,13.8,136.8,21.023
Millets,17.58,21.4,38.1,14.3,0.775
Millets,10.18,79.2,36.5,207.8,1.212
Groundnut,7.66,150.2,14.6,198.8,0.986
Soybean,6.63,292.0,30.5,210.9,1.184
Onion,23.06,383.0,37.7,205.2,5.119
Soybean,3.3,346.6,21.2,203.5,0.987
Mustard,20.87,167.5,15.2,172.4,0.549
Groundnut,21.22,368.0,23.8,147.5,0.815
Rice,11.75,120.5,38.3,90.0,2.05
Mustard,10.8,380.8,32.1,146.8,0.499
Cotton,18.1,349.6,33.1,109.8,0.615
Chickpea,18.58,310.6,39.3,30.4,0.327
Rice,18.87,184.2,33.6,26.8,1.991
Wheat,3.26,154.2,28.1,152.2,1.598
Chickpea,4.76,263.9,23.6,33.9,0.613
Onion,24.41,111.0,16.7,168.2,7.857
Cotton,19.88,75.9,18.8,31.0,0.656
Soybean,14.89,271.5,17.1,17.9,0.734
Groundnut,10.83,279.5,24.6,188.4,0.86
Chickpea,8.73,359.8,26.8,102.2,0.576
Mustard,1.32,86.6,36.2,97.2,0.86
Millets,9.11,390.7,18.5,208.8,0.667
Groundnut,4.46,154.2,17.9,182.5,1.177
Millets,13.38,93.4,33.2,163.5,1.204
Banana,4.55,382.6,38.4,44.3,15.601
Tomato,15.1,326.6,40.3,92.2,6.22
Soybean,9.06,396.9,40.1,91.0,0.537
Maize,14.54,180.8,34.6,138.6,2.24
Onion,15.62,282.0,31.4,153.0,5.494
Soybean,7.07,79.4,13.0,154.0,1.067
Sugarcane,2.3,372.2,29.7,27.4,24.59
Chickpea,8.17,349.3,38.3,173.9,0.479
Wheat,7.24,271.4,27.7,96.3,1.034
Millets,6.38,332.3,32.1,204.9,0.836
Soybean,3.35,294.9,19.5,54.7,0.917
Rice,18.76,262.7,17.8,197.2,1.817
Potato,5.23,321.6,27.6,6.3,4.352
Mustard,2.05,107.6,28.8,174.0,0.725
Wheat,23.1,355.0,39.5,38.7,0.616
Sugarcane,8.83,216.4,25.7,215.1,35.378
Banana,24.0,368.6,22.7,82.5,19.15
Millets,12.15,114.5,30.8,190.9,1.092
Chickpea,11.07,215.5,39.3,17.3,0.385
Groundnut,5.33,314.6,23.3,212.1,0.812
Potato,12.97,373.8,23.3,86.4,6.598
Banana,17.58,44.1,28.1,212.5,23.606
Rice,23.62,335.9,12.0,99.3,1.678
Wheat,4.61,39.9,19.5,143.6,2.212
Banana,6.93,56.9,29.8,160.9,27.179
Cotton,6.05,81.9,33.2,71.1,0.92
Chickpea,10.78,161.1,25.2,100.5,0.74
Tomato,5.12,251.5,12.5,60.8,7.553
Maize,1.67,352.6,14.7,192.7,1.136
Groundnut,4.88,46.8,15.6,187.6,1.063
Wheat,23.71,312.5,29.1,201.1,0.937
Potato,10.59,293.6,34.5,78.0,6.372
Chickpea,3.44,153.7,26.8,34.6,0.697
Sugarcane,3.54,352.8,32.8,32.0,24.557
Cotton,14.36,334.9,26.3,63.4,0.515
Groundnut,4.41,371.4,40.2,75.9,0.684
Onion,23.02,63.5,17.0,107.9,8.55
Banana,8.93,49.1,24.9,61.8,19.14
Chickpea,11.18,243.5,22.8,46.3,0.574
Sugarcane,6.88,44.4,31.0,139.4,28.68
Mustard,19.83,362.9,26.1,115.2,0.453
Millets,14.91,273.9,25.0,29.2,0.601
Millets,15.41,160.2,26.5,140.6,0.827
Soybean,3.95,109.5,17.2,126.7,1.253
Rice,1.58,311.7,13.6,83.8,1.73
Sugarcane,11.6,72.6,33.3,50.0,26.493
Banana,13.27,191.8,40.7,76.2,21.852
Soybean,9.34,209.6,14.0,202.1,1.152
Onion,10.4,231.1,32.5,14.3,4.372
Millets,7.4,84.0,32.1,36.4,1.01
Chickpea,24.42,364.5,12.2,178.4,0.533
Soybean,12.03,328.6,20.6,161.4,0.998
Onion,1.81,250.5,32.5,149.7,4.799
Maize,10.37,255.2,13.0,52.7,1.524
Banana,11.31,37.4,38.9,84.8,21.518
Onion,10.75,380.8,36.0,130.6,5.056
Cotton,20.2,339.3,22.1,98.0,0.494
Chickpea,17.28,72.1,26.2,212.6,1.1
Rice,0.95,381.1,33.2,156.1,2.381
Rice,12.78,232.2,35.0,112.1,2.097
Banana,17.19,42.0,26.2,75.8,21.322
Chickpea,10.02,259.0,25.7,178.9,0.639
Chickpea,0.98,287.8,30.9,122.0,0.612
Wheat,18.87,287.4,24.5,71.5,1.099
Mustard,5.62,384.9,33.2,122.8,0.456
Soybean,5.94,232.0,20.2,189.9,1.187
Cotton,6.47,186.3,16.0,119.8,0.696
Sugarcane,0.7,357.1,37.6,11.2,20.525
Tomato,8.18,206.4,29.0,140.3,11.316
Potato,21.5,250.5,15.2,30.0,7.103
Banana,18.97,217.1,30.0,214.4,29.558
Tomato,5.75,388.2,39.6,1.6,4.621
Groundnut,4.85,32.1,13.1,124.3,1.176
Onion,6.82,25.8,33.8,185.6,7.381
Wheat,23.95,385.6,19.8,216.3,1.209
Wheat,1.52,238.7,27.8,188.8,1.121
Banana,19.77,33.3,32.2,105.5,19.834
Onion,10.71,345.7,32.7,138.0,5.17
Groundnut,19.08,381.0,35.9,17.6,0.631
Tomato,19.9,21.3,33.4,66.9,7.822
Sugarcane,18.39,91.0,37.0,16.0,21.847
Sugarcane,3.73,166.1,31.7,105.7,31.625
Potato,14.2,212.9,24.6,215.3,8.507
Banana,4.31,207.1,32.3,4.8,20.314
Chickpea,16.31,85.8,38.2,79.0,0.815
Sugarcane,0.98,137.3,23.4,7.7,26.664
Mustard,12.58,70.7,23.5,212.9,0.908
Groundnut,19.93,67.2,15.7,219.8,1.226
Rice,10.94,309.2,39.8,18.0,1.566
Tomato,21.72,50.1,22.8,18.3,9.183
Wheat,4.91,51.0,24.5,113.2,1.869
Groundnut,18.29,46.6,25.1,185.6,1.401
Groundnut,23.8,147.0,16.0,18.5,0.83
Mustard,17.22,65.4,40.6,145.0,0.749
Millets,5.46,83.9,35.0,0.0,0.867
Chickpea,1.22,249.7,23.7,134.5,0.668
Cotton,23.68,246.4,23.5,215.4,0.567
Wheat,4.47,53.6,39.7,128.7,1.457
Groundnut,13.77,123.2,17.8,86.0,1.074
Wheat,15.15,256.0,32.8,5.0,0.753
Chickpea,14.58,23.4,33.9,91.7,0.805
Onion,18.98,156.9,25.6,189.4,8.473
Sugarcane,3.05,391.6,21.4,200.3,24.327
Chickpea,21.23,310.6,19.0,142.3,0.574
Rice,7.86,290.0,17.4,138.1,2.025
Rice,8.1,58.8,29.9,28.9,1.763
Sugarcane,7.03,277.4,22.0,202.1,34.911
Wheat,24.69,272.8,12.6,32.8,0.866
Rice,16.31,98.0,32.9,61.4,1.932
Tomato,8.11,99.9,26.8,215.8,14.088
Sugarcane,13.2,186.7,12.9,148.3,26.343
Cotton,13.59,46.9,35.7,3.8,0.696
Wheat,19.42,390.0,17.7,30.6,0.977
Soybean,1.09,108.1,19.0,121.3,1.324
Potato,7.58,121.8,37.9,101.4,8.324
Cotton,24.9,208.3,39.9,38.4,0.566
Sugarcane,6.33,244.9,39.0,214.2,30.817
Tomato,18.55,249.2,24.6,78.4,7.725
Potato,18.85,67.9,33.6,112.4,9.507
Cotton,21.07,228.9,34.0,27.2,0.523
Sugarcane,11.94,132.4,27.6,81.7,31.638
Banana,5.33,221.4,22.0,36.3,23.193
Tomato,7.23,205.2,24.7,200.3,12.051
Wheat,2.2,74.4,29.6,49.6,1.611
Rice,17.88,134.9,12.8,174.9,1.654
Millets,8.13,220.4,38.9,14.0,0.554
Potato,13.25,385.1,19.0,158.7,6.932
Banana,9.79,261.8,30.3,80.8,24.321
Cotton,24.82,323.4,23.0,79.9,0.469
Groundnut,19.59,268.3,33.4,12.5,0.696
Tomato,12.08,290.2,35.5,194.7,6.974
Cotton,18.83,398.0,18.2,15.3,0.361
Mustard,18.13,167.2,22.7,206.9,0.637
Wheat,10.49,26.0,17.5,79.5,1.647
Banana,9.06,158.8,35.7,60.5,23.395
Rice,23.63,104.2,23.3,161.4,1.907
Onion,24.36,259.9,16.8,0.4,3.737
Mustard,6.06,314.1,26.1,139.1,0.524
Rice,17.85,333.8,26.1,128.1,2.063
Rice,16.64,377.1,33.4,3.2,1.598
Cotton,16.87,143.4,30.0,35.9,0.777
Millets,10.05,93.0,14.2,7.7,0.721
Tomato,16.63,139.4,35.8,184.8,9.448
Tomato,15.58,93.1,37.7,18.6,9.671
Mustard,2.9,43.3,41.7,125.2,0.791
Soybean,23.17,196.0,37.4,187.8,1.076
Wheat,23.89,258.4,24.3,168.6,1.018
Wheat,4.87,277.5,30.9,115.4,1.081
Onion,3.69,150.3,20.8,205.7,8.725
Millets,9.51,364.2,32.1,6.9,0.611
Sugarcane,13.29,112.0,31.0,62.4,33.175
Rice,14.35,138.9,38.0,171.0,2.186
Wheat,11.96,225.2,37.7,16.2,0.711
Groundnut,18.88,386.3,16.6,9.6,0.484
Banana,18.01,230.5,19.0,210.8,26.492
Millets,17.51,355.1,38.3,17.7,0.516
Maize,22.8,222.8,31.4,76.1,1.925
Sugarcane,7.85,377.3,24.4,183.9,28.252
Banana,4.95,131.5,32.0,31.1,20.676
Cotton,0.58,393.6,13.1,166.0,0.363
Maize,16.43,250.5,28.7,168.2,1.902
Millets,13.43,293.7,40.9,24.6,0.546
Maize,11.17,295.9,23.4,22.0,1.555
Rice,6.48,210.9,16.5,217.7,2.167
Millets,9.92,152.9,19.2,89.0,0.772
Mustard,16.71,40.2,28.2,109.5,0.777
Onion,14.36,352.8,31.3,74.4,5.125
Onion,21.53,118.7,16.3,165.5,8.165
Soybean,20.83,90.3,34.0,74.8,0.99
Sugarcane,19.44,79.8,36.7,136.1,29.082
Rice,19.04,394.6,33.1,201.9,2.047
Rice,17.69,235.5,22.1,137.1,2.39
Millets,20.04,350.9,31.1,184.9,0.612
Millets,16.71,146.8,29.8,15.7,0.776
Potato,24.61,346.1,30.4,58.5,4.86
Soybean,19.04,199.4,29.8,192.8,1.239
Banana,21.71,168.6,38.5,122.8,22.174
Groundnut,24.79,81.5,22.4,48.4,1.257
Maize,3.42,120.3,30.3,58.3,2.588
Maize,13.59,261.7,29.4,135.3,1.899
Sugarcane,17.04,294.0,23.9,207.8,32.574
Banana,14.78,190.4,12.6,217.0,23.561
Rice,8.87,143.9,24.6,125.9,2.157
Chickpea,4.28,253.0,34.2,148.5,0.573
Sugarcane,13.12,179.0,18.0,195.9,32.217
Rice,12.86,93.0,25.1,173.9,1.836
Onion,5.77,28.7,33.6,23.3,7.195
Tomato,21.18,175.6,26.0,210.7,11.078
Banana,21.74,207.9,35.9,77.5,20.92
Wheat,20.02,190.8,22.8,46.4,1.233
Maize,9.18,264.8,31.1,42.6,1.727
Groundnut,1.61,165.3,26.2,23.1,0.972
Mustard,12.54,393.7,39.5,87.7,0.339
Sugarcane,14.21,150.4,37.7,64.2,26.315
Cotton,8.98,214.2,38.1,72.1,0.66
Banana,5.49,280.0,13.8,118.2,21.868
Tomato,15.61,178.3,39.7,196.1,8.828
Potato,18.13,45.9,21.7,44.7,9.026
Banana,8.3,237.0,17.0,23.3,18.061
Wheat,6.55,201.7,37.2,83.3,1.047
Tomato,18.59,251.9,28.1,165.5,9.301
Onion,8.58,258.4,17.0,139.3,6.003
Sugarcane,2.53,271.9,38.1,43.3,27.516
Chickpea,5.33,331.5,19.6,138.5,0.646
Soybean,22.56,362.5,22.2,76.6,0.744
Soybean,7.46,135.5,12.6,20.7,1.009
Wheat,2.49,373.5,20.9,46.0,1.117
Cotton,20.85,351.6,21.2,163.3,0.503
Onion,11.28,87.4,36.6,119.7,8.734
Potato,17.05,181.7,37.5,29.9,6.412
Millets,6.79,64.9,12.9,169.5,1.147
Chickpea,15.59,313.6,37.2,177.2,0.455
Onion,15.89,380.1,38.6,1.0,3.515
Rice,0.77,221.9,37.6,91.5,2.407
Mustard,24.27,36.8,31.0,7.6,0.569
Sugarcane,7.12,25.8,18.2,33.9,21.606
Millets,15.49,274.8,36.6,80.8,0.592
Rice,3.48,74.2,27.7,131.3,1.974
Groundnut,21.15,80.7,34.4,16.0,1.079
Mustard,13.37,263.8,30.6,122.8,0.493
Banana,9.04,315.9,22.9,10.1,17.894
Banana,4.2,187.4,14.5,172.8,26.751
Rice,16.32,382.8,13.9,78.5,1.578
Rice,1.32,369.1,41.7,85.8,1.67
Millets,1.97,140.9,13.9,164.2,0.847
Millets,21.65,92.3,28.4,156.9,1.077
Maize,5.35,64.9,20.4,175.5,2.333
Banana,22.33,254.4,39.5,119.5,20.113
Rice,12.1,22.5,41.6,109.4,1.828
Banana,11.58,157.6,22.7,78.2,23.909
Potato,14.44,219.9,21.2,101.8,8.721
Mustard,18.74,317.6,19.2,124.7,0.6
Maize,7.82,348.3,33.0,212.4,1.75
Millets,15.42,195.0,26.1,0.3,0.59
Millets,14.88,88.6,25.0,48.2,0.91
Chickpea,13.91,111.5,32.0,82.9,0.781
Sugarcane,16.93,173.4,39.9,72.2,24.257
Tomato,19.95,102.9,26.2,4.6,9.215
Soybean,19.4,103.9,12.8,5.2,0.805
Sugarcane,4.01,264.7,18.0,48.8,28.502
Banana,16.54,372.9,38.1,186.3,20.305
Tomato,4.57,393.2,29.3,120.9,7.871
Potato,15.07,77.0,15.1,66.6,9.225
Onion,10.35,351.5,29.2,204.5,6.205
Onion,14.0,289.7,13.4,35.2,4.044
Soybean,22.91,135.4,23.8,192.4,1.319
Millets,3.96,115.8,13.1,20.6,0.71
Banana,16.55,96.3,40.2,76.7,20.196
Mustard,3.84,281.3,15.6,181.8,0.586
Tomato,2.69,288.9,14.3,214.4,7.342
Rice,8.21,191.0,35.4,114.4,2.218
Soybean,1.91,343.6,27.9,115.3,1.0
Maize,8.73,331.0,28.4,58.0,1.416
Wheat,9.11,105.0,34.2,36.8,1.273
Millets,2.01,284.4,12.3,178.6,0.535
Onion,4.26,69.5,25.1,63.4,8.78
Sugarcane,3.07,119.0,15.4,140.2,26.23
Mustard,21.29,297.2,33.0,35.3,0.398
Cotton,18.02,329.5,18.8,68.6,0.488
Rice,20.58,179.9,22.9,110.5,2.318
Rice,17.84,380.0,19.7,45.5,1.537
Tomato,4.08,264.5,40.7,100.9,6.135
Chickpea,9.88,63.3,24.5,19.3,0.833
Millets,1.66,192.6,25.8,161.4,0.788
Onion,21.89,84.9,13.2,155.4,9.144
Banana,10.15,40.5,25.8,98.9,25.25
Banana,10.36,213.6,28.5,49.8,24.556
Tomato,11.95,262.4,13.0,24.4,5.314
Wheat,8.36,379.4,37.5,115.4,0.868
Onion,15.03,136.2,13.9,177.0,9.176
Soybean,9.68,25.4,15.8,34.6,0.964
Mustard,1.29,331.3,32.7,71.1,0.452
Rice,2.21,158.1,23.7,211.9,2.545
Millets,21.11,165.2,38.7,106.5,0.749
Wheat,6.58,347.1,24.0,191.7,1.213
Banana,6.56,310.9,15.5,31.5,18.034
Wheat,21.85,237.6,20.4,86.7,1.182
Mustard,0.59,339.1,17.8,17.4,0.502
Wheat,9.4,266.3,12.9,116.4,0.945
Banana,2.11,133.6,21.7,195.2,25.387
Banana,9.7,244.6,27.5,60.7,25.203
Banana,6.5,26.2,41.0,210.8,18.914
Soybean,0.99,94.5,38.1,33.7,1.142
Maize,17.44,201.4,31.6,123.9,2.057
Banana,5.84,72.9,24.1,117.6,24.261
Banana,12.41,216.8,40.0,11.0,17.474
Mustard,1.67,40.3,29.1,151.6,0.926
Potato,11.5,125.3,30.2,197.5,9.919
Wheat,0.93,191.0,34.9,185.2,1.27
Tomato,14.38,72.6,20.9,146.8,12.336
Potato,24.04,382.4,17.6,9.9,5.315
Wheat,23.99,188.3,21.4,196.8,1.43
Sugarcane,20.32,165.8,35.6,166.3,29.523
Millets,19.65,210.0,37.3,174.5,0.634
Soybean,23.06,87.7,20.3,99.5,1.157
Mustard,22.47,88.3,25.8,114.8,0.73
Sugarcane,24.26,130.9,16.9,55.8,23.846
Sugarcane,4.23,32.1,20.7,119.8,25.409
Wheat,9.42,283.2,25.1,126.0,1.217
Maize,18.83,325.5,20.6,112.5,1.598
Tomato,3.24,217.0,27.8,126.5,11.157
Groundnut,5.93,159.7,28.1,74.1,1.1
Tomato,3.26,105.1,30.1,117.0,11.843
Potato,4.71,369.8,25.5,46.8,5.393
Cotton,7.01,334.3,39.2,103.0,0.501
Sugarcane,9.34,260.8,33.8,158.6,32.067
Onion,17.84,222.1,40.3,22.8,4.658
Wheat,3.77,31.9,39.0,110.9,1.445
Tomato,9.75,395.7,35.2,144.3,7.084
Potato,1.13,323.0,13.4,24.9,4.836
Rice,10.52,243.8,41.2,61.9,1.817
Onion,5.94,189.7,35.3,92.2,5.867
Onion,12.45,80.4,14.0,44.7,8.477
Chickpea,5.1,93.1,30.3,100.0,0.92
Rice,4.01,282.9,26.3,146.2,2.32
Sugarcane,2.58,332.8,13.2,80.8,26.446
Banana,12.3,323.6,26.4,183.9,18.933
Tomato,12.08,31.8,29.3,88.6,11.328
Wheat,11.11,251.2,34.0,184.1,1.067
Onion,13.92,371.4,20.5,138.3,5.977
Groundnut,18.71,380.8,33.0,107.6,0.83
Mustard,19.6,300.4,15.5,65.8,0.509
Rice,16.67,348.1,23.0,48.0,1.463
Wheat,12.3,336.3,14.3,46.6,1.022
Wheat,22.11,265.2,12.5,5.4,0.852
Groundnut,2.77,103.7,33.0,54.7,1.13
Groundnut,8.92,116.0,24.2,40.2,1.237
Soybean,8.25,297.0,20.8,57.7,0.969
Mustard,0.6,85.0,35.2,77.7,0.659
Onion,3.76,328.9,30.7,37.1,5.056
Groundnut,7.58,111.7,17.5,78.1,1.173
Banana,12.2,343.5,17.9,164.2,21.355
Banana,18.9,124.3,25.4,13.4,19.65
Rice,3.25,108.5,13.0,206.6,1.913
Mustard,8.47,378.5,41.2,174.8,0.391
Tomato,8.56,355.6,27.0,139.1,8.671
Millets,24.69,256.2,32.6,11.1,0.561
Rice,7.46,337.5,26.6,84.6,2.101
Groundnut,9.37,319.1,37.4,83.4,0.778
Soybean,24.39,163.7,30.9,29.7,0.952
Mustard,6.45,108.9,26.2,64.7,0.782
Sugarcane,11.49,40.8,25.2,21.8,23.104
Millets,19.92,183.2,12.0,112.6,0.589
Wheat,18.07,377.8,17.1,60.8,1.0
Wheat,20.79,266.7,17.7,183.8,1.259
Potato,2.55,377.0,29.5,72.9,5.64
Onion,14.22,350.7,32.4,167.6,5.855
Wheat,0.74,189.1,13.1,17.9,1.187
Potato,5.77,191.7,38.3,149.2,7.835
Banana,11.83,313.0,25.3,47.8,20.81
Rice,13.09,67.5,39.2,202.6,1.971
Soybean,7.67,84.8,29.6,43.8,1.013
Groundnut,4.93,105.8,14.7,69.3,1.162
Millets,0.89,261.8,23.5,69.9,0.678
Soybean,20.66,35.5,29.3,91.3,1.08
Mustard,7.98,91.4,34.9,98.4,0.671
Soybean,10.33,231.1,41.2,36.6,0.808
Millets,12.01,205.4,39.9,100.2,0.599
Groundnut,11.42,361.5,30.5,175.2,0.926
Groundnut,21.96,388.6,40.7,216.2,0.745
Tomato,2.15,127.5,35.6,79.4,10.054
Tomato,14.87,240.7,23.1,194.7,10.446
Soybean,21.04,308.1,41.4,26.6,0.685
Rice,8.07,114.2,18.2,158.1,1.823
Maize,7.01,171.9,19.2,15.4,1.888
Tomato,3.06,266.7,24.8,16.0,7.384
Chickpea,15.92,273.5,38.8,63.0,0.424
Wheat,12.13,329.5,29.0,207.7,1.217
Millets,16.75,112.5,18.2,84.0,0.924
Onion,8.71,294.4,14.7,164.6,4.94
Millets,16.9,162.0,16.0,129.3,0.68
Maize,7.45,201.6,27.6,154.6,2.72
Banana,14.48,372.4,15.0,145.9,19.171
Chickpea,6.85,320.6,22.8,5.9,0.523
Maize,23.21,378.0,20.4,180.5,1.459
Groundnut,13.73,63.4,37.1,133.3,1.203
Chickpea,11.93,345.8,21.5,189.9,0.741
Onion,8.74,349.9,12.7,191.1,5.201
Chickpea,16.13,41.9,37.1,18.9,0.772
Tomato,24.59,275.4,39.9,137.6,5.988
Rice,17.14,395.8,26.5,106.4,1.736
Mustard,17.02,74.8,21.2,128.6,0.908
Groundnut,6.23,110.0,38.9,62.1,1.202
Chickpea,13.58,372.6,33.9,91.1,0.505
Millets,17.83,71.2,40.1,107.5,1.074
Banana,7.75,346.7,24.6,177.7,23.277
Millets,5.27,354.9,17.4,205.8,0.641
Wheat,24.31,56.8,28.5,7.8,1.342
Cotton,5.08,358.8,29.7,159.8,0.697
Mustard,24.63,334.1,39.4,32.1,0.306
Chickpea,16.9,166.2,25.9,96.5,0.713
Mustard,12.48,192.8,21.8,98.8,0.543
Mustard,17.36,386.5,18.4,200.8,0.603
Maize,23.84,170.2,32.7,119.6,2.325
Maize,1.94,348.4,13.6,199.6,1.322
Rice,3.25,145.7,33.8,126.9,2.191
Soybean,15.09,236.7,24.2,140.6,1.189
Potato,24.32,62.1,25.7,130.3,9.188
Rice,24.58,177.8,20.6,171.6,2.098
Cotton,22.66,60.4,13.6,207.5,0.717
Millets,18.71,399.0,42.0,211.9,0.587
Sugarcane,21.33,67.2,22.7,39.2,24.94
Banana,22.47,395.3,17.2,28.5,14.529
Sugarcane,14.36,355.2,34.4,92.9,28.691
Wheat,19.73,210.0,32.0,82.8,1.035
Chickpea,15.51,129.8,28.5,143.3,0.866
Banana,20.23,85.5,15.9,69.8,17.451
Maize,9.15,307.9,35.7,100.5,1.475
Potato,20.68,22.0,30.2,208.0,9.063
Millets,10.29,252.3,30.5,160.6,0.836
Tomato,2.01,294.4,40.4,191.5,6.329
Groundnut,22.12,76.0,41.4,163.1,1.241
Chickpea,7.31,107.2,12.1,195.9,0.933
Wheat,24.74,120.3,29.2,153.6,1.618
Banana,19.44,44.6,22.9,173.8,24.05
Groundnut,1.95,91.3,32.3,212.8,1.384
Soybean,6.39,370.9,39.0,86.1,0.706
Chickpea,15.38,258.5,30.5,65.1,0.513
Mustard,19.58,221.8,20.1,201.2,0.6
Rice,20.5,256.3,30.4,116.8,2.32
Onion,13.26,227.5,32.7,81.8,5.919
Onion,6.58,348.9,41.6,130.2,4.449
Mustard,22.37,144.1,36.4,89.9,0.468
Cotton,11.08,239.6,15.7,214.6,0.51
Onion,3.57,282.4,24.8,93.1,6.846
Potato,13.63,325.3,22.3,193.8,7.614
Tomato,17.11,388.7,23.9,149.3,7.878
Chickpea,20.9,368.4,22.4,185.3,0.677
Potato,17.44,142.7,19.7,61.2,9.478
Groundnut,14.67,347.5,20.6,7.0,0.596
Chickpea,11.47,311.5,18.5,141.2,0.732
Onion,20.33,279.9,39.3,27.7,3.434
Soybean,24.98,228.8,32.6,202.2,1.065
Groundnut,8.81,142.9,15.5,123.2,1.157
Groundnut,1.04,29.5,23.7,134.4,1.464
Maize,22.8,99.9,20.1,66.9,2.281
Potato,18.07,134.1,41.2,139.6,8.217
Millets,8.92,102.4,25.5,91.7,1.203
Soybean,3.81,256.0,28.9,120.2,1.199
Maize,9.35,53.1,35.8,98.2,2.228
Mustard,22.64,371.1,28.8,175.4,0.458
Groundnut,3.37,286.1,13.5,156.5,0.767
Onion,9.33,371.3,33.3,165.3,5.398
Sugarcane,20.87,84.7,40.3,87.3,26.432
Mustard,21.39,212.3,28.3,90.1,0.446
Mustard,16.37,277.3,26.2,10.6,0.387
Millets,11.62,323.4,18.8,202.2,0.598
Wheat,6.81,107.3,14.2,192.3,2.05
Soybean,18.91,116.9,23.4,64.6,1.235
Potato,24.89,388.8,14.1,149.1,5.275
Cotton,14.66,193.8,25.5,187.8,0.733
Millets,2.31,374.7,32.4,34.1,0.564
Soybean,14.99,231.4,41.1,12.1,0.791
Sugarcane,4.98,28.4,35.3,166.7,25.936
Maize,6.77,157.9,30.1,138.3,2.482
Potato,22.81,371.9,36.0,55.0,4.468
Groundnut,7.99,167.3,32.0,7.5,0.938
Tomato,1.38,121.0,26.4,185.7,15.094
Onion,0.73,196.1,12.8,70.9,6.758
Cotton,23.43,159.6,20.5,166.9,0.713
Wheat,22.68,192.4,40.1,194.4,1.041
Soybean,3.17,121.5,23.1,163.6,1.318
Mustard,8.92,138.2,36.4,217.8,0.601
Maize,1.77,294.3,26.4,95.4,2.016
Groundnut,3.84,252.6,39.9,202.2,0.962
Groundnut,10.04,370.1,31.8,110.8,0.804
Mustard,20.04,232.4,20.6,85.6,0.587
Onion,5.96,199.0,13.3,177.1,6.835
Soybean,22.19,170.6,26.3,65.0,1.191
Groundnut,11.19,203.1,26.8,148.8,1.148
Potato,16.54,262.2,33.3,103.3,5.756
Groundnut,14.6,323.2,26.0,74.1,0.769
Maize,8.06,306.6,24.8,145.3,1.803
Potato,12.36,153.9,24.6,148.7,10.029
Tomato,9.31,123.8,17.2,179.7,11.731
Sugarcane,16.22,191.5,16.9,65.2,26.272
Cotton,9.29,307.0,23.9,125.2,0.534
Wheat,22.09,145.5,17.7,77.8,1.415
Banana,3.46,81.5,34.9,186.0,23.898
Potato,7.7,38.0,15.7,30.3,8.368
Chickpea,17.97,173.3,24.0,211.6,0.801
Rice,1.51,173.8,26.0,103.5,2.345
Mustard,13.88,350.9,22.7,117.7,0.517
Cotton,10.27,71.8,25.0,111.0,0.817
Sugarcane,19.33,165.4,20.3,97.1,29.811
Mustard,24.51,52.1,27.2,84.5,0.825
Onion,1.97,275.9,26.8,135.6,6.266
Potato,12.99,220.8,16.4,135.2,8.796
Mustard,6.7,145.1,28.3,162.8,0.664
Rice,11.81,384.8,22.3,172.5,1.712
Maize,1.57,394.8,22.8,147.0,1.742
Wheat,19.21,153.8,29.4,10.6,1.16
Groundnut,14.08,315.3,16.8,72.1,0.688
Mustard,14.86,274.2,18.2,122.3,0.534
Mustard,7.83,23.4,40.9,197.1,0.78
Maize,20.89,227.5,40.9,112.1,1.539
Tomato,23.48,221.7,24.2,170.5,10.64
Mustard,21.15,347.1,20.9,2.5,0.431
Maize,19.62,156.3,38.7,196.3,2.248
Millets,12.79,331.8,13.1,35.2,0.442
Maize,1.56,61.2,25.6,107.4,2.496
Wheat,10.83,215.5,36.5,179.2,1.092
Tomato,22.2,332.9,21.9,162.8,8.263
Onion,6.43,274.5,14.6,60.3,5.041
Mustard,3.11,379.8,16.9,16.0,0.483
Wheat,16.39,261.7,38.8,146.6,0.837
Groundnut,14.36,311.1,22.8,7.9,0.574
Groundnut,9.73,89.1,33.3,177.0,1.518
Banana,8.49,235.8,14.8,205.5,24.308
Groundnut,20.65,93.9,35.1,62.1,1.231
Onion,23.42,348.2,24.8,94.3,5.512
Banana,22.34,204.3,23.9,20.7,21.662
Maize,20.85,143.1,21.1,5.8,1.821
Groundnut,20.3,82.4,41.0,13.2,0.926
Tomato,16.05,307.6,18.8,123.4,6.938
Wheat,4.68,218.5,28.0,168.9,1.341
Mustard,23.78,289.4,12.5,33.2,0.441
Tomato,10.41,145.6,25.3,207.5,13.414
Cotton,11.38,279.0,16.9,11.2,0.314
Wheat,19.72,356.4,35.4,149.4,0.865
Millets,6.8,55.9,29.9,48.3,1.216
Chickpea,13.61,398.2,23.6,92.3,0.634
Cotton,12.2,44.5,37.0,21.7,0.698
Cotton,10.28,194.7,40.9,162.6,0.684
Soybean,4.17,262.7,31.8,195.6,1.187
Cotton,2.15,103.6,40.9,217.4,1.046
Maize,21.23,201.5,40.8,184.3,1.738
Groundnut,15.9,98.4,17.5,190.6,1.413
Wheat,21.23,37.6,33.5,135.5,1.593
Sugarcane,4.94,134.0,18.8,37.2,28.393
Millets,4.79,239.8,25.0,82.8,0.624
Banana,1.62,390.4,21.5,125.3,20.365
Sugarcane,19.29,56.8,29.1,68.3,28.721
Tomato,6.32,254.0,28.1,28.2,6.98
Onion,14.87,350.0,23.9,140.7,6.132
Sugarcane,15.75,393.5,14.4,79.8,18.638
Wheat,6.83,147.2,33.7,173.0,1.475
Groundnut,22.27,218.2,36.7,23.6,0.677
Potato,22.39,354.5,37.3,18.7,3.716
Banana,4.64,349.8,28.8,62.2,20.177
Soybean,18.27,299.5,24.8,94.0,0.913
Sugarcane,10.25,271.8,30.8,28.6,28.498
Banana,20.37,23.0,36.7,6.6,15.538
Millets,6.44,207.0,37.3,179.1,0.662
Soybean,4.67,381.7,20.2,45.1,0.669
Groundnut,5.69,89.0,41.5,16.8,1.019
Millets,7.77,350.6,34.0,118.9,0.711
Groundnut,7.01,358.4,19.4,6.1,0.626
Rice,21.56,128.4,19.0,184.2,1.83
Onion,9.4,164.6,23.9,16.5,7.231
Rice,9.49,262.2,36.1,129.2,1.881
Sugarcane,0.63,208.1,28.9,79.1,34.855
Onion,1.37,328.3,29.7,71.6,5.337
Mustard,17.74,308.0,24.4,126.8,0.481
Millets,3.67,369.2,15.8,142.7,0.577
Soybean,20.62,199.1,17.6,33.1,0.886
Mustard,15.92,342.6,23.2,171.9,0.64
Chickpea,22.02,57.0,36.1,59.0,0.756
Sugarcane,14.66,392.6,30.0,47.3,25.55
Chickpea,2.87,147.5,20.8,141.6,0.868
Millets,21.27,352.9,31.0,153.7,0.749
Sugarcane,9.62,394.9,23.5,18.7,20.57
Banana,1.18,88.0,23.1,46.8,21.897
Cotton,4.48,258.1,15.9,172.3,0.48
Potato,6.51,239.0,13.8,207.4,8.884
Onion,5.93,51.5,41.8,9.0,6.333
Cotton,22.09,172.3,40.3,211.1,0.752
Wheat,4.64,389.0,25.1,102.2,1.159
Maize,24.08,388.9,24.4,31.3,1.305
Onion,3.41,230.0,17.0,78.8,6.1
Wheat,24.39,369.1,27.6,68.7,0.994
Tomato,9.48,194.6,39.4,113.1,8.632
Banana,7.38,101.3,35.0,36.4,20.077
Tomato,20.52,134.2,26.2,127.1,12.254
Chickpea,22.28,99.4,28.4,34.7,0.732
Millets,9.52,141.5,29.1,141.1,1.014
Potato,21.12,294.0,22.5,53.3,7.346
Banana,6.64,384.5,24.5,91.5,18.554
Onion,23.04,63.4,36.6,98.8,7.892
Tomato,13.82,225.3,16.0,21.3,7.145
Chickpea,15.56,154.1,28.7,199.4,0.728
Onion,6.19,56.1,31.6,38.4,7.81
Onion,4.19,330.1,18.3,1.9,4.295
Sugarcane,2.8,179.5,23.9,31.5,28.441
Groundnut,10.97,383.7,33.7,157.3,0.879
Wheat,19.34,221.2,41.6,133.7,0.779
Groundnut,18.99,155.2,35.2,186.4,1.208
Rice,9.93,363.9,15.8,163.7,1.898
Tomato,22.64,260.5,25.0,153.4,10.375
Chickpea,0.8,255.1,37.8,153.9,0.51
Groundnut,2.58,126.4,40.9,101.6,1.149
Maize,0.82,199.6,19.4,209.6,2.192
Sugarcane,4.47,44.0,21.5,219.1,28.21
Rice,14.51,335.8,24.0,196.0,1.903
Soybean,3.45,375.9,22.1,54.1,0.845
Soybean,12.11,211.5,32.2,178.0,1.277
Chickpea,13.62,390.6,25.4,70.7,0.564
Groundnut,16.98,376.2,22.6,112.1,0.645
Groundnut,22.56,87.5,18.8,152.8,1.194
Rice,3.77,380.8,31.3,208.4,2.336
Millets,7.34,34.6,25.2,211.5,1.376
Rice,18.44,265.6,13.0,51.1,1.625
Potato,11.71,277.5,22.2,68.7,8.126
Wheat,10.76,222.2,18.0,173.7,1.263
Potato,19.02,247.8,30.4,73.3,6.384
Millets,17.0,215.7,40.6,121.7,0.594
Onion,1.63,363.2,21.5,184.0,6.267
Wheat,23.05,203.2,37.8,147.8,0.975
Sugarcane,7.07,96.0,21.6,65.3,25.28
Potato,16.11,387.6,26.1,167.4,7.029
Banana,10.6,352.8,16.4,63.8,15.149
Groundnut,7.75,20.8,18.5,6.5,0.813
Chickpea,23.85,327.0,15.7,27.0,0.442
Cotton,16.95,257.7,29.7,32.9,0.526
Chickpea,11.44,388.9,13.3,3.2,0.454
Groundnut,22.0,130.0,21.6,130.2,1.295
Banana,7.1,42.8,28.0,161.4,22.846
Banana,15.81,58.7,31.9,20.4,19.832
Groundnut,1.86,159.0,35.0,11.8,1.067
Cotton,6.04,235.2,26.8,36.5,0.624
Sugarcane,24.65,394.2,19.5,194.3,25.48
Chickpea,11.09,329.7,24.6,108.3,0.676
Potato,22.71,77.5,29.7,25.7,7.839
Mustard,5.9,33.7,34.4,146.6,0.783
Millets,19.39,84.6,21.1,106.8,0.992
Potato,15.54,207.6,31.8,4.6,6.164
Chickpea,8.0,377.8,40.9,81.7,0.464
Potato,5.99,188.7,40.7,52.0,7.311
Wheat,14.46,271.8,33.8,174.1,0.851
Chickpea,2.24,277.0,29.8,47.1,0.459
Sugarcane,10.84,388.1,32.3,204.6,26.939
Onion,17.91,102.8,24.6,139.9,10.622
Mustard,2.5,291.6,20.0,156.2,0.602
Banana,14.49,220.2,38.2,143.8,25.112
Mustard,16.2,158.4,19.9,200.1,0.652
Potato,3.97,243.9,21.3,110.9,9.0
Millets,10.5,233.6,14.4,95.1,0.552
Soybean,17.87,123.0,28.3,84.5,1.257
Groundnut,17.0,379.3,15.4,94.0,0.674
Groundnut,12.0,359.6,32.5,190.5,0.886
Cotton,19.18,68.6,34.5,92.2,0.899
Wheat,1.98,63.3,15.2,82.6,2.091
Soybean,22.04,305.6,29.1,159.3,0.926
Rice,17.79,217.6,14.7,146.2,2.218
Wheat,0.61,305.3,20.4,89.1,1.268
Sugarcane,2.08,289.4,40.9,129.9,32.175
Banana,2.16,151.9,18.2,135.7,22.217
Maize,6.16,362.7,28.1,22.5,1.312
Millets,18.85,304.5,31.2,146.9,0.662
Groundnut,6.3,371.7,18.4,130.9,0.738
Rice,11.53,31.4,18.8,140.0,1.71
Wheat,7.95,337.3,27.7,167.4,1.083
Sugarcane,10.86,242.0,32.7,189.4,32.521
Potato,21.9,167.7,34.8,134.1,7.484
Cotton,19.21,275.5,28.9,174.4,0.579
Chickpea,4.01,117.0,41.7,53.2,0.677
Tomato,9.93,296.4,34.6,59.9,6.169
Chickpea,19.57,282.0,15.6,8.1,0.478
Banana,19.2,351.8,31.9,139.8,22.447
Potato,14.37,390.1,13.4,119.6,6.937
Millets,19.08,264.7,40.4,179.4,0.601
Sugarcane,3.94,395.0,35.9,185.4,28.077
Maize,15.42,25.0,25.9,54.6,2.206
Mustard,7.25,259.9,35.6,191.3,0.377
Onion,18.98,373.4,35.2,25.6,4.505
Rice,12.8,238.2,20.5,186.3,2.209
Potato,5.57,68.3,41.3,191.9,9.371
Mustard,19.61,60.5,27.4,25.4,0.739
Maize,12.25,275.2,37.2,17.7,1.369
Maize,5.15,378.5,26.5,12.5,1.414
Banana,15.87,322.8,25.9,149.9,24.649
Rice,2.22,283.5,40.6,75.4,1.952
Millets,16.07,393.7,36.4,171.8,0.634
Sugarcane,15.45,173.6,13.8,108.1,28.02
Groundnut,19.2,192.6,26.9,174.4,1.09
Mustard,9.32,363.4,34.8,207.5,0.457
Onion,6.9,218.0,24.5,85.9,7.238
Onion,9.99,76.1,22.5,177.6,10.937
Cotton,15.77,86.4,15.2,67.0,0.771
Rice,1.73,98.7,18.1,181.0,2.012
Groundnut,3.59,320.6,19.8,101.5,0.809
Potato,16.61,118.2,12.0,115.6,9.256
Soybean,24.83,189.0,29.0,175.5,1.146
Mustard,3.27,84.2,40.9,173.9,0.687
Maize,17.77,198.3,12.7,160.2,1.874
Onion,7.15,219.9,20.0,157.6,6.786
Wheat,11.21,216.3,13.1,4.5,0.908
Mustard,9.02,87.0,27.1,132.3,0.796
Wheat,9.5,371.0,25.1,61.8,1.005
Chickpea,5.02,282.6,18.0,80.3,0.617
Groundnut,16.38,103.4,12.1,183.3,1.372
Soybean,24.82,71.5,32.3,56.6,1.003
Sugarcane,4.62,196.9,20.1,34.1,25.678
Onion,6.83,221.2,32.8,97.5,6.049
Rice,9.86,396.4,41.2,98.6,1.725
Rice,16.33,336.4,29.3,159.3,2.258
Banana,13.7,207.1,18.5,29.9,24.296
Banana,23.04,232.5,24.4,30.6,18.756
Cotton,23.98,190.2,19.1,82.9,0.598
Potato,18.96,192.3,39.8,141.0,6.336
Maize,14.01,325.1,28.0,176.9,1.66
Wheat,8.56,38.3,22.7,125.1,2.024
Onion,9.7,278.2,33.5,37.6,4.867
Groundnut,13.72,213.5,41.4,169.7,0.976
Onion,16.37,29.7,23.1,168.7,9.916
Mustard,23.96,22.7,28.8,18.6,0.603
Mustard,10.42,58.5,25.6,76.9,0.93
Potato,5.0,342.0,21.9,21.9,5.642
Onion,9.56,41.4,13.6,13.1,7.384
Tomato,21.33,341.2,28.4,86.3,6.696
Soybean,20.29,376.8,41.5,155.1,0.621
Onion,24.07,66.6,20.4,183.1,9.642
Chickpea,13.33,312.8,20.2,110.2,0.646
Sugarcane,10.25,100.6,33.2,69.1,28.407
Cotton,3.97,271.4,21.9,107.4,0.571
Mustard,23.13,347.0,39.0,10.9,0.273
Mustard,20.38,179.5,20.6,120.7,0.537
Mustard,17.44,115.2,12.0,195.0,0.688
Soybean,21.85,376.7,22.6,145.1,0.85
Mustard,4.52,186.0,24.9,42.0,0.464
Onion,18.07,325.9,15.0,122.5,5.202
Banana,10.76,287.2,40.4,78.5,21.487
Groundnut,17.22,110.5,26.1,71.7,1.268
Wheat,18.65,255.4,36.5,208.2,0.867
Tomato,8.09,184.5,37.1,197.7,10.102
Onion,20.17,311.0,17.6,137.6,6.151
Cotton,13.91,392.2,35.4,44.2,0.46
Rice,8.32,26.8,14.2,158.2,1.523
Sugarcane,18.03,48.0,40.4,213.3,25.827
Tomato,2.16,331.5,30.2,218.2,7.704
Mustard,13.35,231.0,18.3,133.5,0.607
Mustard,5.91,338.1,18.4,66.1,0.6
Wheat,7.45,384.0,34.2,198.3,1.068
Tomato,16.17,354.3,40.8,143.0,5.582
Groundnut,1.49,196.7,21.5,203.7,1.158
Maize,8.27,152.9,33.4,0.4,1.713
Banana,12.36,61.1,13.5,56.9,17.714
Millets,12.82,175.9,17.8,183.3,0.651
Millets,17.24,348.6,32.2,29.3,0.597
Potato,13.28,90.4,40.2,55.5,8.217
Millets,7.23,193.1,19.5,180.9,0.733
Millets,22.39,43.8,34.2,127.5,1.136
Chickpea,21.75,285.9,17.2,57.1,0.558
Banana,6.78,313.8,22.0,62.2,23.65
Sugarcane,8.84,55.9,28.9,40.7,27.666
Rice,12.22,164.8,21.6,210.5,2.222
Wheat,23.25,387.8,37.9,178.2,0.762
Banana,4.91,249.0,28.1,158.6,25.484
Millets,16.97,252.5,22.5,32.6,0.611
Cotton,20.86,75.6,34.5,31.2,0.8
Banana,10.34,150.0,26.0,156.6,27.633
Groundnut,14.71,156.3,41.1,150.4,1.159
Soybean,6.78,50.0,36.5,153.6,1.196
Groundnut,17.14,34.4,24.7,72.9,1.127
Wheat,14.37,261.5,18.3,109.2,1.102
Tomato,13.02,132.1,18.5,206.9,12.599
Cotton,15.85,239.1,33.6,133.8,0.693
Potato,1.12,48.0,28.6,87.9,9.428
Potato,16.41,344.2,17.4,64.3,6.047
Cotton,24.92,27.6,16.7,84.7,0.569
Banana,1.06,215.6,17.9,139.0,21.808
Tomato,5.34,335.4,39.0,79.5,5.682
Millets,19.14,223.6,29.4,172.4,0.801
Tomato,13.68,127.5,37.1,97.2,11.276
Soybean,13.75,188.1,26.6,22.0,1.058
Potato,2.48,395.1,41.1,194.1,3.99
Onion,15.62,82.9,40.2,144.6,9.298
Rice,24.86,376.6,15.2,216.2,1.767
Mustard,18.86,100.9,23.5,138.7,0.634
Onion,17.74,69.8,24.2,157.8,10.534
Millets,13.75,371.5,40.9,151.6,0.637
Tomato,13.5,188.9,35.4,73.5,7.932
Soybean,8.65,329.4,20.3,88.5,0.851
Groundnut,13.69,136.3,30.8,177.4,1.192
Chickpea,9.88,267.1,38.1,184.9,0.492
Chickpea,10.37,328.3,23.3,22.4,0.501
Banana,19.14,339.4,38.9,154.5,20.403
Potato,0.88,63.2,16.2,57.0,10.138
Groundnut,16.01,67.3,31.7,160.6,1.336
Onion,6.47,280.9,15.6,128.0,5.018
Potato,4.97,221.5,14.1,155.7,10.179
Rice,5.19,228.1,36.5,80.7,2.264
Mustard,2.31,91.6,26.0,193.8,0.913
Cotton,17.75,340.1,28.0,210.2,0.556
Rice,6.23,309.2,38.3,105.3,2.105
Tomato,9.44,305.8,40.5,88.1,6.205
Chickpea,20.87,138.1,36.7,25.5,0.523
Rice,8.09,140.0,41.9,52.5,1.622
Banana,19.67,390.2,17.0,150.4,18.709
Banana,21.81,302.3,35.4,85.0,19.847
Mustard,5.33,31.9,21.3,189.9,1.082
Banana,6.8,366.1,13.3,177.4,17.987
Millets,6.96,185.1,22.6,31.2,0.688
Chickpea,5.29,398.5,29.2,25.7,0.449
Potato,5.05,132.9,19.7,128.2,11.875
Soybean,1.67,330.8,20.6,67.0,0.917
Sugarcane,15.57,53.3,25.8,166.5,29.328
Mustard,1.49,286.8,27.0,36.0,0.488
Banana,11.39,331.5,17.3,129.7,23.638
Wheat,22.39,265.7,22.8,107.6,1.185
Sugarcane,18.76,291.3,41.5,33.7,18.349
Millets,24.06,343.9,18.1,92.7,0.507
Onion,15.62,240.9,39.1,22.1,3.995
Tomato,12.37,30.3,39.4,204.9,11.103
Maize,7.32,128.9,21.8,49.6,2.372
Mustard,13.6,121.2,35.2,138.1,0.611
Sugarcane,14.11,258.7,13.0,138.6,25.338
Banana,18.83,36.6,23.6,14.4,17.267
Rice,3.91,302.4,38.5,170.6,2.423
Soybean,21.25,395.9,22.9,76.7,0.638
Chickpea,23.3,127.3,30.5,53.9,0.73
Banana,0.67,284.1,28.3,62.9,24.752
Soybean,13.35,51.6,24.4,35.0,1.068
Groundnut,14.67,112.8,40.3,66.6,1.094
Potato,20.19,303.6,13.8,115.3,6.417
Millets,16.68,235.7,39.6,123.1,0.688
Soybean,19.76,77.0,35.3,173.2,1.197
Banana,9.6,129.8,31.5,160.5,27.109
Chickpea,7.58,301.7,41.4,63.9,0.383
Cotton,22.4,120.6,24.5,218.3,0.809
Cotton,23.83,340.6,41.2,88.7,0.453
Sugarcane,9.85,188.0,32.1,91.2,31.515
Onion,3.13,394.6,36.8,106.1,5.008
Chickpea,24.94,216.3,33.7,18.7,0.33
Cotton,20.12,205.3,31.3,131.1,0.7
Maize,23.83,137.9,18.9,196.7,2.279
Potato,4.34,155.7,38.4,146.0,8.67
Wheat,13.61,256.7,36.2,124.0,0.916
Mustard,6.86,386.5,18.3,114.0,0.655
Millets,22.38,206.0,38.5,181.5,0.604
Potato,22.96,233.6,37.6,151.8,6.288
Rice,12.34,298.7,39.6,156.0,1.944
Sugarcane,20.17,221.3,13.8,142.0,27.411
Sugarcane,24.78,266.9,15.9,218.1,25.625
Banana,15.16,155.1,24.2,143.7,28.316
Tomato,23.69,396.6,15.5,41.3,6.322
Mustard,2.89,284.9,40.7,126.6,0.381
Millets,2.11,289.7,24.0,111.3,0.659
Soybean,22.68,248.8,26.3,86.6,1.053
Banana,23.52,205.9,15.2,174.4,20.999
Groundnut,17.33,398.8,15.4,178.8,0.595
Sugarcane,16.9,88.7,18.5,122.3,26.841
Mustard,2.65,317.1,20.2,162.1,0.621
Potato,20.09,25.1,17.1,74.3,8.783
Wheat,18.64,109.4,41.9,63.1,1.231
Rice,17.24,125.1,28.2,169.9,2.036
Sugarcane,5.64,123.1,23.8,164.3,31.229
Sugarcane,22.06,285.4,30.4,114.5,27.526
Groundnut,4.79,122.6,39.0,182.5,1.308
Cotton,5.99,326.8,29.6,15.7,0.469
Potato,7.4,302.7,38.6,142.4,4.549
Onion,1.7,234.7,34.6,101.8,5.78
Tomato,17.03,330.3,36.5,154.7,7.364
Chickpea,13.68,188.4,21.9,27.4,0.491
Groundnut,12.91,399.2,35.3,195.3,0.806
Cotton,1.09,21.0,27.1,25.9,0.749
Groundnut,17.99,382.2,15.6,23.5,0.57
Maize,16.12,160.3,20.4,25.3,2.03
Tomato,15.89,332.9,41.1,70.9,5.809
Rice,12.92,121.7,14.9,98.3,1.597
Millets,11.82,313.8,18.4,163.7,0.597
Millets,10.75,312.4,23.0,22.7,0.58
Millets,1.53,175.1,32.9,84.4,0.815
Cotton,5.72,239.9,15.2,26.0,0.417
Rice,16.66,342.5,38.0,138.2,1.94
Sugarcane,6.98,131.4,25.6,138.4,30.687
Tomato,3.64,62.9,41.7,69.5,8.717
Onion,7.59,44.6,27.2,43.4,8.683
Chickpea,11.3,168.1,15.3,137.1,0.748
Groundnut,16.17,172.1,37.6,114.5,1.042
Groundnut,18.27,232.4,17.1,23.3,0.589
Rice,9.7,49.0,32.9,64.0,1.783
Groundnut,10.85,367.0,37.8,72.8,0.672
Wheat,21.72,301.0,18.1,197.6,1.258
Potato,22.37,272.2,38.3,84.8,4.99
Cotton,12.82,120.2,28.1,112.0,0.817
Sugarcane,3.06,355.3,28.1,106.1,32.605
Banana,11.6,135.1,16.7,151.3,20.039
Potato,7.42,377.5,31.4,119.9,5.342
Chickpea,8.69,299.8,22.5,56.8,0.508
Millets,20.23,99.1,14.1,34.0,0.719
Banana,15.44,272.9,15.4,100.0,19.833
Potato,18.38,246.2,33.9,153.7,7.024
Sugarcane,16.99,324.0,27.3,52.2,27.76
Sugarcane,20.06,241.7,12.8,52.6,22.479
Groundnut,10.35,285.0,17.3,81.4,0.652
Soybean,23.17,165.0,22.0,208.9,1.387
Millets,17.9,256.2,33.9,156.1,0.773
Rice,16.43,376.0,40.2,91.7,1.899
Onion,10.13,114.6,18.2,26.2,7.164
Wheat,8.45,369.4,15.2,32.2,0.979
Millets,13.96,396.9,18.1,73.4,0.619
Soybean,8.95,180.6,34.1,79.7,1.156
Chickpea,20.12,41.6,34.5,207.7,0.958
Soybean,15.58,277.0,25.9,205.8,1.118
Wheat,3.4,23.9,36.7,19.8,1.071
Banana,1.79,64.6,38.1,61.1,19.856
Millets,14.72,292.3,17.5,192.2,0.599
Maize,3.15,288.7,26.2,99.6,2.098
Wheat,17.95,63.4,23.2,158.9,1.603
Tomato,16.08,44.4,20.0,21.2,10.279
Maize,10.74,358.7,13.2,153.6,1.269
Wheat,24.19,389.6,36.9,46.3,0.712
Tomato,23.95,151.6,22.5,105.1,10.466
Cotton,4.37,128.9,31.4,9.3,0.69
Sugarcane,14.16,60.3,33.7,63.1,25.823
Millets,12.84,90.1,26.2,125.7,1.039
Banana,19.35,123.2,37.2,96.3,23.711
Banana,5.65,186.7,34.2,213.7,30.725
Rice,23.45,137.1,41.5,9.8,1.4
Potato,9.09,390.0,39.7,72.9,4.193
Onion,4.8,32.4,32.4,31.0,8.633
Sugarcane,21.74,131.9,32.9,128.9,30.205
Maize,19.12,63.5,33.3,39.5,2.03
Onion,4.71,120.6,12.3,148.9,8.804
Millets,1.01,216.5,37.4,173.2,0.738
Tomato,7.43,218.0,27.3,166.7,11.015
Rice,18.06,203.0,29.7,0.8,1.803
Tomato,18.42,316.9,42.0,101.8,5.106
Wheat,3.9,364.9,17.9,79.9,1.215
Mustard,7.88,161.5,34.3,131.4,0.541
Mustard,1.74,102.9,20.3,218.9,0.856
Banana,5.22,200.1,12.0,176.8,23.925
Soybean,12.51,341.1,12.1,96.2,0.677
Cotton,10.84,278.0,36.1,207.2,0.609
Soybean,17.39,338.2,24.0,123.4,0.868
Rice,15.73,226.3,21.3,218.9,2.132
Wheat,23.79,262.3,13.8,39.8,0.95
Millets,1.65,227.9,42.0,83.5,0.603
Maize,19.46,247.5,20.1,120.5,2.041
Chickpea,3.13,249.9,16.5,169.2,0.737
Rice,2.61,381.7,37.2,140.6,1.879
Groundnut,0.82,255.9,19.3,208.5,0.852
Tomato,17.76,76.6,26.2,23.0,10.337
Soybean,16.0,170.3,16.8,145.1,1.152
Chickpea,20.31,276.6,35.2,214.2,0.458
Maize,16.0,242.6,31.0,207.2,2.202
Chickpea,21.61,259.9,35.5,72.1,0.46
Soybean,20.91,212.4,25.8,55.3,1.134
Millets,6.03,377.8,20.0,98.2,0.546
Tomato,19.39,164.1,22.0,110.6,10.951
Tomato,24.87,243.2,35.0,203.4,7.992
Potato,0.58,363.3,23.6,127.6,6.743
Sugarcane,18.96,159.9,12.4,79.0,28.41
Soybean,7.19,56.7,12.8,200.4,1.04
Soybean,10.23,49.8,15.3,142.4,1.049
Millets,18.77,316.6,31.2,191.1,0.695
Cotton,2.34,193.3,28.0,81.8,0.696
Onion,23.36,180.6,37.0,83.1,5.909
Wheat,17.36,200.1,38.2,118.2,0.988
Rice,12.61,275.9,21.7,153.8,1.993
Mustard,24.96,158.6,18.6,106.0,0.635
Soybean,21.61,386.0,41.4,27.7,0.456
Groundnut,7.72,372.9,35.4,26.7,0.725
Tomato,5.55,230.3,32.7,14.3,7.671
Millets,22.99,24.5,31.0,192.3,1.178
Banana,18.3,159.4,22.0,57.3,19.321
Sugarcane,18.76,72.7,20.9,197.3,26.392
Millets,17.87,58.3,16.5,198.2,1.139
Cotton,3.84,206.4,25.9,219.3,0.787
Sugarcane,19.03,314.5,35.3,156.1,27.408
Onion,1.71,387.7,19.3,67.2,5.802
Potato,8.53,156.7,24.1,146.9,9.203
Cotton,13.3,397.8,13.7,82.7,0.37
Banana,24.49,100.7,33.5,167.9,25.501
Potato,11.1,73.1,22.6,177.5,11.264
Cotton,19.52,120.0,24.8,135.9,0.991
Millets,14.29,163.0,40.3,19.3,0.622
Potato,14.12,90.0,14.5,11.6,9.393
Rice,3.65,156.6,26.1,5.4,1.637
Millets,22.83,32.1,24.3,172.2,1.031
Rice,20.34,198.8,26.1,41.0,1.774
Maize,0.75,141.1,21.6,59.6,2.304
Mustard,3.5,83.3,28.7,123.6,0.916
Onion,11.23,56.2,34.1,98.1,8.694
Chickpea,5.24,253.8,33.7,79.6,0.597
Onion,7.12,82.5,23.2,19.6,9.231
Rice,18.47,348.9,40.4,124.1,1.957
Sugarcane,19.75,224.0,34.1,60.5,26.044
Groundnut,14.67,114.9,32.6,81.5,1.261
Mustard,16.94,279.8,24.5,137.4,0.525
Tomato,2.17,317.6,15.9,102.4,7.366
Mustard,1.41,286.4,24.0,58.3,0.521
Onion,7.66,100.4,24.9,66.5,10.159
Soybean,17.46,180.4,35.5,73.5,1.042
Rice,19.2,70.4,26.3,183.3,1.935
Onion,21.04,314.9,39.7,179.3,4.152
Sugarcane,23.64,29.4,22.3,85.6,21.992
Wheat,3.53,338.1,31.3,104.5,1.037
Sugarcane,22.92,105.1,21.7,205.6,30.294
Millets,4.38,395.7,28.1,189.7,0.795
Sugarcane,11.37,346.2,22.7,169.1,29.954
Mustard,12.83,143.8,33.8,189.2,0.655
Banana,12.22,187.3,16.5,8.6,18.922
Onion,14.63,241.7,12.7,99.8,4.793
Onion,11.82,240.7,23.3,23.1,5.09
Banana,14.68,393.1,22.9,188.9,20.369
Wheat,12.87,268.7,21.6,21.6,1.126
Groundnut,22.26,21.7,14.1,175.1,1.104
Rice,9.44,136.5,38.7,204.3,2.06
Cotton,5.41,334.6,37.5,77.9,0.536
Cotton,10.07,25.7,24.3,196.9,0.917
Maize,8.02,48.1,20.9,65.5,2.059
Wheat,22.43,339.2,39.9,163.8,0.776
Sugarcane,17.04,86.9,17.3,110.1,25.221
Mustard,1.23,227.6,38.6,27.7,0.357
Banana,8.56,30.9,32.5,216.2,20.658
Millets,5.79,184.1,28.1,179.2,0.804
Cotton,7.63,318.7,30.9,108.0,0.598
Mustard,11.27,260.2,34.1,3.0,0.305
Onion,8.75,188.6,41.2,71.6,5.198
Maize,8.76,107.1,25.0,19.8,2.092
Rice,17.34,323.1,24.3,99.2,1.957
Groundnut,18.0,336.3,29.2,8.5,0.658
Chickpea,8.89,175.5,26.9,174.0,0.685
Tomato,13.17,326.1,37.8,11.4,4.486
Onion,19.65,61.7,37.9,30.2,6.607
Groundnut,20.18,37.3,37.5,185.1,1.217
Rice,21.58,386.9,26.5,27.6,1.57
Maize,8.79,259.8,33.7,133.5,1.938
Cotton,10.05,130.9,34.6,149.8,0.907
Rice,8.18,345.1,28.2,33.7,1.978
Chickpea,19.13,224.0,27.4,117.7,0.622
Sugarcane,14.82,36.8,40.7,62.0,20.71
Onion,2.57,108.4,38.3,25.8,7.221
Mustard,5.05,154.5,35.7,211.0,0.479
Chickpea,2.46,172.6,36.4,166.5,0.526
Soybean,4.66,226.6,37.0,123.7,1.064
Cotton,3.67,255.1,14.3,35.1,0.386
Tomato,15.55,386.4,16.5,103.5,6.837
Groundnut,10.87,303.0,13.3,166.4,0.751
Mustard,14.78,63.4,20.9,37.8,0.877
Mustard,4.95,98.5,33.0,70.9,0.665
Banana,1.89,372.2,41.9,81.0,20.059
Soybean,19.06,78.4,26.6,43.0,0.99
Tomato,12.6,171.9,26.3,84.5,9.89
Potato,6.92,218.7,18.4,137.6,9.657
Wheat,22.36,378.6,22.9,207.5,1.197
Wheat,9.56,83.8,38.1,116.5,1.786
Cotton,20.33,343.1,31.2,86.8,0.592
Soybean,19.38,214.1,34.3,44.0,0.953
Onion,8.47,396.8,24.7,45.2,5.237
Tomato,24.98,323.9,26.4,146.5,8.142
Millets,3.69,74.7,23.8,82.5,1.061
Millets,15.64,306.9,38.1,90.1,0.617
Cotton,4.18,232.9,13.1,188.6,0.566
Soybean,10.3,21.4,35.7,104.2,0.989
Potato,19.1,152.0,31.4,159.7,9.572
Cotton,1.08,257.5,30.5,27.1,0.575
Onion,9.68,257.0,20.1,39.0,5.32
Soybean,24.68,296.2,13.1,84.6,0.793
Maize,15.1,204.2,28.1,66.9,2.071
Groundnut,17.91,109.9,24.7,203.9,1.419
Maize,8.76,180.6,19.5,161.2,2.235
Cotton,10.8,222.1,38.0,73.8,0.57
Sugarcane,23.53,119.2,33.8,144.1,29.881
Soybean,19.67,182.9,28.8,79.4,1.146
Millets,22.46,242.3,23.1,187.3,0.715
Cotton,4.24,377.5,23.5,87.0,0.526
Maize,14.62,184.2,40.1,72.8,1.598
Groundnut,5.88,379.0,37.4,171.1,0.807
Millets,1.35,84.9,24.1,174.2,1.17
Soybean,2.26,195.0,12.9,166.3,1.072
Rice,12.44,321.1,28.6,194.2,2.011
Sugarcane,1.05,348.4,31.7,202.2,34.582
Maize,24.68,394.1,20.0,12.9,1.284
Sugarcane,7.09,40.6,38.0,46.5,22.33
Groundnut,6.84,343.0,20.5,22.2,0.693
Mustard,8.07,175.0,30.2,140.0,0.436
Sugarcane,23.85,39.8,37.1,157.4,25.596
Maize,13.97,273.4,34.1,113.3,1.642
Potato,5.35,283.2,24.8,207.0,7.198
Millets,19.13,248.9,33.4,56.8,0.662
Rice,3.95,361.6,25.0,23.4,1.843
Onion,6.74,274.2,22.0,47.7,4.841
Soybean,9.08,40.1,18.8,99.2,1.127
Potato,23.01,149.8,38.0,105.3,8.01
Groundnut,13.73,61.3,24.7,148.5,1.403
Sugarcane,17.68,298.8,28.1,162.0,33.758
Cotton,12.97,284.3,12.4,6.4,0.275
Groundnut,7.7,254.7,15.1,169.3,0.85
Potato,14.5,392.1,27.5,115.9,5.372
Chickpea,23.1,349.3,36.3,218.7,0.433
Rice,19.26,62.5,31.0,157.9,1.887
Wheat,22.14,235.1,39.4,97.8,0.793
Sugarcane,22.52,330.0,14.6,96.5,21.971
Wheat,12.22,119.4,14.1,64.5,1.844
Banana,24.27,396.2,25.9,201.0,21.43
Wheat,7.09,302.2,41.7,184.8,0.851
Onion,0.52,163.2,31.6,30.5,7.129
Onion,22.34,286.5,30.3,49.7,4.685
Tomato,21.04,186.4,38.7,74.5,8.159
Tomato,22.25,198.0,25.8,208.0,11.7
Mustard,0.58,204.2,30.1,163.6,0.577
Millets,15.47,278.3,20.2,168.7,0.601
Potato,3.86,313.4,30.5,96.0,5.571
Groundnut,9.25,359.3,16.3,204.1,0.737
Wheat,0.66,79.1,13.6,169.9,2.15
Chickpea,21.34,362.8,37.2,110.6,0.451
Chickpea,9.01,147.3,41.7,177.5,0.581
Chickpea,7.16,173.3,14.4,183.7,0.743
Soybean,15.32,94.8,25.6,101.7,1.37
Groundnut,15.64,237.2,31.4,197.1,1.172
Rice,21.06,28.8,21.2,171.1,1.809
Sugarcane,16.94,341.8,16.8,86.4,24.515
Banana,7.61,315.0,17.6,163.3,22.233
Wheat,24.2,303.9,32.3,172.4,0.968
Banana,18.6,365.6,25.6,4.8,17.641
Sugarcane,15.85,337.2,14.7,94.0,23.036
Wheat,22.73,103.8,27.8,3.8,1.241
Cotton,4.84,74.4,23.1,13.5,0.725
Cotton,23.87,347.9,12.1,75.9,0.309
Rice,20.1,276.6,17.9,19.1,1.332
Cotton,21.16,261.0,19.4,122.6,0.506
Banana,10.93,294.0,19.8,5.2,17.253
Mustard,24.67,394.8,34.5,146.9,0.358
Sugarcane,12.28,296.3,29.0,197.3,31.321
Banana,8.02,368.0,17.3,46.8,18.1
Mustard,20.67,186.2,38.2,73.0,0.352
Soybean,19.19,113.9,15.7,30.5,1.01
Rice,1.49,272.1,35.0,164.4,2.327
Potato,11.27,393.2,14.7,166.6,6.722
Onion,15.92,72.8,37.2,16.8,7.606
Mustard,14.4,77.2,29.8,122.1,0.848
Mustard,3.59,73.1,19.3,190.4,1.052
Mustard,20.26,314.0,30.3,103.3,0.385
Rice,17.53,195.4,20.2,71.4,1.864
Sugarcane,1.59,186.6,41.3,207.6,33.059
Tomato,9.03,266.9,12.8,119.6,7.677
Chickpea,14.25,77.9,30.6,65.2,0.87
Wheat,2.8,171.1,28.5,90.7,1.292
Banana,18.15,274.6,26.3,56.6,21.464
Sugarcane,11.53,145.1,32.6,110.6,32.72
Onion,3.9,362.2,36.9,184.2,5.777
Rice,23.72,372.5,13.2,1.5,1.187
Chickpea,5.69,99.9,25.9,10.4,0.806
Cotton,2.29,342.7,27.7,201.3,0.629
Cotton,14.83,198.5,40.1,38.9,0.548
Potato,21.55,147.3,25.5,151.3,9.717
Maize,3.46,189.6,23.1,78.0,2.276
Groundnut,18.63,287.5,24.3,109.0,0.765
Onion,23.91,127.3,34.4,135.3,7.747
Mustard,19.21,176.1,21.9,95.1,0.508
Wheat,16.5,23.6,19.0,152.8,1.867
Potato,15.01,126.8,16.2,96.3,10.269
Chickpea,14.33,92.3,14.3,73.8,0.851
Groundnut,17.25,118.7,19.0,46.4,0.993
Sugarcane,7.08,157.7,29.3,183.0,35.748
Groundnut,7.91,269.5,25.0,166.6,1.025
Groundnut,7.52,166.3,12.9,94.5,0.922
Maize,10.45,181.7,21.9,22.7,1.651
Banana,5.68,217.9,35.1,161.4,29.171
Mustard,20.09,22.6,16.4,91.9,0.801
Soybean,13.29,358.7,34.5,209.3,0.933
Chickpea,2.96,326.3,40.0,150.2,0.462
Rice,2.84,387.3,14.7,198.2,1.744
Tomato,13.26,311.7,18.3,29.3,6.897
Millets,18.81,20.2,32.7,22.5,0.805
Onion,22.57,139.4,39.3,124.9,7.711
Cotton,21.35,134.1,30.3,119.7,0.886
Cotton,3.57,366.9,21.4,136.8,0.456
Sugarcane,2.48,131.0,14.5,202.7,28.821
Mustard,9.44,202.2,39.4,194.7,0.396
Banana,4.89,175.2,34.5,84.3,26.497
Cotton,8.85,63.1,31.0,190.2,0.926
Mustard,24.91,352.1,19.3,72.4,0.539
Wheat,16.47,304.9,27.9,27.0,0.882
Chickpea,11.97,122.4,13.5,195.7,0.897
Banana,3.01,366.0,37.9,85.9,22.094
Potato,19.96,238.2,36.9,106.0,6.099
Wheat,9.13,306.8,21.6,94.5,1.19
Onion,10.75,295.7,19.4,71.1,5.531
Potato,3.76,287.2,29.9,208.2,6.419
Sugarcane,14.52,121.3,18.0,115.1,28.951
Cotton,11.32,100.6,24.6,8.6,0.695
Soybean,14.14,273.4,33.4,148.3,0.968
Chickpea,22.21,167.6,32.0,26.5,0.459
Wheat,23.31,72.3,26.0,20.8,1.617
Potato,16.15,261.7,20.1,33.5,7.313
Millets,6.61,123.0,24.6,49.5,0.861
Maize,2.18,203.4,28.8,78.9,1.982
Potato,13.26,110.8,28.2,159.1,10.004
Soybean,1.9,133.1,39.8,58.8,1.171
Banana,1.6,306.4,22.1,168.2,23.857
Potato,22.98,329.5,16.5,199.5,6.356
Onion,20.21,218.1,17.3,151.8,6.124
Banana,10.56,299.0,27.5,121.1,23.713
Banana,9.35,325.0,31.0,151.0,26.618
Sugarcane,18.49,313.7,24.9,101.2,31.167
Tomato,14.21,162.8,13.7,47.4,8.776
Sugarcane,19.72,322.4,38.3,97.9,26.019
Banana,15.68,365.5,25.4,179.7,22.369
Mustard,10.96,192.4,25.0,58.0,0.424
Wheat,18.22,278.3,39.9,161.8,0.781
Tomato,1.27,215.0,35.4,87.6,8.454
Cotton,15.7,146.2,22.3,150.2,0.731
Soybean,14.03,36.5,28.4,204.1,1.161
Rice,12.36,314.4,24.9,79.2,1.805
Mustard,21.73,122.8,41.0,35.8,0.398
Mustard,17.65,349.4,17.6,71.5,0.509
Onion,13.16,244.4,17.6,60.9,5.2
Groundnut,3.19,21.6,23.7,127.4,1.294
Potato,8.69,345.5,33.4,139.3,5.484
Rice,11.89,391.7,32.1,179.4,2.101
Tomato,8.36,322.7,25.8,70.9,7.589
Soybean,24.96,183.5,16.9,141.2,1.097
Tomato,24.93,194.1,21.1,215.8,10.048
